Candidate,Cohort,Cell,C_rate,Direction,Ln_um,Lp_um,Rn_um,Rp_um,kn,kp,Positive_hysteresis,Initialization,Initial_SOC,Physical_note,Full_MAE_mV,Full_RMSE_mV,Full_Bias_mV,Center10_70_MAE_mV,Center10_70_RMSE_mV,Initial_voltage_error_mV,Q_end_exp_Ah,Q_end_model_Ah,Capacity_error_pct,Capacity_error_mAh
A Literature kinetics + Ai2020 L + SEM R,Old July BoL,6-5,0.5,Charge,76.5,68.0,3.7542,4.2387,9.648533212e-07,4.18e-07,True,rest,0.0008876376450980188,literature kn; measured R; provisional measured kp,32.99817761789776,40.6874404759098,-23.32793088739473,40.834978134533266,43.58019992520205,125.72925025886983,2.1426725,2.105967618952734,-1.7130420559962432,-36.7048810472661
A Literature kinetics + Ai2020 L + SEM R,Old July BoL,6-6,0.5,Charge,76.5,68.0,3.7542,4.2387,9.648533212e-07,4.18e-07,True,rest,0.0008876376450980188,literature kn; measured R; provisional measured kp,32.09600228829424,39.613713849564874,-21.82011873991376,39.25423400078855,42.09162238851559,119.22925025886988,2.1458557,2.105967618952734,-1.8588426541106988,-39.888081047265715
A Literature kinetics + Ai2020 L + SEM R,Old July BoL,6-8,0.5,Charge,76.5,68.0,3.7542,4.2387,9.648533212e-07,4.18e-07,True,rest,0.0008876376450980188,literature kn; measured R; provisional measured kp,30.629566519578457,38.17950322100878,-19.363686439326695,36.58931535299197,39.613205306237326,125.62925025886962,2.1492388,2.105967618952734,-2.0133258829714924,-43.271181047265905
A Literature kinetics + Ai2020 L + SEM R,Old July BoL,6-5,0.5,Discharge,76.5,68.0,3.7542,4.2387,9.648533212e-07,4.18e-07,True,rest,0.984252307280564,literature kn; measured R; provisional measured kp,29.34310912675513,35.28705292796475,24.5019213267694,18.83147264179394,20.724463388484708,-57.834165481484234,2.2897203,2.2939399294077045,0.18428580153237908,4.219629407704595
A Literature kinetics + Ai2020 L + SEM R,Old July BoL,6-6,0.5,Discharge,76.5,68.0,3.7542,4.2387,9.648533212e-07,4.18e-07,True,rest,0.984252307280564,literature kn; measured R; provisional measured kp,27.782194889034987,33.410602665641115,22.73558555306312,17.678721956461256,19.423456378645543,-57.73416548148358,2.2903671,2.2939399294077045,0.15599374474530417,3.5728294077044254
A Literature kinetics + Ai2020 L + SEM R,Old July BoL,6-8,0.5,Discharge,76.5,68.0,3.7542,4.2387,9.648533212e-07,4.18e-07,True,rest,0.984252307280564,literature kn; measured R; provisional measured kp,24.760203666608234,30.414654945854917,18.8448494519507,14.46725197562333,16.096571836344616,-60.83416548148435,2.2897484,2.2939399294077045,0.18305633089226733,4.191529407704397
A Literature kinetics + Ai2020 L + SEM R,Old July BoL,6-5,1.0,Charge,76.5,68.0,3.7542,4.2387,9.648533212e-07,4.18e-07,True,rest,0.0054316236198738,literature kn; measured R; provisional measured kp,36.41232442116932,48.66651520145166,-16.961241919856526,34.422612964231256,36.95608731780661,147.9457120264076,1.899352,1.8810879536873568,-0.9615935494128057,-18.26404631264311
A Literature kinetics + Ai2020 L + SEM R,Old July BoL,6-6,1.0,Charge,76.5,68.0,3.7542,4.2387,9.648533212e-07,4.18e-07,True,rest,0.0054316236198738,literature kn; measured R; provisional measured kp,34.41506253312682,47.50380384707951,-13.891269947805826,31.511126300940408,34.24249967184953,150.9457120264077,1.9087741,1.8810879536873568,-1.4504674132283757,-27.68614631264321
A Literature kinetics + Ai2020 L + SEM R,Old July BoL,6-8,1.0,Charge,76.5,68.0,3.7542,4.2387,9.648533212e-07,4.18e-07,True,rest,0.0054316236198738,literature kn; measured R; provisional measured kp,31.228458237449058,45.996649586125564,-8.558652451235412,26.431871386813498,29.12876514655876,158.94571202640773,1.9197487,1.8810879536873568,-2.0138441199435717,-38.660746312643155
A Literature kinetics + Ai2020 L + SEM R,Old July BoL,6-5,1.0,Discharge,76.5,68.0,3.7542,4.2387,9.648533212e-07,4.18e-07,True,rest,0.9839145344369091,literature kn; measured R; provisional measured kp,31.89388310914339,37.98769149931219,24.243851740685205,20.158989407333507,23.128781725919037,-91.84427197778166,2.2603984,2.268767676135314,0.3702566828623572,8.369276135313797
A Literature kinetics + Ai2020 L + SEM R,Old July BoL,6-6,1.0,Discharge,76.5,68.0,3.7542,4.2387,9.648533212e-07,4.18e-07,True,rest,0.9839145344369091,literature kn; measured R; provisional measured kp,29.694978408123504,35.78085891102379,21.454903002384913,17.930735193890943,20.81055300124171,-92.54427197778182,2.2609308,2.268767676135314,0.34662167171652525,7.836876135313808
A Literature kinetics + Ai2020 L + SEM R,Old July BoL,6-8,1.0,Discharge,76.5,68.0,3.7542,4.2387,9.648533212e-07,4.18e-07,True,rest,0.9839145344369091,literature kn; measured R; provisional measured kp,25.117221438989255,31.217043902589687,14.888534324556009,13.368566909732408,15.837434612963317,-95.84427197778123,2.2625206,2.268767676135314,0.27611134834810885,6.247076135313723
A Literature kinetics + Ai2020 L + SEM R,Old July BoL,6-5,2.0,Charge,76.5,68.0,3.7542,4.2387,9.648533212e-07,4.18e-07,True,rest,0.01154949766251652,literature kn; measured R; provisional measured kp,34.716083109334846,51.23473261280766,-7.365148514876816,25.25026679570904,28.043188003285223,155.79065228728962,1.4615742,1.4604240771614225,-0.07869069107661564,-1.1501228385775164
A Literature kinetics + Ai2020 L + SEM R,Old July BoL,6-6,2.0,Charge,76.5,68.0,3.7542,4.2387,9.648533212e-07,4.18e-07,True,rest,0.01154949766251652,literature kn; measured R; provisional measured kp,33.606135136649236,50.779410077655236,-5.425021298294755,23.578192670174055,26.260654479013017,156.0906522872898,1.4620776,1.4604240771614225,-0.11309405455479572,-1.653522838577448
A Literature kinetics + Ai2020 L + SEM R,Old July BoL,6-8,2.0,Charge,76.5,68.0,3.7542,4.2387,9.648533212e-07,4.18e-07,True,rest,0.01154949766251652,literature kn; measured R; provisional measured kp,30.21987853763556,52.34659997017254,3.925985095249777,17.229624800927166,19.290758312192306,177.19065228728948,1.5077586,1.4604240771614225,-3.139396640720705,-47.33452283857753
A Literature kinetics + Ai2020 L + SEM R,Old July BoL,6-5,2.0,Discharge,76.5,68.0,3.7542,4.2387,9.648533212e-07,4.18e-07,True,rest,0.9845900424834105,literature kn; measured R; provisional measured kp,17.588256480801775,21.629712017472844,8.098818179661198,16.457442133502628,16.96841506209226,-117.60231463262284,2.2148011,2.205421647996427,-0.42348958574983636,-9.379452003572819
A Literature kinetics + Ai2020 L + SEM R,Old July BoL,6-6,2.0,Discharge,76.5,68.0,3.7542,4.2387,9.648533212e-07,4.18e-07,True,rest,0.9845900424834105,literature kn; measured R; provisional measured kp,16.11013770893741,20.692178201436487,6.085218003722198,14.445830582607647,15.01877844162465,-117.80231463262237,2.2142754,2.205421647996427,-0.3998487271986569,-8.853752003572968
A Literature kinetics + Ai2020 L + SEM R,Old July BoL,6-8,2.0,Discharge,76.5,68.0,3.7542,4.2387,9.648533212e-07,4.18e-07,True,rest,0.9845900424834105,literature kn; measured R; provisional measured kp,10.946118971148241,20.456397066065172,-5.065928061049055,4.477444973242453,5.51449770141916,-125.7023146326226,2.2188985,2.205421647996427,-0.6073667634446933,-13.476852003572848
A Literature kinetics + Ai2020 L + SEM R,New September,6-1,0.5,Charge,76.5,68.0,3.7542,4.2387,9.648533212e-07,4.18e-07,True,rest,0.01673195175120065,literature kn; measured R; provisional measured kp,54.11604791484288,58.40505213162254,-51.37268207666135,64.96746087957533,66.5691530371679,88.06031976127571,2.027154,2.0688024687743685,2.0545290971662027,41.64846877436857
A Literature kinetics + Ai2020 L + SEM R,New September,6-2,0.5,Charge,76.5,68.0,3.7542,4.2387,9.648533212e-07,4.18e-07,True,rest,0.01673195175120065,literature kn; measured R; provisional measured kp,50.19984500562256,55.055996788826924,-47.41168010789355,61.5072834276433,63.280408669704,87.56031976127599,2.0443931,2.0688024687743685,1.1939665015680339,24.40936877436828
A Literature kinetics + Ai2020 L + SEM R,New September,6-1,0.5,Discharge,76.5,68.0,3.7542,4.2387,9.648533212e-07,4.18e-07,True,rest,0.9738284013796638,literature kn; measured R; provisional measured kp,69.02018940517459,81.10002606146806,67.99420730549896,54.72867121870464,57.02842928841367,-47.01462811360191,2.2358828,2.2693887231202567,1.498554536054241,33.505923120256575
A Literature kinetics + Ai2020 L + SEM R,New September,6-2,0.5,Discharge,76.5,68.0,3.7542,4.2387,9.648533212e-07,4.18e-07,True,rest,0.9738284013796638,literature kn; measured R; provisional measured kp,63.921055308571574,73.62946408242723,62.807745872396254,51.4254061462053,53.60378035070449,-48.214628113601776,2.2517154,2.2693887231202567,0.7848826330475246,17.6733231202566
A Literature kinetics + Ai2020 L + SEM R,New September,6-1,1.0,Charge,76.5,68.0,3.7542,4.2387,9.648533212e-07,4.18e-07,True,rest,0.029325838202759354,literature kn; measured R; provisional measured kp,66.49873734747501,68.96701466231518,-62.143499788470656,72.02773422988693,72.95515271851482,113.23197702865117,1.742599,1.8253129931569718,4.746587892967447,82.71399315697181
A Literature kinetics + Ai2020 L + SEM R,New September,6-2,1.0,Charge,76.5,68.0,3.7542,4.2387,9.648533212e-07,4.18e-07,True,rest,0.029325838202759354,literature kn; measured R; provisional measured kp,61.79218469971299,64.55505614805337,-57.51847596625683,67.5585768670343,68.66496169386899,112.53197702865103,1.7636914,1.8253129931569718,3.493898828160749,61.62159315697191
A Literature kinetics + Ai2020 L + SEM R,New September,6-1,1.0,Discharge,76.5,68.0,3.7542,4.2387,9.648533212e-07,4.18e-07,True,rest,0.9747912909488308,literature kn; measured R; provisional measured kp,79.13029360682027,90.25950223985691,77.16671445110815,65.09522339688213,67.62960627047782,-76.59660304907501,2.2078617,2.2472838665166623,1.7855360467851003,39.4221665166623
A Literature kinetics + Ai2020 L + SEM R,New September,6-2,1.0,Discharge,76.5,68.0,3.7542,4.2387,9.648533212e-07,4.18e-07,True,rest,0.9747912909488308,literature kn; measured R; provisional measured kp,74.95833326324649,84.77883739529273,72.8915053945947,61.97583068833711,64.42416330523037,-78.39660304907525,2.2213459,2.2472838665166623,1.1676689576649064,25.937966516662136
A Literature kinetics + Ai2020 L + SEM R,New September,6-1,2.0,Charge,76.5,68.0,3.7542,4.2387,9.648533212e-07,4.18e-07,True,rest,0.06262949898952147,literature kn; measured R; provisional measured kp,88.90758501166643,90.90956877482601,-84.82776765226278,97.00633419477276,97.29549718022038,107.2042850283994,1.0064489,1.348620068088576,33.99786795818207,342.17116808857594
A Literature kinetics + Ai2020 L + SEM R,New September,6-2,2.0,Charge,76.5,68.0,3.7542,4.2387,9.648533212e-07,4.18e-07,True,rest,0.06262949898952147,literature kn; measured R; provisional measured kp,84.27801472738618,86.21000468503388,-80.32444444246663,91.95203443633913,92.21963674394314,104.10428502839952,1.0281333,1.348620068088576,31.171713637577554,320.4867680885761
A Literature kinetics + Ai2020 L + SEM R,New September,6-1,2.0,Discharge,76.5,68.0,3.7542,4.2387,9.648533212e-07,4.18e-07,True,rest,0.9750320133411227,literature kn; measured R; provisional measured kp,79.7728652791498,82.69908823416664,77.70878925259751,76.42631176009772,77.03232493965916,-90.01939063455389,2.1344919,2.1830462168253093,2.274748235179965,48.55431682530931
A Literature kinetics + Ai2020 L + SEM R,New September,6-2,2.0,Discharge,76.5,68.0,3.7542,4.2387,9.648533212e-07,4.18e-07,True,rest,0.9750320133411227,literature kn; measured R; provisional measured kp,77.85630189398086,80.74805476822311,75.78340582394057,74.23187067258866,74.76814280429588,-88.11939063455387,2.1387107,2.1830462168253093,2.0730020579833193,44.335516825309455
B Legacy kn + Ai2020 L + SEM R,Old July BoL,6-5,0.5,Charge,76.5,68.0,3.7542,4.2387,7.4e-07,4.18e-07,True,rest,0.0008876376450980188,invalidated anode-Rct kn retained only as numerical comparator,29.986846685953548,37.60093223005773,-15.517024440968557,33.212531275030265,36.60614346136318,138.99685870000678,2.1426725,2.087515969577595,-2.574193229362178,-55.15653042240531
B Legacy kn + Ai2020 L + SEM R,Old July BoL,6-6,0.5,Charge,76.5,68.0,3.7542,4.2387,7.4e-07,4.18e-07,True,rest,0.0008876376450980188,invalidated anode-Rct kn retained only as numerical comparator,29.323121406265308,36.754261408067855,-14.007412299143539,31.69166292673101,35.17024958297286,132.49685870000684,2.1458557,2.087515969577595,-2.7187163807149255,-58.33973042240493
B Legacy kn + Ai2020 L + SEM R,Old July BoL,6-8,0.5,Charge,76.5,68.0,3.7542,4.2387,7.4e-07,4.18e-07,True,rest,0.0008876376450980188,invalidated anode-Rct kn retained only as numerical comparator,28.17963926928189,35.75739952290433,-11.541050002726884,29.168356741892048,32.79534692697741,138.89685870000656,2.1492388,2.087515969577595,-2.8718460890620956,-61.72283042240512
B Legacy kn + Ai2020 L + SEM R,Old July BoL,6-5,0.5,Discharge,76.5,68.0,3.7542,4.2387,7.4e-07,4.18e-07,True,rest,0.984252307280564,invalidated anode-Rct kn retained only as numerical comparator,24.685675332077498,30.3765750157701,17.013247575068437,13.66259176183697,15.437705806308292,-68.34533708995582,2.2897203,2.2928299860927983,0.1358107404121971,3.1096860927983805
B Legacy kn + Ai2020 L + SEM R,Old July BoL,6-6,0.5,Discharge,76.5,68.0,3.7542,4.2387,7.4e-07,4.18e-07,True,rest,0.984252307280564,invalidated anode-Rct kn retained only as numerical comparator,23.23043078552523,28.65827317266526,15.245483034048453,12.682633980222977,14.232229201283438,-68.24533708995517,2.2903671,2.2928299860927983,0.10753237298938718,2.462886092798211
B Legacy kn + Ai2020 L + SEM R,Old July BoL,6-8,0.5,Discharge,76.5,68.0,3.7542,4.2387,7.4e-07,4.18e-07,True,rest,0.984252307280564,invalidated anode-Rct kn retained only as numerical comparator,20.743861389969016,26.23253773644958,11.356114116854394,10.328240430308156,11.543606327165325,-71.34533708995593,2.2897484,2.2928299860927983,0.13458186466243116,3.081586092798183
B Legacy kn + Ai2020 L + SEM R,Old July BoL,6-5,1.0,Charge,76.5,68.0,3.7542,4.2387,7.4e-07,4.18e-07,True,rest,0.0054316236198738,invalidated anode-Rct kn retained only as numerical comparator,30.60833599700163,46.752488744299015,-5.80031106558118,24.18157842787388,26.97255417631287,161.401515693961,1.899352,1.8552928727524323,-2.3196925713384178,-44.059127247567666
B Legacy kn + Ai2020 L + SEM R,Old July BoL,6-6,1.0,Charge,76.5,68.0,3.7542,4.2387,7.4e-07,4.18e-07,True,rest,0.0054316236198738,invalidated anode-Rct kn retained only as numerical comparator,29.347719336079717,46.281130172844755,-2.735369136153413,21.697010732691588,24.567185592612546,164.4015156939611,1.9087741,1.8552928727524323,-2.801862580153815,-53.481227247567766
B Legacy kn + Ai2020 L + SEM R,Old July BoL,6-8,1.0,Charge,76.5,68.0,3.7542,4.2387,7.4e-07,4.18e-07,True,rest,0.0054316236198738,invalidated anode-Rct kn retained only as numerical comparator,27.270220539071943,46.04515628205179,2.6145046666627594,17.588321997784295,20.105089654903512,172.40151569396113,1.9197487,1.8552928727524323,-3.357513785401585,-64.45582724756771
B Legacy kn + Ai2020 L + SEM R,Old July BoL,6-5,1.0,Discharge,76.5,68.0,3.7542,4.2387,7.4e-07,4.18e-07,True,rest,0.9839145344369091,invalidated anode-Rct kn retained only as numerical comparator,26.14739527109155,32.54604570368687,13.88541884811507,13.692082245483046,16.126781802752152,-104.44463897557998,2.2603984,2.267073470242723,0.2953050330739367,6.675070242722736
B Legacy kn + Ai2020 L + SEM R,Old July BoL,6-6,1.0,Discharge,76.5,68.0,3.7542,4.2387,7.4e-07,4.18e-07,True,rest,0.9839145344369091,invalidated anode-Rct kn retained only as numerical comparator,24.567374387231144,30.88679384236954,11.095812904113746,12.447232085326998,14.407980519975839,-105.14463897558014,2.2609308,2.267073470242723,0.27168767141049815,6.1426702427227475
B Legacy kn + Ai2020 L + SEM R,Old July BoL,6-8,1.0,Discharge,76.5,68.0,3.7542,4.2387,7.4e-07,4.18e-07,True,rest,0.9839145344369091,invalidated anode-Rct kn retained only as numerical comparator,21.64108756736246,28.009324143885575,4.527487971368965,10.51291278105154,12.069762258469597,-108.44463897557955,2.2625206,2.267073470242723,0.20123000173888633,4.552870242722662
B Legacy kn + Ai2020 L + SEM R,Old July BoL,6-5,2.0,Charge,76.5,68.0,3.7542,4.2387,7.4e-07,4.18e-07,True,rest,0.01154949766251652,invalidated anode-Rct kn retained only as numerical comparator,29.40952804404013,51.80747343844096,5.708211952532865,15.968856340657203,17.806498980148138,169.35253542845174,1.4615742,1.4214884910532972,-2.7426393368672506,-40.08570894670282
B Legacy kn + Ai2020 L + SEM R,Old July BoL,6-6,2.0,Charge,76.5,68.0,3.7542,4.2387,7.4e-07,4.18e-07,True,rest,0.01154949766251652,invalidated anode-Rct kn retained only as numerical comparator,28.743797711288465,51.852121180261236,7.694866956191206,14.811370864181658,16.429642034678583,169.65253542845193,1.4620776,1.4214884910532972,-2.7761254906513004,-40.58910894670276
B Legacy kn + Ai2020 L + SEM R,Old July BoL,6-8,2.0,Charge,76.5,68.0,3.7542,4.2387,7.4e-07,4.18e-07,True,rest,0.01154949766251652,invalidated anode-Rct kn retained only as numerical comparator,27.76545378864189,55.69765739535696,17.089625060589228,11.247010026921581,13.180673883767488,190.7525354284516,1.5077586,1.4214884910532972,-5.721745440331286,-86.27010894670283
B Legacy kn + Ai2020 L + SEM R,Old July BoL,6-5,2.0,Discharge,76.5,68.0,3.7542,4.2387,7.4e-07,4.18e-07,True,rest,0.9845900424834105,invalidated anode-Rct kn retained only as numerical comparator,11.599023517634764,20.652696607316173,-3.6796726293619666,5.580403500300105,6.318098884084045,-130.96293660297232,2.2148011,2.2018810621314286,-0.5833498036718155,-12.92003786857121
B Legacy kn + Ai2020 L + SEM R,Old July BoL,6-6,2.0,Discharge,76.5,68.0,3.7542,4.2387,7.4e-07,4.18e-07,True,rest,0.9845900424834105,invalidated anode-Rct kn retained only as numerical comparator,10.818786705028288,20.835943771471115,-5.697895714668084,4.237586604057284,5.012301814337553,-131.16293660297185,2.2142754,2.2018810621314286,-0.559746898175871,-12.394337868571359
B Legacy kn + Ai2020 L + SEM R,Old July BoL,6-8,2.0,Discharge,76.5,68.0,3.7542,4.2387,7.4e-07,4.18e-07,True,rest,0.9845900424834105,invalidated anode-Rct kn retained only as numerical comparator,16.84044901093724,26.168762387597532,-16.84044901093724,8.12259048118256,9.126663215093199,-139.0629366029721,2.2188985,2.2018810621314286,-0.766931784782911,-17.01743786857124
B Legacy kn + Ai2020 L + SEM R,New September,6-1,0.5,Charge,76.5,68.0,3.7542,4.2387,7.4e-07,4.18e-07,True,rest,0.01673195175120065,invalidated anode-Rct kn retained only as numerical comparator,46.9630028852238,51.90865593634925,-43.32036257447492,57.361462375233316,59.213666211814086,100.33992367182121,2.027154,2.0503577429207933,1.1446462834492799,23.203742920793413
B Legacy kn + Ai2020 L + SEM R,New September,6-2,0.5,Charge,76.5,68.0,3.7542,4.2387,7.4e-07,4.18e-07,True,rest,0.01673195175120065,invalidated anode-Rct kn retained only as numerical comparator,43.07647778544062,48.755243925186214,-39.35477777582028,53.9012849233013,55.963548254191636,99.83992367182148,2.0443931,2.0503577429207933,0.29175616571945623,5.964642920793128
B Legacy kn + Ai2020 L + SEM R,New September,6-1,0.5,Discharge,76.5,68.0,3.7542,4.2387,7.4e-07,4.18e-07,True,rest,0.9738284013796638,invalidated anode-Rct kn retained only as numerical comparator,62.484085185211114,74.74334008498548,60.59215529922069,48.07579180754955,50.79569799411605,-57.22170086380096,2.2358828,2.268279486532555,1.448943859336217,32.396686532554675
B Legacy kn + Ai2020 L + SEM R,New September,6-2,0.5,Discharge,76.5,68.0,3.7542,4.2387,7.4e-07,4.18e-07,True,rest,0.9738284013796638,invalidated anode-Rct kn retained only as numerical comparator,57.42428697609145,67.17540974324622,55.3732121787761,44.77252673505019,47.379292313510604,-58.42170086380083,2.2517154,2.268279486532555,0.7356207863815604,16.5640865325547
B Legacy kn + Ai2020 L + SEM R,New September,6-1,1.0,Charge,76.5,68.0,3.7542,4.2387,7.4e-07,4.18e-07,True,rest,0.029325838202759354,invalidated anode-Rct kn retained only as numerical comparator,56.18936772710111,59.11609495704647,-50.74295150238173,60.80656067155674,61.93527587380006,126.28091488105797,1.742599,1.799563314602449,3.2689284570029593,56.964314602448994
B Legacy kn + Ai2020 L + SEM R,New September,6-2,1.0,Charge,76.5,68.0,3.7542,4.2387,7.4e-07,4.18e-07,True,rest,0.029325838202759354,invalidated anode-Rct kn retained only as numerical comparator,51.49840429484695,54.862285468715825,-46.118206472660496,56.3374033087041,57.69364961832308,125.58091488105782,1.7636914,1.799563314602449,2.033911068707887,35.871914602449095
B Legacy kn + Ai2020 L + SEM R,New September,6-1,1.0,Discharge,76.5,68.0,3.7542,4.2387,7.4e-07,4.18e-07,True,rest,0.9747912909488308,invalidated anode-Rct kn retained only as numerical comparator,69.97372255363999,81.6383428823507,66.86232758820671,55.24967796761892,58.37202744172212,-89.0788686597146,2.2078617,2.245590524519566,1.7088400292267374,37.72882451956594
B Legacy kn + Ai2020 L + SEM R,New September,6-2,1.0,Discharge,76.5,68.0,3.7542,4.2387,7.4e-07,4.18e-07,True,rest,0.9747912909488308,invalidated anode-Rct kn retained only as numerical comparator,65.84145642469575,76.11059270735545,62.57191225760724,52.1302852590739,55.1789635370483,-90.87886865971484,2.2213459,2.245590524519566,1.0914385066983836,24.24462451956577
B Legacy kn + Ai2020 L + SEM R,New September,6-1,2.0,Charge,76.5,68.0,3.7542,4.2387,7.4e-07,4.18e-07,True,rest,0.06262949898952147,invalidated anode-Rct kn retained only as numerical comparator,76.7002655091797,78.81518546099116,-71.68283512084689,83.90437045295423,84.24392521914676,120.55312335930957,1.0064489,1.310311956467198,30.191603018016888,303.8630564671978
B Legacy kn + Ai2020 L + SEM R,New September,6-2,2.0,Charge,76.5,68.0,3.7542,4.2387,7.4e-07,4.18e-07,True,rest,0.06262949898952147,invalidated anode-Rct kn retained only as numerical comparator,72.06557798764482,74.14819493074802,-67.18163576133794,78.85165576975095,79.16895251426807,117.45312335930969,1.0281333,1.310311956467198,27.44572678145898,282.178656467198
B Legacy kn + Ai2020 L + SEM R,New September,6-1,2.0,Discharge,76.5,68.0,3.7542,4.2387,7.4e-07,4.18e-07,True,rest,0.9750320133411227,invalidated anode-Rct kn retained only as numerical comparator,68.66910324073343,71.9408871651677,65.88488132356339,64.52929528010957,65.31902601062045,-103.34348944116468,2.1344919,2.1795528997441487,2.1110878773608217,45.060999744148674
B Legacy kn + Ai2020 L + SEM R,New September,6-2,2.0,Discharge,76.5,68.0,3.7542,4.2387,7.4e-07,4.18e-07,True,rest,0.9750320133411227,invalidated anode-Rct kn retained only as numerical comparator,66.78739740272184,70.00955288179262,63.9603894936468,62.33485419260052,63.040944369413225,-101.44348944116466,2.1387107,2.1795528997441487,1.9096645349999337,40.84219974414882
C Literature kinetics + gauge L + SEM R,Old July BoL,6-5,0.5,Charge,73.0,62.5,3.7542,4.2387,9.648533212e-07,4.18e-07,True,rest,0.0008876376450980188,direct gauge thickness; measured R,30.672535356136667,37.810600390317155,-17.612173223436425,34.99048335336579,38.13434266850454,127.8065521412004,2.1426725,2.083062247518975,-2.7820515025523096,-59.61025248102514
C Literature kinetics + gauge L + SEM R,Old July BoL,6-6,0.5,Charge,73.0,62.5,3.7542,4.2387,9.648533212e-07,4.18e-07,True,rest,0.0008876376450980188,direct gauge thickness; measured R,29.917948263427323,36.88568539999486,-16.102260009347045,33.413161788333426,36.67381425620901,121.30655214120046,2.1458557,2.083062247518975,-2.926266313295193,-62.793452481024744
C Literature kinetics + gauge L + SEM R,Old July BoL,6-8,0.5,Charge,73.0,62.5,3.7542,4.2387,9.648533212e-07,4.18e-07,True,rest,0.0008876376450980188,direct gauge thickness; measured R,28.635080747913072,35.73002053387756,-13.633488301541108,30.802876630443155,34.25889297124041,127.70655214120019,2.1492388,2.083062247518975,-3.0790693189153733,-66.17655248102494
C Literature kinetics + gauge L + SEM R,Old July BoL,6-5,0.5,Discharge,73.0,62.5,3.7542,4.2387,9.648533212e-07,4.18e-07,True,rest,0.984252307280564,direct gauge thickness; measured R,23.408382119102352,29.37613841177798,17.019796655625463,12.559413379555439,14.248240672194449,-59.88563228061672,2.2897203,2.2932366634031927,0.15357174425158934,3.516363403192724
C Literature kinetics + gauge L + SEM R,Old July BoL,6-6,0.5,Discharge,73.0,62.5,3.7542,4.2387,9.648533212e-07,4.18e-07,True,rest,0.984252307280564,direct gauge thickness; measured R,21.914394790707078,27.630271915641867,15.253094309017799,11.515402518551443,13.030966281127892,-59.78563228061606,2.2903671,2.2932366634031927,0.1252883611187287,2.8695634031925543
C Literature kinetics + gauge L + SEM R,Old July BoL,6-8,0.5,Discharge,73.0,62.5,3.7542,4.2387,9.648533212e-07,4.18e-07,True,rest,0.984252307280564,direct gauge thickness; measured R,19.398845561563192,25.15457551441369,11.362708396418471,9.116763035455373,10.236241824106745,-62.88563228061683,2.2897484,2.2932366634031927,0.1523426505371737,3.4882634031925264
C Literature kinetics + gauge L + SEM R,Old July BoL,6-5,1.0,Charge,73.0,62.5,3.7542,4.2387,9.648533212e-07,4.18e-07,True,rest,0.0054316236198738,direct gauge thickness; measured R,30.297627714440885,45.7738078420803,-5.269921470196092,23.33085737247068,26.19056991407133,151.76236652275765,1.899352,1.8337281623929533,-3.4550645487011677,-65.6238376070466
C Literature kinetics + gauge L + SEM R,Old July BoL,6-6,1.0,Charge,73.0,62.5,3.7542,4.2387,9.648533212e-07,4.18e-07,True,rest,0.0054316236198738,direct gauge thickness; measured R,29.110066159158006,45.339677506249785,-2.210198321735268,20.939923643423164,23.806489813749263,154.76236652275776,1.9087741,1.8337281623929533,-3.9316301288374924,-75.0459376070467
C Literature kinetics + gauge L + SEM R,Old July BoL,6-8,1.0,Charge,73.0,62.5,3.7542,4.2387,9.648533212e-07,4.18e-07,True,rest,0.0054316236198738,direct gauge thickness; measured R,27.10205559445689,45.165457839156794,3.1539215343238904,17.016504727320807,19.40723041258688,162.76236652275776,1.9197487,1.8337281623929533,-4.480822808060589,-86.02053760704665
C Literature kinetics + gauge L + SEM R,Old July BoL,6-5,1.0,Discharge,73.0,62.5,3.7542,4.2387,9.648533212e-07,4.18e-07,True,rest,0.9839145344369091,direct gauge thickness; measured R,19.39030443045116,24.682677417425673,7.180570331392691,9.575618119976284,10.599186398080692,-95.64190174067821,2.2603984,2.2657047907696666,0.23475466845430593,5.306390769666436
C Literature kinetics + gauge L + SEM R,Old July BoL,6-6,1.0,Discharge,73.0,62.5,3.7542,4.2387,9.648533212e-07,4.18e-07,True,rest,0.9839145344369091,direct gauge thickness; measured R,17.957432141636172,23.440352204973486,4.389496900827197,8.565914512183658,9.413184977516611,-96.34190174067837,2.2609308,2.2657047907696666,0.21115156508401084,4.773990769666447
C Literature kinetics + gauge L + SEM R,Old July BoL,6-8,1.0,Discharge,73.0,62.5,3.7542,4.2387,9.648533212e-07,4.18e-07,True,rest,0.9839145344369091,direct gauge thickness; measured R,15.355384759149837,21.99819628022463,-2.1825303758906567,7.15259431690541,9.579320402952996,-99.64190174067778,2.2625206,2.2657047907696666,0.14073643217508658,3.184190769666362
C Literature kinetics + gauge L + SEM R,Old July BoL,6-5,2.0,Charge,73.0,62.5,3.7542,4.2387,9.648533212e-07,4.18e-07,True,rest,0.01154949766251652,direct gauge thickness; measured R,25.4101214360513,52.06055761014879,16.410365795893995,9.508593349301862,10.92926408523842,162.3016683223728,1.4615742,1.322564595538542,-9.510950895374174,-139.00960446145794
C Literature kinetics + gauge L + SEM R,Old July BoL,6-6,2.0,Charge,73.0,62.5,3.7542,4.2387,9.648533212e-07,4.18e-07,True,rest,0.01154949766251652,direct gauge thickness; measured R,25.206101128195233,52.50480220882888,18.495462646506198,8.86469596213778,10.774637063788305,162.601668322373,1.4620776,1.322564595538542,-9.542106688554552,-139.51300446145785
C Literature kinetics + gauge L + SEM R,Old July BoL,6-8,2.0,Charge,73.0,62.5,3.7542,4.2387,9.648533212e-07,4.18e-07,True,rest,0.01154949766251652,direct gauge thickness; measured R,28.340028562934968,58.09058448880662,27.98303264794583,10.05383622019341,14.663298446588858,183.70166832237265,1.5077586,1.322564595538542,-12.282735741746587,-185.19400446145795
C Literature kinetics + gauge L + SEM R,Old July BoL,6-5,2.0,Discharge,73.0,62.5,3.7542,4.2387,9.648533212e-07,4.18e-07,True,rest,0.9845900424834105,direct gauge thickness; measured R,38.60575023918354,54.90991991341452,-38.60575023918354,18.899943416327034,22.55946501636132,-124.10241466057536,2.2148011,2.1024357985634956,-5.073381146347826,-112.36530143650425
C Literature kinetics + gauge L + SEM R,Old July BoL,6-6,2.0,Discharge,73.0,62.5,3.7542,4.2387,9.648533212e-07,4.18e-07,True,rest,0.9845900424834105,direct gauge thickness; measured R,40.709999334782815,56.508212882595274,-40.709999334782815,20.91155496722202,24.485718120852574,-124.3024146605749,2.2142754,2.1024357985634956,-5.050844237194,-111.8396014365044
C Literature kinetics + gauge L + SEM R,Old July BoL,6-8,2.0,Discharge,73.0,62.5,3.7542,4.2387,9.648533212e-07,4.18e-07,True,rest,0.9845900424834105,direct gauge thickness; measured R,51.65662508970056,65.37463340368166,-51.65662508970056,31.556129474907628,34.208905551844346,-132.20241466057513,2.2188985,2.1024357985634956,-5.248671871944763,-116.46270143650428
C Literature kinetics + gauge L + SEM R,New September,6-1,0.5,Charge,73.0,62.5,3.7542,4.2387,9.648533212e-07,4.18e-07,True,rest,0.01673195175120065,direct gauge thickness; measured R,48.389915086328195,53.20426052949298,-45.29279481094216,59.13865980876731,60.87212069446561,90.13168821398843,2.027154,2.045902252872155,0.9248558753876224,18.748252872155202
C Literature kinetics + gauge L + SEM R,New September,6-2,0.5,Charge,73.0,62.5,3.7542,4.2387,9.648533212e-07,4.18e-07,True,rest,0.01673195175120065,direct gauge thickness; measured R,44.45779419741147,50.00343861513911,-41.29457744544307,55.678482356835275,57.607708953214576,89.6316882139887,2.0443931,2.045902252872155,0.07381911395391216,1.5091528721549174
C Literature kinetics + gauge L + SEM R,New September,6-1,0.5,Discharge,73.0,62.5,3.7542,4.2387,9.648533212e-07,4.18e-07,True,rest,0.9738284013796638,direct gauge thickness; measured R,61.939531566038994,74.10392853083054,60.53100593501855,47.59307906945445,49.88025015452373,-49.062769689391494,2.2358828,2.268685730065438,1.4671131271029847,32.80293006543778
C Literature kinetics + gauge L + SEM R,New September,6-2,0.5,Discharge,73.0,62.5,3.7542,4.2387,9.648533212e-07,4.18e-07,True,rest,0.9738284013796638,direct gauge thickness; measured R,56.86701543639938,66.52331669110815,55.33295383109976,44.28981399695509,46.45983215324959,-50.26276968939136,2.2517154,2.268685730065438,0.7536622996599747,16.9703300654378
C Literature kinetics + gauge L + SEM R,New September,6-1,1.0,Charge,73.0,62.5,3.7542,4.2387,9.648533212e-07,4.18e-07,True,rest,0.029325838202759354,direct gauge thickness; measured R,55.08774711422106,58.15559332667313,-50.10885950641163,59.88626344347356,61.19855130930968,117.04195113330451,1.742599,1.778051886888571,2.0344833715944444,35.452886888571065
C Literature kinetics + gauge L + SEM R,New September,6-2,1.0,Charge,73.0,62.5,3.7542,4.2387,9.648533212e-07,4.18e-07,True,rest,0.029325838202759354,direct gauge thickness; measured R,50.29203073960502,53.933626220740145,-45.39052209281609,55.41710608062093,57.00766004430125,116.34195113330436,1.7636914,1.778051886888571,0.8142290022263059,14.360486888571167
C Literature kinetics + gauge L + SEM R,New September,6-1,1.0,Discharge,73.0,62.5,3.7542,4.2387,9.648533212e-07,4.18e-07,True,rest,0.9747912909488308,direct gauge thickness; measured R,62.933086349427796,72.76893032993104,60.23305128908697,50.156825000457054,52.40066601843162,-80.39192501643467,2.2078617,2.244222400948379,1.6468740296721966,36.36070094837906
C Literature kinetics + gauge L + SEM R,New September,6-2,1.0,Discharge,73.0,62.5,3.7542,4.2387,9.648533212e-07,4.18e-07,True,rest,0.9747912909488308,direct gauge thickness; measured R,58.75331229802319,67.20054337363435,55.90614758203983,47.03743229191203,49.19768539373813,-82.19192501643491,2.2213459,2.244222400948379,1.0298486583462259,22.876500948378897
C Literature kinetics + gauge L + SEM R,New September,6-1,2.0,Charge,73.0,62.5,3.7542,4.2387,9.648533212e-07,4.18e-07,True,rest,0.06262949898952147,direct gauge thickness; measured R,69.4915459239112,71.19439562066854,-64.77902348223148,75.44169143513015,75.63723637323395,113.7071309787352,1.0064489,1.2169681094087799,20.91702911183864,210.51920940877977
C Literature kinetics + gauge L + SEM R,New September,6-2,2.0,Charge,73.0,62.5,3.7542,4.2387,9.648533212e-07,4.18e-07,True,rest,0.06262949898952147,direct gauge thickness; measured R,64.6318053053109,66.30391562822128,-60.04883184518778,70.13266786482957,70.31568584879417,110.60713097873531,1.0281333,1.2169681094087799,18.36676327950665,188.83480940877996
C Literature kinetics + gauge L + SEM R,New September,6-1,2.0,Discharge,73.0,62.5,3.7542,4.2387,9.648533212e-07,4.18e-07,True,rest,0.9750320133411227,direct gauge thickness; measured R,36.265294027286544,38.31031672115511,28.972475464811065,40.73433998467756,40.94849849390465,-96.51821239948876,2.1344919,2.0817601569252595,-2.4704588044930267,-52.73174307474049
C Literature kinetics + gauge L + SEM R,New September,6-2,2.0,Discharge,73.0,62.5,3.7542,4.2387,9.648533212e-07,4.18e-07,True,rest,0.9750320133411227,direct gauge thickness; measured R,34.48751880862894,36.614733927879136,27.031049448591713,38.539898897168506,38.85868551510222,-94.61821239948875,2.1387107,2.0817601569252595,-2.66284463227029,-56.950543074740345
D Legacy kn + gauge L + SEM R,Old July BoL,6-5,0.5,Charge,73.0,62.5,3.7542,4.2387,7.4e-07,4.18e-07,True,rest,0.0008876376450980188,best-new-data geometry with non-anchored kn,28.188105355421975,35.67421924690915,-9.757849827141417,27.66424414105837,31.28959352242099,141.07488675319456,2.1426725,2.0646353734857876,-3.64204639366084,-78.03712651421257
D Legacy kn + gauge L + SEM R,Old July BoL,6-6,0.5,Charge,73.0,62.5,3.7542,4.2387,7.4e-07,4.18e-07,True,rest,0.0008876376450980188,best-new-data geometry with non-anchored kn,27.62202474185443,35.029206682204155,-8.246234898349725,26.252161684738745,29.9087752620208,134.57488675319462,2.1458557,2.0646353734857876,-3.784985472891406,-81.22032651421219
D Legacy kn + gauge L + SEM R,Old July BoL,6-8,0.5,Charge,73.0,62.5,3.7542,4.2387,7.4e-07,4.18e-07,True,rest,0.0008876376450980188,best-new-data geometry with non-anchored kn,26.66057062660838,34.394202716769676,-5.768364704554599,23.937706511236108,27.655178757448542,140.97488675319437,2.1492388,2.0646353734857876,-3.936436775392868,-84.60342651421237
D Legacy kn + gauge L + SEM R,Old July BoL,6-5,0.5,Discharge,73.0,62.5,3.7542,4.2387,7.4e-07,4.18e-07,True,rest,0.984252307280564,best-new-data geometry with non-anchored kn,19.94646931641942,25.62551897716872,9.623325765633712,9.245347544225652,10.367534474533247,-70.40641356529508,2.2897203,2.292078839192351,0.10300555890389103,2.3585391923508503
D Legacy kn + gauge L + SEM R,Old July BoL,6-6,0.5,Discharge,73.0,62.5,3.7542,4.2387,7.4e-07,4.18e-07,True,rest,0.984252307280564,best-new-data geometry with non-anchored kn,18.62779503940556,24.170367032029723,7.855088428342651,8.486858193165315,9.507615261180923,-70.30641356529443,2.2903671,2.292078839192351,0.07473645566907947,1.7117391923506808
D Legacy kn + gauge L + SEM R,Old July BoL,6-8,0.5,Discharge,73.0,62.5,3.7542,4.2387,7.4e-07,4.18e-07,True,rest,0.984252307280564,best-new-data geometry with non-anchored kn,16.746926226155164,22.600076662266087,3.9661723470158425,7.102620386051467,8.567421882788128,-73.4064135652952,2.2897484,2.292078839192351,0.10177708574228735,2.330439192350653
D Legacy kn + gauge L + SEM R,Old July BoL,6-5,1.0,Charge,73.0,62.5,3.7542,4.2387,7.4e-07,4.18e-07,True,rest,0.0054316236198738,best-new-data geometry with non-anchored kn,26.850332976178574,46.55734012778526,5.939925012403344,15.494404932713483,17.669597041175265,165.21922754210027,1.899352,1.8078482236403217,-4.817631295287983,-91.50377635967821
D Legacy kn + gauge L + SEM R,Old July BoL,6-6,1.0,Charge,73.0,62.5,3.7542,4.2387,7.4e-07,4.18e-07,True,rest,0.0054316236198738,best-new-data geometry with non-anchored kn,26.461911136619406,46.85886312063712,8.992425020070955,14.204186463926522,16.218481999992953,168.21922754210038,1.9087741,1.8078482236403217,-5.2874709668199245,-100.92587635967831
D Legacy kn + gauge L + SEM R,Old July BoL,6-8,1.0,Charge,73.0,62.5,3.7542,4.2387,7.4e-07,4.18e-07,True,rest,0.0054316236198738,best-new-data geometry with non-anchored kn,25.864221006178667,47.96719515758029,14.373043885016628,12.17967861336666,14.112894831497995,176.21922754210038,1.9197487,1.8078482236403217,-5.828912730071298,-111.90047635967827
D Legacy kn + gauge L + SEM R,Old July BoL,6-5,1.0,Discharge,73.0,62.5,3.7542,4.2387,7.4e-07,4.18e-07,True,rest,0.9839145344369091,best-new-data geometry with non-anchored kn,17.146465402898343,24.21219027859929,-2.9689442195110165,8.458683775716041,11.350124511007534,-108.24963745570048,2.2603984,2.263886054547909,0.1542937982927701,3.4876545479090026
D Legacy kn + gauge L + SEM R,Old July BoL,6-6,1.0,Discharge,73.0,62.5,3.7542,4.2387,7.4e-07,4.18e-07,True,rest,0.9839145344369091,best-new-data geometry with non-anchored kn,16.44752253018921,24.137698059075117,-5.760745590320006,8.617201675714846,12.393539234967033,-108.94963745570064,2.2609308,2.263886054547909,0.13070964170637217,2.955254547909014
D Legacy kn + gauge L + SEM R,Old July BoL,6-8,1.0,Discharge,73.0,62.5,3.7542,4.2387,7.4e-07,4.18e-07,True,rest,0.9839145344369091,best-new-data geometry with non-anchored kn,17.934220126332164,25.503781797559423,-12.334860057375533,13.701704746296395,16.586691264495695,-112.24963745570005,2.2625206,2.263886054547909,0.06035103273353305,1.3654545479089286
D Legacy kn + gauge L + SEM R,Old July BoL,6-5,2.0,Charge,73.0,62.5,3.7542,4.2387,7.4e-07,4.18e-07,True,rest,0.01154949766251652,best-new-data geometry with non-anchored kn,29.63057722373665,58.349203314522455,29.63057722373665,11.071734087313548,15.209822842050412,175.86460250697743,1.4615742,1.2828940881832729,-12.225182396947561,-178.68011181672716
D Legacy kn + gauge L + SEM R,Old July BoL,6-6,2.0,Charge,73.0,62.5,3.7542,4.2387,7.4e-07,4.18e-07,True,rest,0.01154949766251652,best-new-data geometry with non-anchored kn,31.741639329458398,59.22033854104975,31.741639329458398,13.240057043040043,16.83509360573271,176.16460250697764,1.4620776,1.2828940881832729,-12.255403667816749,-179.1835118167271
D Legacy kn + gauge L + SEM R,Old July BoL,6-8,2.0,Charge,73.0,62.5,3.7542,4.2387,7.4e-07,4.18e-07,True,rest,0.01154949766251652,best-new-data geometry with non-anchored kn,41.26058896881293,66.21505665059382,41.26058896881293,22.157074428680755,24.63468826955478,197.2646025069773,1.5077586,1.2828940881832729,-14.913827174769697,-224.86451181672717
D Legacy kn + gauge L + SEM R,Old July BoL,6-5,2.0,Discharge,73.0,62.5,3.7542,4.2387,7.4e-07,4.18e-07,True,rest,0.9845900424834105,best-new-data geometry with non-anchored kn,49.48037988739115,61.956174826372965,-49.48037988739115,30.55617584216666,32.673558030960415,-137.46729585195183,2.2148011,2.0970546268777737,-5.31634525205113,-117.74647312222619
D Legacy kn + gauge L + SEM R,Old July BoL,6-6,2.0,Discharge,73.0,62.5,3.7542,4.2387,7.4e-07,4.18e-07,True,rest,0.9845900424834105,best-new-data geometry with non-anchored kn,51.58731164670695,63.73759854396735,-51.58731164670695,32.567787393061636,34.70440839587487,-137.66729585195137,2.2142754,2.0970546268777737,-5.29386602597971,-117.22077312222635
D Legacy kn + gauge L + SEM R,Old July BoL,6-8,2.0,Discharge,73.0,62.5,3.7542,4.2387,7.4e-07,4.18e-07,True,rest,0.9845900424834105,best-new-data geometry with non-anchored kn,62.525442904049726,73.31123951968307,-62.525442904049726,43.212361900747254,44.970962595483094,-145.5672958519516,2.2188985,2.0970546268777737,-5.49118732209816,-121.84387312222623
D Legacy kn + gauge L + SEM R,New September,6-1,0.5,Charge,73.0,62.5,3.7542,4.2387,7.4e-07,4.18e-07,True,rest,0.01673195175120065,best-new-data geometry with non-anchored kn,41.28174701452823,46.95050452946761,-37.159217128318275,51.4366990107507,53.46810281179866,102.4145029550847,2.027154,2.0274843075046656,0.016294149564644436,0.33030750466567227
D Legacy kn + gauge L + SEM R,New September,6-2,0.5,Charge,73.0,62.5,3.7542,4.2387,7.4e-07,4.18e-07,True,rest,0.01673195175120065,best-new-data geometry with non-anchored kn,37.98725746586214,44.198915884752104,-33.4903968091059,47.97652155881867,50.25384684959172,101.91450295508497,2.0443931,2.0274843075046656,-0.8270812739161862,-16.908792495334612
D Legacy kn + gauge L + SEM R,New September,6-1,0.5,Discharge,73.0,62.5,3.7542,4.2387,7.4e-07,4.18e-07,True,rest,0.9738284013796638,best-new-data geometry with non-anchored kn,55.77744282019951,68.00563678124776,53.22232140113897,41.049138795209544,43.830003527510826,-59.28081754714931,2.2358828,2.2675282758694264,1.4153459147959915,31.64547586942623
D Legacy kn + gauge L + SEM R,New September,6-2,0.5,Discharge,73.0,62.5,3.7542,4.2387,7.4e-07,4.18e-07,True,rest,0.9738284013796638,best-new-data geometry with non-anchored kn,50.77470356592555,60.333810386136086,47.991128911383406,37.745873722710186,40.42449893895169,-60.48081754714918,2.2517154,2.2675282758694264,0.7022590807624381,15.812875869426257
D Legacy kn + gauge L + SEM R,New September,6-1,1.0,Charge,73.0,62.5,3.7542,4.2387,7.4e-07,4.18e-07,True,rest,0.029325838202759354,best-new-data geometry with non-anchored kn,44.81427728069656,48.80587363188279,-38.59308484886274,48.53900402424117,50.171422439779924,130.0946961940812,1.742599,1.7522246198563076,0.5523714782521745,9.62561985630761
D Legacy kn + gauge L + SEM R,New September,6-2,1.0,Charge,73.0,62.5,3.7542,4.2387,7.4e-07,4.18e-07,True,rest,0.029325838202759354,best-new-data geometry with non-anchored kn,40.372191083188625,45.04775044397031,-34.11972279116433,44.06984666138854,46.07624711514884,129.39469619408106,1.7636914,1.7522246198563076,-0.6501579666200272,-11.46678014369229
D Legacy kn + gauge L + SEM R,New September,6-1,1.0,Discharge,73.0,62.5,3.7542,4.2387,7.4e-07,4.18e-07,True,rest,0.9747912909488308,best-new-data geometry with non-anchored kn,54.44496847161969,64.79253570562977,50.14117075344683,40.46515506975759,43.43691835645145,-92.88258885517476,2.2078617,2.24240551733604,1.5645824797830383,34.54381733603995
D Legacy kn + gauge L + SEM R,New September,6-2,1.0,Discharge,73.0,62.5,3.7542,4.2387,7.4e-07,4.18e-07,True,rest,0.9747912909488308,best-new-data geometry with non-anchored kn,50.33595372080121,59.201756926154374,45.798633261139436,37.34576236121258,40.260595809340344,-94.682588855175,2.2213459,2.24240551733604,0.9480566415180895,21.059617336039782
D Legacy kn + gauge L + SEM R,New September,6-1,2.0,Charge,73.0,62.5,3.7542,4.2387,7.4e-07,4.18e-07,True,rest,0.06262949898952147,best-new-data geometry with non-anchored kn,57.310806788178894,59.44982511094623,-51.56811067226442,62.26324868097045,62.50244726684329,127.06042871377488,1.0064489,1.1781127681589119,17.05639185048657,171.66386815891178
D Legacy kn + gauge L + SEM R,New September,6-2,2.0,Charge,73.0,62.5,3.7542,4.2387,7.4e-07,4.18e-07,True,rest,0.06262949898952147,best-new-data geometry with non-anchored kn,52.48915909283548,54.652898319395256,-46.840490263938406,56.95667386376383,57.18392962754079,123.960428713775,1.0281333,1.1781127681589119,14.587550870972855,149.97946815891194
D Legacy kn + gauge L + SEM R,New September,6-1,2.0,Discharge,73.0,62.5,3.7542,4.2387,7.4e-07,4.18e-07,True,rest,0.9750320133411227,best-new-data geometry with non-anchored kn,27.436980704505867,30.01899381521408,17.969122014462247,29.116977016105373,29.317483927400843,-109.84719467065452,2.1344919,2.076393245555152,-2.721896224804032,-58.09865444484785
D Legacy kn + gauge L + SEM R,New September,6-2,2.0,Discharge,73.0,62.5,3.7542,4.2387,7.4e-07,4.18e-07,True,rest,0.9750320133411227,best-new-data geometry with non-anchored kn,25.75380821908124,28.565354276307104,16.02675206970287,26.922535928596325,27.244778287325857,-107.9471946706545,2.1387107,2.076393245555152,-2.913786069562738,-62.31745444484771
E Literature kinetics + SEM L + SEM R,Old July BoL,6-5,0.5,Charge,81.52,62.965,3.7542,4.2387,9.648533212e-07,4.18e-07,True,rest,0.0008876376450980188,cross-section thickness; measured R,34.27247079171274,42.23823174404656,-26.126248952953155,43.66151942275451,46.24012469870766,124.83193980113016,2.1426725,2.1203412982141074,-1.0422125539900642,-22.331201785892763
E Literature kinetics + SEM L + SEM R,Old July BoL,6-6,0.5,Charge,81.52,62.965,3.7542,4.2387,9.648533212e-07,4.18e-07,True,rest,0.0008876376450980188,cross-section thickness; measured R,33.2322715791762,41.10301141677791,-24.619471745803903,42.08077528900979,44.74121349859391,118.33193980113022,2.1458557,2.1203412982141074,-1.1890082723592446,-25.51440178589237
E Literature kinetics + SEM L + SEM R,Old July BoL,6-8,0.5,Charge,81.52,62.965,3.7542,4.2387,9.648533212e-07,4.18e-07,True,rest,0.0008876376450980188,cross-section thickness; measured R,31.64095155055586,39.5527190028044,-22.170818892771095,39.41585664121322,42.23802066587361,124.73193980112995,2.1492388,2.1203412982141074,-1.344545882285978,-28.897501785892565
E Literature kinetics + SEM L + SEM R,Old July BoL,6-5,0.5,Discharge,81.52,62.965,3.7542,4.2387,9.648533212e-07,4.18e-07,True,rest,0.984252307280564,cross-section thickness; measured R,31.912564626433483,37.8766146008071,27.44227445172829,21.583800000023704,23.65387802735429,-56.948646688031346,2.2897203,2.29409224283759,0.19093785549222436,4.371942837590126
E Literature kinetics + SEM L + SEM R,Old July BoL,6-6,0.5,Discharge,81.52,62.965,3.7542,4.2387,9.648533212e-07,4.18e-07,True,rest,0.984252307280564,cross-section thickness; measured R,30.34046877370348,35.97088306238593,25.675536352984366,20.41286329221819,22.34014879620548,-56.84864668803069,2.2903671,2.29409224283759,0.16264392016414994,3.7251428375899565
E Literature kinetics + SEM L + SEM R,Old July BoL,6-8,0.5,Discharge,81.52,62.965,3.7542,4.2387,9.648533212e-07,4.18e-07,True,rest,0.984252307280564,cross-section thickness; measured R,27.26935081523062,32.836558956040484,21.78518633444521,17.123491839939742,18.944249052851003,-59.94864668803146,2.2897484,2.29409224283759,0.1897083032175032,4.3438428375899285
E Literature kinetics + SEM L + SEM R,Old July BoL,6-5,1.0,Charge,81.52,62.965,3.7542,4.2387,9.648533212e-07,4.18e-07,True,rest,0.0054316236198738,cross-section thickness; measured R,40.382822255030426,50.789074166603235,-22.482855428407436,39.70130407262111,41.89702285987189,146.34494960865797,1.899352,1.90951516193734,0.5350857522639366,10.163161937340126
E Literature kinetics + SEM L + SEM R,Old July BoL,6-6,1.0,Charge,81.52,62.965,3.7542,4.2387,9.648533212e-07,4.18e-07,True,rest,0.0054316236198738,cross-section thickness; measured R,37.77909564120664,49.20488074077066,-19.319606128666,36.64118471999379,39.100563952283636,149.34494960865808,1.9087741,1.90951516193734,0.03882397279699187,0.7410619373400262
E Literature kinetics + SEM L + SEM R,Old July BoL,6-8,1.0,Charge,81.52,62.965,3.7542,4.2387,9.648533212e-07,4.18e-07,True,rest,0.0054316236198738,cross-section thickness; measured R,33.86537845243067,47.139913413139325,-13.999098003699864,31.26534977474218,33.833342963362504,157.34494960865808,1.9197487,1.90951516193734,-0.5330665447336893,-10.23353806265992
E Literature kinetics + SEM L + SEM R,Old July BoL,6-5,1.0,Discharge,81.52,62.965,3.7542,4.2387,9.648533212e-07,4.18e-07,True,rest,0.9839145344369091,cross-section thickness; measured R,38.17320099812152,44.82583204992345,30.9862531082694,25.895482493452086,29.46237616087452,-90.25132831993244,2.2603984,2.2695141240121726,0.403279528607542,9.115724012172421
E Literature kinetics + SEM L + SEM R,Old July BoL,6-6,1.0,Discharge,81.52,62.965,3.7542,4.2387,9.648533212e-07,4.18e-07,True,rest,0.9839145344369091,cross-section thickness; measured R,35.930981857791004,42.47816446133797,28.197213190491233,23.598482032676042,27.084809753690166,-90.95132831993257,2.2609308,2.2695141240121726,0.37963674130019515,8.583324012172433
E Literature kinetics + SEM L + SEM R,Old July BoL,6-8,1.0,Discharge,81.52,62.965,3.7542,4.2387,9.648533212e-07,4.18e-07,True,rest,0.9839145344369091,cross-section thickness; measured R,30.941448145202752,37.4430162831915,21.629617210654068,18.38452847402901,21.812587564782937,-94.25132831993199,2.2625206,2.2695141240121726,0.3091032193109025,6.993524012172347
E Literature kinetics + SEM L + SEM R,Old July BoL,6-5,2.0,Charge,81.52,62.965,3.7542,4.2387,9.648533212e-07,4.18e-07,True,rest,0.01154949766251652,cross-section thickness; measured R,41.23071964438513,54.22247488462733,-16.428912942957112,34.312322940454656,36.36632051372506,153.23748379894386,1.4615742,1.5292539954356514,4.630609615006299,67.67979543565139
E Literature kinetics + SEM L + SEM R,Old July BoL,6-6,2.0,Charge,81.52,62.965,3.7542,4.2387,9.648533212e-07,4.18e-07,True,rest,0.01154949766251652,cross-section thickness; measured R,39.90037981698988,53.48475393650082,-14.492728582533676,32.380913752200684,34.5303084877917,153.53748379894404,1.4620776,1.5292539954356514,4.594584817909218,67.17639543565146
E Literature kinetics + SEM L + SEM R,Old July BoL,6-8,2.0,Charge,81.52,62.965,3.7542,4.2387,9.648533212e-07,4.18e-07,True,rest,0.01154949766251652,cross-section thickness; measured R,34.34775686526699,52.6810288478501,-5.321443394462084,23.814382382471152,26.2302277508152,174.63748379894372,1.5077586,1.5292539954356514,1.4256523183254517,21.495395435651375
E Literature kinetics + SEM L + SEM R,Old July BoL,6-5,2.0,Discharge,81.52,62.965,3.7542,4.2387,9.648533212e-07,4.18e-07,True,rest,0.9845900424834105,cross-section thickness; measured R,36.627369169797255,40.498369200157725,29.768524036218892,30.62969799655334,32.459800146447016,-115.05261831401992,2.2148011,2.215579091833277,0.03512693908618214,0.7779918332770919
E Literature kinetics + SEM L + SEM R,Old July BoL,6-6,2.0,Discharge,81.52,62.965,3.7542,4.2387,9.648533212e-07,4.18e-07,True,rest,0.9845900424834105,cross-section thickness; measured R,34.981278644777355,38.870301309202056,27.772218743070756,28.618086445658367,30.443852049346667,-115.25261831401946,2.2142754,2.215579091833277,0.05887667962516962,1.3036918332769432
E Literature kinetics + SEM L + SEM R,Old July BoL,6-8,2.0,Discharge,81.52,62.965,3.7542,4.2387,9.648533212e-07,4.18e-07,True,rest,0.9845900424834105,cross-section thickness; measured R,25.956379338684265,31.023441728316456,16.586214722704835,18.266538673323854,20.516788970670444,-123.15261831401969,2.2188985,2.215579091833277,-0.1495971161692586,-3.319408166722937
E Literature kinetics + SEM L + SEM R,New September,6-1,0.5,Charge,81.52,62.965,3.7542,4.2387,9.648533212e-07,4.18e-07,True,rest,0.01673195175120065,cross-section thickness; measured R,56.93155518127351,60.98958204877304,-54.33298774149771,67.76857437916333,69.3161798484255,87.16714004850479,2.027154,2.083175874266497,2.7635726869540895,56.02187426649729
E Literature kinetics + SEM L + SEM R,New September,6-2,0.5,Charge,81.52,62.965,3.7542,4.2387,9.648533212e-07,4.18e-07,True,rest,0.01673195175120065,cross-section thickness; measured R,53.03484970095249,57.58728061561667,-50.39774735636652,64.3083969272313,66.01796916988665,86.66714004850506,2.0443931,2.083175874266497,1.8970311661928914,38.782774266497015
E Literature kinetics + SEM L + SEM R,New September,6-1,0.5,Discharge,81.52,62.965,3.7542,4.2387,9.648533212e-07,4.18e-07,True,rest,0.9738284013796638,cross-section thickness; measured R,71.90376861937918,83.9474597911753,70.9505594567364,57.65412778381858,60.07838483437941,-46.13158148477936,2.2358828,2.2695405916434335,1.5053468653828053,33.6577916434333
E Literature kinetics + SEM L + SEM R,New September,6-2,0.5,Discharge,81.52,62.965,3.7542,4.2387,9.648533212e-07,4.18e-07,True,rest,0.9738284013796638,cross-section thickness; measured R,66.78603339674791,76.51878784122869,65.7545206878809,54.35086271131922,56.65307585469946,-47.33158148477923,2.2517154,2.2695405916434335,0.7916272031284826,17.825191643433325
E Literature kinetics + SEM L + SEM R,New September,6-1,1.0,Charge,81.52,62.965,3.7542,4.2387,9.648533212e-07,4.18e-07,True,rest,0.029325838202759354,cross-section thickness; measured R,71.66630889931028,73.96468959076628,-67.5489579889841,77.38986373419378,78.2015376136638,111.63604732505794,1.742599,1.853682189284955,6.374569782546362,111.08318928495508
E Literature kinetics + SEM L + SEM R,New September,6-2,1.0,Charge,81.52,62.965,3.7542,4.2387,9.648533212e-07,4.18e-07,True,rest,0.029325838202759354,cross-section thickness; measured R,67.012768461538,69.51886390497702,-62.98032394352753,72.92070637134114,73.88315402554481,110.9360473250578,1.7636914,1.853682189284955,5.102411299672674,89.99078928495518
E Literature kinetics + SEM L + SEM R,New September,6-1,1.0,Discharge,81.52,62.965,3.7542,4.2387,9.648533212e-07,4.18e-07,True,rest,0.9747912909488308,cross-section thickness; measured R,85.80079394279899,97.66541057226503,83.9073056514157,71.11372112307988,74.13146085743158,-75.00545785429757,2.2078617,2.2480281962963407,1.8192487462570965,40.16649629634061
E Literature kinetics + SEM L + SEM R,New September,6-2,1.0,Discharge,81.52,62.965,3.7542,4.2387,9.648533212e-07,4.18e-07,True,rest,0.9747912909488308,cross-section thickness; measured R,81.61820726847832,92.19734892211437,79.62727691871962,67.99432841453486,70.92893844353479,-76.80545785429783,2.2213459,2.2480281962963407,1.2011770114839135,26.682296296340446
E Literature kinetics + SEM L + SEM R,New September,6-1,2.0,Charge,81.52,62.965,3.7542,4.2387,9.648533212e-07,4.18e-07,True,rest,0.06262949898952147,cross-section thickness; measured R,95.86742624223147,97.89565876295386,-91.96779230997541,104.33117158113495,104.59541057474775,104.65753363504416,1.0064489,1.4146885928757917,40.56238651319422,408.23969287579166
E Literature kinetics + SEM L + SEM R,New September,6-2,2.0,Charge,81.52,62.965,3.7542,4.2387,9.648533212e-07,4.18e-07,True,rest,0.06262949898952147,cross-section thickness; measured R,91.27616366308843,93.22958180980925,-87.50343339579904,99.3231612128338,99.5678594251918,101.55753363504428,1.0281333,1.4146885928757917,37.59777967271285,386.55529287579185
E Literature kinetics + SEM L + SEM R,New September,6-1,2.0,Discharge,81.52,62.965,3.7542,4.2387,9.648533212e-07,4.18e-07,True,rest,0.9750320133411227,cross-section thickness; measured R,100.42556478776481,107.63229310293599,98.37505809586452,90.82463887886391,92.68923684862958,-87.47086021572414,2.1344919,2.1931011090980324,2.745815484145541,58.60920909803235
E Literature kinetics + SEM L + SEM R,New September,6-2,2.0,Discharge,81.52,62.965,3.7542,4.2387,9.648533212e-07,4.18e-07,True,rest,0.9750320133411227,cross-section thickness; measured R,98.61094512580814,105.83750608632478,96.54689430347449,88.63019779135485,90.38904587216162,-85.57086021572414,2.1387107,2.1931011090980324,2.543140084258825,54.3904090980325
F Legacy kn + SEM L + SEM R,Old July BoL,6-5,0.5,Charge,81.52,62.965,3.7542,4.2387,7.4e-07,4.18e-07,True,rest,0.0008876376450980188,best-old-capacity geometry with non-anchored kn,30.880769144681082,38.777933966955274,-18.38740220044569,36.1128238307994,39.27929220728901,138.0990116829719,2.1426725,2.1014333210491967,-1.9246608593148757,-41.239178950803534
F Legacy kn + SEM L + SEM R,Old July BoL,6-6,0.5,Charge,81.52,62.965,3.7542,4.2387,7.4e-07,4.18e-07,True,rest,0.0008876376450980188,best-old-capacity geometry with non-anchored kn,30.171007624984284,37.843490618316466,-16.879003909359266,34.53662081150801,37.823730310458956,131.59901168297193,2.1458557,2.1014333210491967,-2.0701475383830865,-44.42237895080314
F Legacy kn + SEM L + SEM R,Old July BoL,6-8,0.5,Charge,81.52,62.965,3.7542,4.2387,7.4e-07,4.18e-07,True,rest,0.0008876376450980188,best-old-capacity geometry with non-anchored kn,28.9570026316386,36.685053159115405,-14.420194118954168,31.936049360341297,35.40436606473619,137.99901168297168,2.1492388,2.1014333210491967,-2.2242981538767745,-47.805478950803334
F Legacy kn + SEM L + SEM R,Old July BoL,6-5,0.5,Discharge,81.52,62.965,3.7542,4.2387,7.4e-07,4.18e-07,True,rest,0.984252307280564,best-old-capacity geometry with non-anchored kn,26.97896770948081,32.60085879886424,19.837974647101056,16.032157972395233,18.04358635757436,-67.4527479072795,2.2897203,2.2929968056343775,0.14309632641058978,3.2765056343775356
F Legacy kn + SEM L + SEM R,Old July BoL,6-6,0.5,Discharge,81.52,62.965,3.7542,4.2387,7.4e-07,4.18e-07,True,rest,0.984252307280564,best-old-capacity geometry with non-anchored kn,25.48943545235968,30.822501143753403,18.0698170172719,14.99754822217262,16.792977665470094,-67.35274790727885,2.2903671,2.2929968056343775,0.11481590153724117,2.629705634377366
F Legacy kn + SEM L + SEM R,Old July BoL,6-8,0.5,Discharge,81.52,62.965,3.7542,4.2387,7.4e-07,4.18e-07,True,rest,0.984252307280564,best-old-capacity geometry with non-anchored kn,22.82104589366344,28.16730210546243,14.180825492623146,12.350827724817808,13.845223446225933,-70.45274790727962,2.2897484,2.2929968056343775,0.1418673612514518,3.248405634377338
F Legacy kn + SEM L + SEM R,Old July BoL,6-5,1.0,Charge,81.52,62.965,3.7542,4.2387,7.4e-07,4.18e-07,True,rest,0.0054316236198738,best-old-capacity geometry with non-anchored kn,33.00871036762979,47.64169793080802,-11.30666608800707,28.991551414743448,31.73480857609513,159.79993046459384,1.899352,1.883280290119495,-0.8461680552369961,-16.07170988050499
F Legacy kn + SEM L + SEM R,Old July BoL,6-6,1.0,Charge,81.52,62.965,3.7542,4.2387,7.4e-07,4.18e-07,True,rest,0.0054316236198738,best-old-capacity geometry with non-anchored kn,31.247675855339583,46.814616864974596,-8.236300583437115,26.262745531310088,29.134383225665204,162.79993046459396,1.9087741,1.883280290119495,-1.3356116829385463,-25.49380988050509
F Legacy kn + SEM L + SEM R,Old July BoL,6-8,1.0,Charge,81.52,62.965,3.7542,4.2387,7.4e-07,4.18e-07,True,rest,0.0054316236198738,best-old-capacity geometry with non-anchored kn,28.57485925658523,45.94602265387432,-2.905180008388177,21.564983957682152,24.239044342756937,170.79993046459396,1.9197487,1.883280290119495,-1.89964498376819,-36.468409880505035
F Legacy kn + SEM L + SEM R,Old July BoL,6-5,1.0,Discharge,81.52,62.965,3.7542,4.2387,7.4e-07,4.18e-07,True,rest,0.9839145344369091,best-old-capacity geometry with non-anchored kn,31.44464752998538,38.36245658152165,20.420332850171306,18.008657186437986,21.648003437730672,-102.84600425022904,2.2603984,2.2678771812799328,0.3308612003942589,7.4787812799326225
F Legacy kn + SEM L + SEM R,Old July BoL,6-6,1.0,Discharge,81.52,62.965,3.7542,4.2387,7.4e-07,4.18e-07,True,rest,0.9839145344369091,best-old-capacity geometry with non-anchored kn,29.588804961900145,36.40872218025119,17.63067274038303,16.32679487970566,19.61317297574252,-103.5460042502292,2.2609308,2.2678771812799328,0.30723546602720586,6.946381279932634
F Legacy kn + SEM L + SEM R,Old July BoL,6-8,1.0,Discharge,81.52,62.965,3.7542,4.2387,7.4e-07,4.18e-07,True,rest,0.9839145344369091,best-old-capacity geometry with non-anchored kn,25.930334041283896,32.59547724233582,11.061253564462286,13.231270277432191,15.803278287677065,-106.84600425022862,2.2625206,2.2678771812799328,0.23675281807080778,5.3565812799325485
F Legacy kn + SEM L + SEM R,Old July BoL,6-5,2.0,Charge,81.52,62.965,3.7542,4.2387,7.4e-07,4.18e-07,True,rest,0.01154949766251652,best-old-capacity geometry with non-anchored kn,33.19733046009569,51.9223867900351,-3.359675556334196,22.1906487116491,24.515578749264716,166.79847030766837,1.4615742,1.48891373058792,1.870553721317744,27.339530587920045
F Legacy kn + SEM L + SEM R,Old July BoL,6-6,2.0,Charge,81.52,62.965,3.7542,4.2387,7.4e-07,4.18e-07,True,rest,0.01154949766251652,best-old-capacity geometry with non-anchored kn,32.21514292959049,51.64385342784166,-1.423534843309635,20.67446957681909,22.843532285434186,167.09847030766855,1.4620776,1.48891373058792,1.835479224079496,26.836130587920117
F Legacy kn + SEM L + SEM R,Old July BoL,6-8,2.0,Charge,81.52,62.965,3.7542,4.2387,7.4e-07,4.18e-07,True,rest,0.01154949766251652,best-old-capacity geometry with non-anchored kn,28.820765080862348,53.45347395498729,7.794413236651933,14.607672234461637,16.187265110116353,188.19847030766823,1.5077586,1.48891373058792,-1.2498598523715911,-18.844869412079966
F Legacy kn + SEM L + SEM R,Old July BoL,6-5,2.0,Discharge,81.52,62.965,3.7542,4.2387,7.4e-07,4.18e-07,True,rest,0.9845900424834105,best-old-capacity geometry with non-anchored kn,27.395122519188952,32.865662234600656,17.527562339019127,18.881932351517047,21.52346711701378,-128.4096362110736,2.2148011,2.2126373727753723,-0.0976939746249694,-2.163727224627543
F Legacy kn + SEM L + SEM R,Old July BoL,6-6,2.0,Discharge,81.52,62.965,3.7542,4.2387,7.4e-07,4.18e-07,True,rest,0.9845900424834105,best-old-capacity geometry with non-anchored kn,25.897617027699443,31.609635523045917,15.524025921642158,17.07132823072636,19.624823654512213,-128.60963621107314,2.2142754,2.2126373727753723,-0.07397576763160046,-1.6380272246276917
F Legacy kn + SEM L + SEM R,Old July BoL,6-8,2.0,Discharge,81.52,62.965,3.7542,4.2387,7.4e-07,4.18e-07,True,rest,0.9845900424834105,best-old-capacity geometry with non-anchored kn,19.174121618195294,26.916048055812862,4.354866200844705,10.12592279709375,11.741232921647793,-136.50963621107337,2.2188985,2.2126373727753723,-0.28217276385682233,-6.261127224627572
F Legacy kn + SEM L + SEM R,New September,6-1,0.5,Charge,81.52,62.965,3.7542,4.2387,7.4e-07,4.18e-07,True,rest,0.01673195175120065,best-old-capacity geometry with non-anchored kn,49.789331232235384,54.451961543275125,-46.378501973923036,60.26618308143289,62.04215831024115,99.44438001060574,2.027154,2.064275801931397,1.8312275205237118,37.12180193139724
F Legacy kn + SEM L + SEM R,New September,6-2,0.5,Charge,81.52,62.965,3.7542,4.2387,7.4e-07,4.18e-07,True,rest,0.01673195175120065,best-old-capacity geometry with non-anchored kn,45.92149998727482,51.213965056670155,-42.43764048313102,56.80600562950087,58.77791564099027,98.94438001060601,2.0443931,2.064275801931397,0.9725478887302526,19.882701931396962
F Legacy kn + SEM L + SEM R,New September,6-1,0.5,Discharge,81.52,62.965,3.7542,4.2387,7.4e-07,4.18e-07,True,rest,0.9738284013796638,best-old-capacity geometry with non-anchored kn,65.18033797247155,77.43306540366738,63.43101252897518,50.86679450076829,53.69779232881886,-56.330577261871184,2.2358828,2.2684458058883163,1.4563825030684157,32.56300588831618
F Legacy kn + SEM L + SEM R,New September,6-2,0.5,Discharge,81.52,62.965,3.7542,4.2387,7.4e-07,4.18e-07,True,rest,0.9738284013796638,best-old-capacity geometry with non-anchored kn,60.096565014764764,69.9083204222487,58.20312270842485,47.56352942826894,50.280130094864695,-57.53057726187105,2.2517154,2.2684458058883163,0.743007126403106,16.730405888316202
F Legacy kn + SEM L + SEM R,New September,6-1,1.0,Charge,81.52,62.965,3.7542,4.2387,7.4e-07,4.18e-07,True,rest,0.029325838202759354,best-old-capacity geometry with non-anchored kn,61.44696157309767,64.0696377946086,-56.293522200379336,66.33165163903743,67.31205078111763,124.68203493148167,1.742599,1.8274866033297217,4.871321705666173,84.88760332972167
F Legacy kn + SEM L + SEM R,New September,6-2,1.0,Charge,81.52,62.965,3.7542,4.2387,7.4e-07,4.18e-07,True,rest,0.029325838202759354,best-old-capacity geometry with non-anchored kn,56.80343330652706,59.73717828481645,-51.72426886971655,61.86249427618482,63.03050057291018,123.98203493148152,1.7636914,1.8274866033297217,3.617140919875313,63.79520332972177
F Legacy kn + SEM L + SEM R,New September,6-1,1.0,Discharge,81.52,62.965,3.7542,4.2387,7.4e-07,4.18e-07,True,rest,0.9747912909488308,best-old-capacity geometry with non-anchored kn,76.36509397695735,88.75362962181566,73.39235976112384,61.067452642121474,64.67659413127144,-87.48124174982851,2.2078617,2.2463922283588134,1.7451513543087105,38.53052835881332
F Legacy kn + SEM L + SEM R,New September,6-2,1.0,Discharge,81.52,62.965,3.7542,4.2387,7.4e-07,4.18e-07,True,rest,0.9747912909488308,best-old-capacity geometry with non-anchored kn,72.21693535021348,83.23938906841829,69.09768931670807,57.94805993357645,61.487122569247234,-89.28124174982877,2.2213459,2.2463922283588134,1.1275294117324615,25.046328358813152
F Legacy kn + SEM L + SEM R,New September,6-1,2.0,Charge,81.52,62.965,3.7542,4.2387,7.4e-07,4.18e-07,True,rest,0.06262949898952147,best-old-capacity geometry with non-anchored kn,83.71968854452423,85.7835046337448,-78.91068070791817,91.33166107443131,91.63971732555609,118.00259977075056,1.0064489,1.3748661471161707,36.60565848064125,368.41724711617064
F Legacy kn + SEM L + SEM R,New September,6-2,2.0,Charge,81.52,62.965,3.7542,4.2387,7.4e-07,4.18e-07,True,rest,0.06262949898952147,best-old-capacity geometry with non-anchored kn,79.12700341912108,81.14055270931054,-74.44916907172117,86.32576408062866,86.61356316146016,114.90259977075068,1.0281333,1.3748661471161707,33.72450314722525,346.73284711617083
F Legacy kn + SEM L + SEM R,New September,6-1,2.0,Discharge,81.52,62.965,3.7542,4.2387,7.4e-07,4.18e-07,True,rest,0.9750320133411227,best-old-capacity geometry with non-anchored kn,88.93120251510703,96.70476200768152,86.14159941159127,78.67633173305208,80.88806382894956,-100.79083106644582,2.1344919,2.190161318517751,2.6080875976971893,55.66941851775109
F Legacy kn + SEM L + SEM R,New September,6-2,2.0,Discharge,81.52,62.965,3.7542,4.2387,7.4e-07,4.18e-07,True,rest,0.9750320133411227,best-old-capacity geometry with non-anchored kn,87.14549996139296,94.93451691946686,84.31302393171629,76.48189064554302,78.57787072705034,-98.8908310664458,2.1387107,2.190161318517751,2.405683878504523,51.45061851775124
G Literature kinetics + consensus L + SEM R,Old July BoL,6-5,0.5,Charge,76.5,62.7325,3.7542,4.2387,9.648533212e-07,4.18e-07,True,rest,0.0008876376450980188,Ln bracket center; Lp agreement of gauge and SEM; measured R,32.31692334576606,39.93206174467921,-22.084665731483454,39.5169014707936,42.32959943453461,126.2458092234131,2.1426725,2.1031666007368033,-1.8437675035824146,-39.50589926319692
G Literature kinetics + consensus L + SEM R,Old July BoL,6-6,0.5,Charge,76.5,62.7325,3.7542,4.2387,9.648533212e-07,4.18e-07,True,rest,0.0008876376450980188,Ln bracket center; Lp agreement of gauge and SEM; measured R,31.460957092203035,38.88541175934795,-20.57643431940714,37.9361573370489,40.845796876801785,119.74580922341316,2.1458557,2.1031666007368033,-1.9893741812740036,-42.689099263196525
G Literature kinetics + consensus L + SEM R,Old July BoL,6-8,0.5,Charge,76.5,62.7325,3.7542,4.2387,9.648533212e-07,4.18e-07,True,rest,0.0008876376450980188,Ln bracket center; Lp agreement of gauge and SEM; measured R,30.04440630149501,37.50404206198205,-18.118415068011572,35.271238689252314,38.37765856718128,126.1458092234129,2.1492388,2.1031666007368033,-2.143651941477919,-46.07219926319672
G Literature kinetics + consensus L + SEM R,Old July BoL,6-5,0.5,Discharge,76.5,62.7325,3.7542,4.2387,9.648533212e-07,4.18e-07,True,rest,0.984252307280564,Ln bracket center; Lp agreement of gauge and SEM; measured R,27.97238151969767,33.871566275534256,22.636441638254524,17.298712203545882,19.19625935231764,-58.34652220216352,2.2897203,2.2937089558340484,0.17419838720251135,3.9886558340485045
G Literature kinetics + consensus L + SEM R,Old July BoL,6-6,0.5,Discharge,76.5,62.7325,3.7542,4.2387,9.648533212e-07,4.18e-07,True,rest,0.984252307280564,Ln bracket center; Lp agreement of gauge and SEM; measured R,26.42668619497404,32.020576492059405,20.869843810952105,16.170124708323534,17.906254811804477,-58.246522202162865,2.2903671,2.2937089558340484,0.14590917910270082,3.341855834048335
G Literature kinetics + consensus L + SEM R,Old July BoL,6-8,0.5,Discharge,76.5,62.7325,3.7542,4.2387,9.648533212e-07,4.18e-07,True,rest,0.984252307280564,Ln bracket center; Lp agreement of gauge and SEM; measured R,23.4807777282425,29.131308971112546,16.979358015008046,13.08121762438318,14.675440379310222,-61.346522202163634,2.2897484,2.2937089558340484,0.172969040356063,3.960555834048307
G Literature kinetics + consensus L + SEM R,Old July BoL,6-5,1.0,Charge,76.5,62.7325,3.7542,4.2387,9.648533212e-07,4.18e-07,True,rest,0.0054316236198738,Ln bracket center; Lp agreement of gauge and SEM; measured R,34.59382890262632,47.63342199392033,-14.299733577719733,31.6982812207052,34.23438879769496,148.94809744879421,1.899352,1.8745795224068766,-1.304259431275682,-24.772477593123288
G Literature kinetics + consensus L + SEM R,Old July BoL,6-6,1.0,Charge,76.5,62.7325,3.7542,4.2387,9.648533212e-07,4.18e-07,True,rest,0.0054316236198738,Ln bracket center; Lp agreement of gauge and SEM; measured R,32.75397618020494,46.619274708214775,-11.230955126157514,28.84800893872607,31.557975375049296,151.94809744879433,1.9087741,1.8745795224068766,-1.7914418260978806,-34.194577593123384
G Literature kinetics + consensus L + SEM R,Old July BoL,6-8,1.0,Charge,76.5,62.7325,3.7542,4.2387,9.648533212e-07,4.18e-07,True,rest,0.0054316236198738,Ln bracket center; Lp agreement of gauge and SEM; measured R,29.78890744035688,45.39929773623204,-5.893912282080978,23.881546762729364,26.520032906896894,159.94809744879436,1.9197487,1.8745795224068766,-2.3528692892524594,-45.16917759312334
G Literature kinetics + consensus L + SEM R,Old July BoL,6-5,1.0,Discharge,76.5,62.7325,3.7542,4.2387,9.648533212e-07,4.18e-07,True,rest,0.9839145344369091,Ln bracket center; Lp agreement of gauge and SEM; measured R,29.13521203109635,35.3340586781127,20.370953857655,17.113003730304587,20.23356551728658,-92.8427340246989,2.2603984,2.2679413673411504,0.3337007910264947,7.542967341150231
G Literature kinetics + consensus L + SEM R,Old July BoL,6-6,1.0,Discharge,76.5,62.7325,3.7542,4.2387,9.648533212e-07,4.18e-07,True,rest,0.9839145344369091,Ln bracket center; Lp agreement of gauge and SEM; measured R,27.102828939781425,33.279951169805706,17.581251807615164,15.150193407268347,18.047132564399462,-93.54273402469903,2.2609308,2.2679413673411504,0.31007438799764425,7.010567341150242
G Literature kinetics + consensus L + SEM R,Old July BoL,6-8,1.0,Discharge,76.5,62.7325,3.7542,4.2387,9.648533212e-07,4.18e-07,True,rest,0.9839145344369091,Ln bracket center; Lp agreement of gauge and SEM; measured R,23.298536962696307,29.22284694870514,11.012625754989685,11.819241497152046,13.700753889630821,-96.84273402469844,2.2625206,2.2679413673411504,0.23958974522265813,5.420767341150157
G Literature kinetics + consensus L + SEM R,Old July BoL,6-5,2.0,Charge,76.5,62.7325,3.7542,4.2387,9.648533212e-07,4.18e-07,True,rest,0.01154949766251652,Ln bracket center; Lp agreement of gauge and SEM; measured R,30.52371856203047,49.97083863272478,-0.8252596502319193,19.249582292821618,21.53814441853455,157.67760786280593,1.4615742,1.43531414883234,-1.796696409095074,-26.26005116766006
G Literature kinetics + consensus L + SEM R,Old July BoL,6-6,2.0,Charge,76.5,62.7325,3.7542,4.2387,9.648533212e-07,4.18e-07,True,rest,0.01154949766251652,Ln bracket center; Lp agreement of gauge and SEM; measured R,29.54802477580968,49.753944370982694,1.145220634522766,17.726569738305813,19.813510497791206,157.9776078628061,1.4620776,1.43531414883234,-1.8305082553525198,-26.76345116765999
G Literature kinetics + consensus L + SEM R,Old July BoL,6-8,2.0,Charge,76.5,62.7325,3.7542,4.2387,9.648533212e-07,4.18e-07,True,rest,0.01154949766251652,Ln bracket center; Lp agreement of gauge and SEM; measured R,27.17339235946549,52.52897223035541,10.524830716299071,12.525711721014122,13.85111882023569,179.0776078628058,1.5077586,1.43531414883234,-4.804777844918946,-72.44445116766008
G Literature kinetics + consensus L + SEM R,Old July BoL,6-5,2.0,Discharge,76.5,62.7325,3.7542,4.2387,9.648533212e-07,4.18e-07,True,rest,0.9845900424834105,Ln bracket center; Lp agreement of gauge and SEM; measured R,13.96019551880553,20.721055166124604,-0.1611980443146811,8.987173005689433,9.781509132607825,-119.48613395211183,2.2148011,2.199202907256504,-0.7042705886093362,-15.598192743496053
G Literature kinetics + consensus L + SEM R,Old July BoL,6-6,2.0,Discharge,76.5,62.7325,3.7542,4.2387,9.648533212e-07,4.18e-07,True,rest,0.9845900424834105,Ln bracket center; Lp agreement of gauge and SEM; measured R,12.786480343528678,20.531015184349865,-2.1828579816714995,7.131218027448952,7.971905414579538,-119.68613395211136,2.2142754,2.199202907256504,-0.6806963914017291,-15.072492743496202
G Literature kinetics + consensus L + SEM R,Old July BoL,6-8,2.0,Discharge,76.5,62.7325,3.7542,4.2387,9.648533212e-07,4.18e-07,True,rest,0.9845900424834105,Ln bracket center; Lp agreement of gauge and SEM; measured R,13.673778202157882,24.495672852963434,-13.318935719914867,4.3985850024362305,5.538248123138199,-127.5861339521116,2.2188985,2.199202907256504,-0.8876292783782621,-19.695592743496082
G Literature kinetics + consensus L + SEM R,New September,6-1,0.5,Charge,76.5,62.7325,3.7542,4.2387,9.648533212e-07,4.18e-07,True,rest,0.01673195175120065,Ln bracket center; Lp agreement of gauge and SEM; measured R,52.889877846303115,57.23911777385293,-50.076426074233275,63.64446161587756,65.26936700148553,88.57674436492103,2.027154,2.0660023314111435,1.9163976398015956,38.84833141114363
G Literature kinetics + consensus L + SEM R,New September,6-2,0.5,Charge,76.5,62.7325,3.7542,4.2387,9.648533212e-07,4.18e-07,True,rest,0.01673195175120065,Ln bracket center; Lp agreement of gauge and SEM; measured R,48.9761384824781,53.914074718546395,-46.115089806904095,60.18428416394553,61.98548313020713,88.0767443649213,2.0443931,2.0660023314111435,1.0569998211764335,21.609231411143348
G Literature kinetics + consensus L + SEM R,New September,6-1,0.5,Discharge,76.5,62.7325,3.7542,4.2387,9.648533212e-07,4.18e-07,True,rest,0.9738284013796638,Ln bracket center; Lp agreement of gauge and SEM; measured R,67.29315782104031,79.43661438206026,66.14539572290101,52.97447725496414,55.352511591635576,-47.5270096831073,2.2358828,2.2691575497997745,1.4882152946377285,33.2747497997743
G Literature kinetics + consensus L + SEM R,New September,6-2,0.5,Discharge,76.5,62.7325,3.7542,4.2387,9.648533212e-07,4.18e-07,True,rest,0.9738284013796638,Ln bracket center; Lp agreement of gauge and SEM; measured R,62.195099846953,71.93943649295488,60.948949117939755,49.671212182464785,51.928582090864715,-48.72700968310717,2.2517154,2.2691575497997745,0.7746160904603805,17.44214979977432
G Literature kinetics + consensus L + SEM R,New September,6-1,1.0,Charge,76.5,62.7325,3.7542,4.2387,9.648533212e-07,4.18e-07,True,rest,0.029325838202759354,Ln bracket center; Lp agreement of gauge and SEM; measured R,63.935510349708984,66.41780124686578,-59.41363361996492,69.21028554895965,70.15126777151214,114.23416736442915,1.742599,1.8188137088734295,4.3736228973751,76.21470887342952
G Literature kinetics + consensus L + SEM R,New September,6-2,1.0,Charge,76.5,62.7325,3.7542,4.2387,9.648533212e-07,4.18e-07,True,rest,0.029325838202759354,Ln bracket center; Lp agreement of gauge and SEM; measured R,59.22635146520728,62.033632925436606,-54.78592658716129,64.74112818610702,65.87198734242922,113.53416736442901,1.7636914,1.8188137088734295,3.1253942086143653,55.12230887342962
G Literature kinetics + consensus L + SEM R,New September,6-1,1.0,Discharge,76.5,62.7325,3.7542,4.2387,9.648533212e-07,4.18e-07,True,rest,0.9747912909488308,Ln bracket center; Lp agreement of gauge and SEM; measured R,75.58299526193235,86.77889501894424,73.33960115661931,61.47298870773359,64.18758923153524,-77.5950836216177,2.2078617,2.2464570759589644,1.7480884766905618,38.59537595896434
G Literature kinetics + consensus L + SEM R,New September,6-2,1.0,Discharge,76.5,62.7325,3.7542,4.2387,9.648533212e-07,4.18e-07,True,rest,0.9747912909488308,Ln bracket center; Lp agreement of gauge and SEM; measured R,71.40329573214855,81.26567660085769,69.04303033184429,58.35359599918856,60.98500159721617,-79.39508362161796,2.2213459,2.2464570759589644,1.1304487049479404,25.11117595896417
G Literature kinetics + consensus L + SEM R,New September,6-1,2.0,Charge,76.5,62.7325,3.7542,4.2387,9.648533212e-07,4.18e-07,True,rest,0.06262949898952147,Ln bracket center; Lp agreement of gauge and SEM; measured R,83.18161839458793,85.00906534034607,-78.89276839846792,90.51776331899732,90.73602809481002,109.09098709550236,1.0064489,1.3243448742671342,31.58590309623609,317.89597426713414
G Literature kinetics + consensus L + SEM R,New September,6-2,2.0,Charge,76.5,62.7325,3.7542,4.2387,9.648533212e-07,4.18e-07,True,rest,0.06262949898952147,Ln bracket center; Lp agreement of gauge and SEM; measured R,78.49765616449699,80.26228538260592,-74.33799442873645,85.41188004493242,85.60800881367585,105.99098709550248,1.0281333,1.3243448742671342,28.810619621709975,296.21157426713427
G Literature kinetics + consensus L + SEM R,New September,6-1,2.0,Discharge,76.5,62.7325,3.7542,4.2387,9.648533212e-07,4.18e-07,True,rest,0.9750320133411227,Ln bracket center; Lp agreement of gauge and SEM; measured R,71.85539517546853,74.80255975387296,69.5293024176708,68.79355813516568,69.5543611482252,-91.9032719255446,2.1344919,2.176873796225316,1.9855730642648943,42.38189622531596
G Literature kinetics + consensus L + SEM R,New September,6-2,2.0,Discharge,76.5,62.7325,3.7542,4.2387,9.648533212e-07,4.18e-07,True,rest,0.9750320133411227,Ln bracket center; Lp agreement of gauge and SEM; measured R,69.94212965790547,72.8290669362721,67.58639003884672,66.59911704765663,67.28067033556447,-90.00327192554458,2.1387107,2.176873796225316,1.7843973112079212,38.16309622531611
H Legacy kn + consensus L + SEM R,Old July BoL,6-5,0.5,Charge,76.5,62.7325,3.7542,4.2387,7.4e-07,4.18e-07,True,rest,0.0008876376450980188,consensus geometry with non-anchored kn,29.4996780801339,37.04934403976248,-14.28912709253803,31.967621657872826,35.405615065554684,139.51341769063274,2.1426725,2.084711002787271,-2.705102959632392,-57.96149721272936
H Legacy kn + consensus L + SEM R,Old July BoL,6-6,0.5,Charge,76.5,62.7325,3.7542,4.2387,7.4e-07,4.18e-07,True,rest,0.0008876376450980188,consensus geometry with non-anchored kn,28.861980281141914,36.24078346689282,-12.77933441859053,30.478360565282447,33.978786737381235,133.0134176906328,2.1458557,2.084711002787271,-2.8494319171941047,-61.14469721272897
H Legacy kn + consensus L + SEM R,Old July BoL,6-8,0.5,Charge,76.5,62.7325,3.7542,4.2387,7.4e-07,4.18e-07,True,rest,0.0008876376450980188,consensus geometry with non-anchored kn,27.758591966995382,35.31459152528282,-10.311469286805853,27.995561323158416,31.623195890352125,139.41341769063254,2.1492388,2.084711002787271,-3.002355867236771,-64.52779721272917
H Legacy kn + consensus L + SEM R,Old July BoL,6-5,0.5,Discharge,76.5,62.7325,3.7542,4.2387,7.4e-07,4.18e-07,True,rest,0.984252307280564,consensus geometry with non-anchored kn,23.54245881460098,29.204205979519674,15.130894270050785,12.500310218149497,14.156454543879672,-68.85769380847418,2.2897203,2.292582753842853,0.1250132534900877,2.8624538428529966
H Legacy kn + consensus L + SEM R,Old July BoL,6-6,0.5,Discharge,76.5,62.7325,3.7542,4.2387,7.4e-07,4.18e-07,True,rest,0.984252307280564,consensus geometry with non-anchored kn,22.13205273067074,27.540160227141662,13.362861963457867,11.593280844404637,13.002020220203926,-68.75769380847352,2.2903671,2.292582753842853,0.09673793527914486,2.215653842852827
H Legacy kn + consensus L + SEM R,Old July BoL,6-8,0.5,Discharge,76.5,62.7325,3.7542,4.2387,7.4e-07,4.18e-07,True,rest,0.984252307280564,consensus geometry with non-anchored kn,19.782805938718013,25.29754086475896,9.473748745404077,9.458738621266107,10.619920100782263,-71.8576938084743,2.2897484,2.292582753842853,0.1237845102480604,2.8343538428527992
H Legacy kn + consensus L + SEM R,Old July BoL,6-5,1.0,Charge,76.5,62.7325,3.7542,4.2387,7.4e-07,4.18e-07,True,rest,0.0054316236198738,consensus geometry with non-anchored kn,29.28050155145914,46.32491143923084,-3.155629403360183,21.72070550467793,24.442974281864366,162.40390111158965,1.899352,1.8486433151873045,-2.6697886864938893,-50.70868481269542
H Legacy kn + consensus L + SEM R,Old July BoL,6-6,1.0,Charge,76.5,62.7325,3.7542,4.2387,7.4e-07,4.18e-07,True,rest,0.0054316236198738,consensus geometry with non-anchored kn,28.191675770940492,46.02392888873366,-0.0922679936720715,19.410963912577593,22.146824157857402,165.40390111158976,1.9087741,1.8486433151873045,-3.150230549162183,-60.13078481269552
H Legacy kn + consensus L + SEM R,Old July BoL,6-8,1.0,Charge,76.5,62.7325,3.7542,4.2387,7.4e-07,4.18e-07,True,rest,0.0054316236198738,consensus geometry with non-anchored kn,26.37312162593845,46.098494051455226,5.26206720346296,15.667102228981552,17.955517106787084,173.40390111158976,1.9197487,1.8486433151873045,-3.7038902442124564,-71.10538481269546
H Legacy kn + consensus L + SEM R,Old July BoL,6-5,1.0,Discharge,76.5,62.7325,3.7542,4.2387,7.4e-07,4.18e-07,True,rest,0.9839145344369091,consensus geometry with non-anchored kn,24.496404294217946,30.738723264826653,9.98125092932741,12.412956481393625,14.342695672983501,-105.44310103527809,2.2603984,2.266203541202587,0.25681938204287424,5.805141202587016
H Legacy kn + consensus L + SEM R,Old July BoL,6-6,1.0,Discharge,76.5,62.7325,3.7542,4.2387,7.4e-07,4.18e-07,True,rest,0.9839145344369091,consensus geometry with non-anchored kn,23.1056173076913,29.35437785253446,7.190891645091807,11.470287015011666,13.098012600877844,-106.14310103527825,2.2609308,2.266203541202587,0.23321108291271134,5.272741202587028
H Legacy kn + consensus L + SEM R,Old July BoL,6-8,1.0,Discharge,76.5,62.7325,3.7542,4.2387,7.4e-07,4.18e-07,True,rest,0.9839145344369091,consensus geometry with non-anchored kn,20.634253266020934,27.292616724191515,0.6203096140170123,10.263853719454087,12.422092240936282,-109.44310103527766,2.2625206,2.266203541202587,0.16278044949455675,3.6829412025869424
H Legacy kn + consensus L + SEM R,Old July BoL,6-5,2.0,Charge,76.5,62.7325,3.7542,4.2387,7.4e-07,4.18e-07,True,rest,0.01154949766251652,consensus geometry with non-anchored kn,26.55800963692686,52.25229065160374,12.306183515813313,11.413478619631881,12.67455847439872,171.23948953388447,1.4615742,1.3947018134257838,-4.575367201625222,-66.87238657421624
H Legacy kn + consensus L + SEM R,Old July BoL,6-6,2.0,Charge,76.5,62.7325,3.7542,4.2387,7.4e-07,4.18e-07,True,rest,0.01154949766251652,consensus geometry with non-anchored kn,26.089571710383336,52.546139546245115,14.323002005854194,10.480713298552136,11.854802125627911,171.53948953388465,1.4620776,1.3947018134257838,-4.608222338829086,-67.37578657421616
H Legacy kn + consensus L + SEM R,Old July BoL,6-8,2.0,Charge,76.5,62.7325,3.7542,4.2387,7.4e-07,4.18e-07,True,rest,0.01154949766251652,consensus geometry with non-anchored kn,26.805109043679685,57.4397330969141,23.745671153202707,8.889648730543858,12.750181314252568,192.63948953388433,1.5077586,1.3947018134257838,-7.498334718450039,-113.05678657421625
H Legacy kn + consensus L + SEM R,Old July BoL,6-5,2.0,Discharge,76.5,62.7325,3.7542,4.2387,7.4e-07,4.18e-07,True,rest,0.9845900424834105,consensus geometry with non-anchored kn,12.627713626019208,24.12081948573098,-11.977735721930744,3.968572702493392,5.56670750382753,-132.84675592215268,2.2148011,2.1953658054250162,-0.8775187340742973,-19.435294574983608
H Legacy kn + consensus L + SEM R,Old July BoL,6-6,2.0,Discharge,76.5,62.7325,3.7542,4.2387,7.4e-07,4.18e-07,True,rest,0.9845900424834105,consensus geometry with non-anchored kn,14.03808148535906,24.93524479300865,-14.004215935325819,5.2291005470395415,6.828248488489272,-133.04675592215222,2.2142754,2.1953658054250162,-0.8539856684034767,-18.909594574983757
H Legacy kn + consensus L + SEM R,Old July BoL,6-8,2.0,Discharge,76.5,62.7325,3.7542,4.2387,7.4e-07,4.18e-07,True,rest,0.9845900424834105,consensus geometry with non-anchored kn,25.131144280750938,32.571127703043636,-25.131144280750938,15.82157802958676,16.372878535110498,-140.94675592215245,2.2188985,2.1953658054250162,-1.0605575052208849,-23.532694574983637
H Legacy kn + consensus L + SEM R,New September,6-1,0.5,Charge,76.5,62.7325,3.7542,4.2387,7.4e-07,4.18e-07,True,rest,0.01673195175120065,consensus geometry with non-anchored kn,45.777961882967595,50.809956734540116,-42.03943413296678,56.05414730653151,57.936380013145204,100.85634824357027,2.027154,2.0475543387461705,1.006353673483645,20.400338746170643
H Legacy kn + consensus L + SEM R,New September,6-2,0.5,Charge,76.5,62.7325,3.7542,4.2387,7.4e-07,4.18e-07,True,rest,0.01673195175120065,consensus geometry with non-anchored kn,41.89535299276897,47.691819738714514,-38.07354701821874,52.59396985459948,54.69303349983417,100.35634824357054,2.0443931,2.0475543387461705,0.1546296916268382,3.1612387461703584
H Legacy kn + consensus L + SEM R,New September,6-1,0.5,Discharge,76.5,62.7325,3.7542,4.2387,7.4e-07,4.18e-07,True,rest,0.9738284013796638,consensus geometry with non-anchored kn,60.82657430605779,73.1119849681561,58.72640244133256,46.30457346420296,49.12860352266928,-57.73408247738843,2.2358828,2.268032101114197,1.437879530814257,32.149301114196675
H Legacy kn + consensus L + SEM R,New September,6-2,0.5,Discharge,76.5,62.7325,3.7542,4.2387,7.4e-07,4.18e-07,True,rest,0.9738284013796638,consensus geometry with non-anchored kn,55.7768073530555,65.52019873434121,53.497531263627764,43.0013083917036,45.715225484351876,-58.934082477388294,2.2517154,2.268032101114197,0.7246342550304845,16.316701114196697
H Legacy kn + consensus L + SEM R,New September,6-1,1.0,Charge,76.5,62.7325,3.7542,4.2387,7.4e-07,4.18e-07,True,rest,0.029325838202759354,consensus geometry with non-anchored kn,53.67729788356325,56.687190768566204,-48.03192847607164,58.00927421363881,59.161266250248985,127.28310522364161,1.742599,1.7929256904501791,2.8880247521190547,50.32669045017912
H Legacy kn + consensus L + SEM R,New September,6-2,1.0,Charge,76.5,62.7325,3.7542,4.2387,7.4e-07,4.18e-07,True,rest,0.029325838202759354,consensus geometry with non-anchored kn,48.9902421872055,52.482526111647424,-43.404556557745344,53.54011685078617,54.93585043703624,126.58310522364147,1.7636914,1.7929256904501791,1.6575626807603203,29.234290450179223
H Legacy kn + consensus L + SEM R,New September,6-1,1.0,Discharge,76.5,62.7325,3.7542,4.2387,7.4e-07,4.18e-07,True,rest,0.9747912909488308,consensus geometry with non-anchored kn,66.55401319007876,78.25519415944802,63.00415080448231,51.59557613925931,54.96873500607849,-90.07734922773469,2.2078617,2.2447198948242573,1.66940686657399,36.858194824257225
H Legacy kn + consensus L + SEM R,New September,6-2,1.0,Discharge,76.5,62.7325,3.7542,4.2387,7.4e-07,4.18e-07,True,rest,0.9747912909488308,consensus geometry with non-anchored kn,62.42694332398076,72.70276746195348,58.6924512449792,48.4761834307143,51.784234061217454,-91.87734922773494,2.2213459,2.2447198948242573,1.0522447145335203,23.37399482425706
H Legacy kn + consensus L + SEM R,New September,6-1,2.0,Charge,76.5,62.7325,3.7542,4.2387,7.4e-07,4.18e-07,True,rest,0.06262949898952147,consensus geometry with non-anchored kn,71.00830575557173,73.01232331556673,-65.75626386584908,77.4253667063077,77.68514530317205,122.43982543459886,1.0064489,1.2844232388885073,27.619319658306267,277.9743388885072
H Legacy kn + consensus L + SEM R,New September,6-2,2.0,Charge,76.5,62.7325,3.7542,4.2387,7.4e-07,4.18e-07,True,rest,0.06262949898952147,consensus geometry with non-anchored kn,66.32338290064281,68.30840210108232,-61.2036098554833,72.32103162221289,72.55721338519758,119.33982543459898,1.0281333,1.2844232388885073,24.927695551589217,256.2899388885074
H Legacy kn + consensus L + SEM R,New September,6-1,2.0,Discharge,76.5,62.7325,3.7542,4.2387,7.4e-07,4.18e-07,True,rest,0.9750320133411227,consensus geometry with non-anchored kn,60.83198905226289,64.16202049937459,57.64844075761839,56.85013418012968,57.85395125799646,-105.2273707506215,2.1344919,2.1730582273696912,1.8068153535598441,38.56632736969124
H Legacy kn + consensus L + SEM R,New September,6-2,2.0,Discharge,76.5,62.7325,3.7542,4.2387,7.4e-07,4.18e-07,True,rest,0.9750320133411227,consensus geometry with non-anchored kn,58.94721074005158,62.21524871036008,55.706239752281874,54.655693092620616,55.56497315008494,-103.32737075062148,2.1387107,2.1730582273696912,1.6059922162306186,34.34752736969138
I Literature kinetics + Ai2020 L/R,Old July BoL,6-5,0.5,Charge,76.5,68.0,5.0,3.0,9.648533212e-07,4.18e-07,True,rest,0.0008876376450980188,literature geometry and kinetics comparator,35.115133556778346,43.69025077731122,-23.661454656285827,42.43168215234186,45.1725378821218,124.46344512733587,2.1426725,2.106576582866875,-1.684621291080414,-36.095917133124985
I Literature kinetics + Ai2020 L/R,Old July BoL,6-6,0.5,Charge,76.5,68.0,5.0,3.0,9.648533212e-07,4.18e-07,True,rest,0.0008876376450980188,literature geometry and kinetics comparator,34.16345505071237,42.66790602072117,-22.1536649137899,40.85093801859715,43.682248187597644,117.96344512733592,2.1458557,2.106576582866875,-1.8304640490562623,-39.2791171331246
I Literature kinetics + Ai2020 L/R,Old July BoL,6-8,0.5,Charge,76.5,68.0,5.0,3.0,9.648533212e-07,4.18e-07,True,rest,0.0008876376450980188,literature geometry and kinetics comparator,32.64235643192633,41.32644889563342,-19.69755394145056,38.186019370800565,41.19804996990746,124.36344512733567,2.1492388,2.106576582866875,-1.9849919484575091,-42.66221713312479
I Literature kinetics + Ai2020 L/R,Old July BoL,6-5,0.5,Discharge,76.5,68.0,5.0,3.0,9.648533212e-07,4.18e-07,True,rest,0.984252307280564,literature geometry and kinetics comparator,30.108162036331947,34.83739605717183,25.765031749662135,22.10141000363873,24.015324922732066,-59.72177717977534,2.2897203,2.284381762638473,-0.23315237942061728,-5.338537361526896
I Literature kinetics + Ai2020 L/R,Old July BoL,6-6,0.5,Discharge,76.5,68.0,5.0,3.0,9.648533212e-07,4.18e-07,True,rest,0.984252307280564,literature geometry and kinetics comparator,28.55216670444463,32.97479357586797,23.997953659462453,20.91780810362499,22.70356863544296,-59.62177717977468,2.2903671,2.284381762638473,-0.26132655160507084,-5.9853373615270655
I Literature kinetics + Ai2020 L/R,Old July BoL,6-8,0.5,Discharge,76.5,68.0,5.0,3.0,9.648533212e-07,4.18e-07,True,rest,0.984252307280564,literature geometry and kinetics comparator,25.43764797986919,29.68383757173087,20.10158718497814,17.572136590892416,19.266517263114363,-62.72177717977545,2.2897484,2.284381762638473,-0.2343767272215189,-5.3666373615270935
I Literature kinetics + Ai2020 L/R,Old July BoL,6-5,1.0,Charge,76.5,68.0,5.0,3.0,9.648533212e-07,4.18e-07,True,rest,0.0054316236198738,literature geometry and kinetics comparator,38.34367712829178,52.53942075451348,-17.014136389422625,35.63684084253087,38.331043548029825,145.39263048898476,1.899352,1.885493769048423,-0.7296294184320179,-13.8582309515769
I Literature kinetics + Ai2020 L/R,Old July BoL,6-6,1.0,Charge,76.5,68.0,5.0,3.0,9.648533212e-07,4.18e-07,True,rest,0.0054316236198738,literature geometry and kinetics comparator,36.296570408084946,51.43043067875243,-13.943362551006935,32.744899081114085,35.62198666840721,148.39263048898488,1.9087741,1.885493769048423,-1.2196483047196105,-23.280330951577
I Literature kinetics + Ai2020 L/R,Old July BoL,6-8,1.0,Charge,76.5,68.0,5.0,3.0,9.648533212e-07,4.18e-07,True,rest,0.0054316236198738,literature geometry and kinetics comparator,33.07706052194365,50.01391980857922,-8.613773355011265,27.719658534237475,30.515619437295996,156.39263048898488,1.9197487,1.885493769048423,-1.784344531738813,-34.254930951576945
I Literature kinetics + Ai2020 L/R,Old July BoL,6-5,1.0,Discharge,76.5,68.0,5.0,3.0,9.648533212e-07,4.18e-07,True,rest,0.9839145344369091,literature geometry and kinetics comparator,32.001101137919974,36.51250629395801,25.47956320472041,24.46624657190287,27.09804875281388,-91.54943108203551,2.2603984,2.24946836565738,-0.4835445973869016,-10.930034342619965
I Literature kinetics + Ai2020 L/R,Old July BoL,6-6,1.0,Discharge,76.5,68.0,5.0,3.0,9.648533212e-07,4.18e-07,True,rest,0.9839145344369091,literature geometry and kinetics comparator,29.781852287992994,34.20076469040524,22.684388528864247,22.08603040902523,24.66894714687025,-92.24943108203564,2.2609308,2.24946836565738,-0.506978556912045,-11.462434342619954
I Literature kinetics + Ai2020 L/R,Old July BoL,6-8,1.0,Discharge,76.5,68.0,5.0,3.0,9.648533212e-07,4.18e-07,True,rest,0.9839145344369091,literature geometry and kinetics comparator,24.871631405468634,29.481015823379753,16.109743895364858,16.560246263542112,19.184447083689463,-95.54943108203506,2.2625206,2.24946836565738,-0.5768890830262513,-13.05223434262004
I Literature kinetics + Ai2020 L/R,Old July BoL,6-5,2.0,Charge,76.5,68.0,5.0,3.0,9.648533212e-07,4.18e-07,True,rest,0.01154949766251652,literature geometry and kinetics comparator,36.004406773899646,54.153648138211594,-6.305965260694453,25.61259588080178,28.401309336869847,152.87049426706466,1.4615742,1.4655156181052857,0.26966938149877706,3.941418105285699
I Literature kinetics + Ai2020 L/R,Old July BoL,6-6,2.0,Charge,76.5,68.0,5.0,3.0,9.648533212e-07,4.18e-07,True,rest,0.01154949766251652,literature geometry and kinetics comparator,34.983119642506935,53.74880994769665,-4.366461526354747,24.051130221661996,26.660935820765978,153.17049426706487,1.4620776,1.4655156181052857,0.23514607605545473,3.4380181052857672
I Literature kinetics + Ai2020 L/R,Old July BoL,6-8,2.0,Charge,76.5,68.0,5.0,3.0,9.648533212e-07,4.18e-07,True,rest,0.01154949766251652,literature geometry and kinetics comparator,31.71848161777847,55.44096167111987,4.98487244750927,17.88738217554014,19.88180163550202,174.27049426706452,1.5077586,1.4655156181052857,-2.801707242440157,-42.24298189471432
I Literature kinetics + Ai2020 L/R,Old July BoL,6-5,2.0,Discharge,76.5,68.0,5.0,3.0,9.648533212e-07,4.18e-07,True,rest,0.9845900424834105,literature geometry and kinetics comparator,21.374078817079734,25.151589721743917,10.631681189360155,20.94233660553375,21.265374267104598,-115.52905536507919,2.2148011,2.1692276933303987,-2.057674915801748,-45.57340666960119
I Literature kinetics + Ai2020 L/R,Old July BoL,6-6,2.0,Discharge,76.5,68.0,5.0,3.0,9.648533212e-07,4.18e-07,True,rest,0.9845900424834105,literature geometry and kinetics comparator,19.882925911131593,24.125520141853166,8.577896572009411,18.93072505463877,19.321771538172893,-115.72905536507872,2.2142754,2.1692276933303987,-2.034422035741414,-45.04770666960134
I Literature kinetics + Ai2020 L/R,Old July BoL,6-8,2.0,Discharge,76.5,68.0,5.0,3.0,9.648533212e-07,4.18e-07,True,rest,0.9845900424834105,literature geometry and kinetics comparator,13.991905700992138,23.065446693698036,-2.4906764434769406,8.286150546953156,9.20063926878738,-123.62905536507895,2.2188985,2.1692276933303987,-2.238534420100839,-49.67080666960122
I Literature kinetics + Ai2020 L/R,New September,6-1,0.5,Charge,76.5,68.0,5.0,3.0,9.648533212e-07,4.18e-07,True,rest,0.01673195175120065,literature geometry and kinetics comparator,55.88132269864667,60.09780450371808,-52.27989817993328,66.56593562967657,68.18982960772392,86.21094532597206,2.027154,2.069412191443656,2.0846068647796834,42.258191443655946
I Literature kinetics + Ai2020 L/R,New September,6-2,0.5,Charge,76.5,68.0,5.0,3.0,9.648533212e-07,4.18e-07,True,rest,0.01673195175120065,literature geometry and kinetics comparator,51.985781805687175,56.75689673382083,-48.31566394118663,63.10575817774454,64.89913659410045,85.71094532597235,2.0443931,2.069412191443656,1.2237906420079219,25.01909144365566
I Literature kinetics + Ai2020 L/R,New September,6-1,0.5,Discharge,76.5,68.0,5.0,3.0,9.648533212e-07,4.18e-07,True,rest,0.9738284013796638,literature geometry and kinetics comparator,70.84953246238007,81.11203811677152,69.9084197019232,58.24592768494976,60.486689360039776,-48.58471050985269,2.2358828,2.259827107944848,1.070910691063415,23.94430794484803
I Literature kinetics + Ai2020 L/R,New September,6-2,0.5,Discharge,76.5,68.0,5.0,3.0,9.648533212e-07,4.18e-07,True,rest,0.9738284013796638,literature geometry and kinetics comparator,65.38275819508266,73.53223338687911,64.36689048646699,54.942662612450405,57.061776030359745,-49.78471050985256,2.2517154,2.259827107944848,0.36024570178132,8.111707944848057
I Literature kinetics + Ai2020 L/R,New September,6-1,1.0,Charge,76.5,68.0,5.0,3.0,9.648533212e-07,4.18e-07,True,rest,0.029325838202759354,literature geometry and kinetics comparator,67.90345853696127,70.38726165697213,-63.050052574399544,73.3169671107026,74.28210022504297,110.48343801965021,1.742599,1.829811410855829,5.004732061468472,87.21241085582898
I Literature kinetics + Ai2020 L/R,New September,6-2,1.0,Charge,76.5,68.0,5.0,3.0,9.648533212e-07,4.18e-07,True,rest,0.029325838202759354,literature geometry and kinetics comparator,63.20176610704554,65.9757871563585,-58.43662224465522,68.84780974785,69.98612780573343,109.78343801965008,1.7636914,1.829811410855829,3.748955789875093,66.12001085582908
I Literature kinetics + Ai2020 L/R,New September,6-1,1.0,Discharge,76.5,68.0,5.0,3.0,9.648533212e-07,4.18e-07,True,rest,0.9747912909488308,literature geometry and kinetics comparator,80.96933661239102,89.5760918736124,79.34175768978902,69.84482770944723,72.10956944647012,-76.18206365917058,2.2078617,2.2279797946898428,0.9112026668084651,20.118094689842714
I Literature kinetics + Ai2020 L/R,New September,6-2,1.0,Discharge,76.5,68.0,5.0,3.0,9.648533212e-07,4.18e-07,True,rest,0.9747912909488308,literature geometry and kinetics comparator,76.27912479731262,83.79399237569886,74.56684365574537,66.72543500090224,68.90234954975156,-77.98206365917082,2.2213459,2.2279797946898428,0.29864302942835447,6.6338946898425455
I Literature kinetics + Ai2020 L/R,New September,6-1,2.0,Charge,76.5,68.0,5.0,3.0,9.648533212e-07,4.18e-07,True,rest,0.06262949898952147,literature geometry and kinetics comparator,88.21460644208531,90.41645887782668,-84.31489102322674,96.95965122708772,97.30371256387893,104.19347004440782,1.0064489,1.3542995293798452,34.56217492809074,347.85062937984515
I Literature kinetics + Ai2020 L/R,New September,6-2,2.0,Charge,76.5,68.0,5.0,3.0,9.648533212e-07,4.18e-07,True,rest,0.06262949898952147,literature geometry and kinetics comparator,83.62347046073297,85.76347652234325,-79.84872560690678,91.94042607510525,92.26493465911348,101.09347004440794,1.0281333,1.3542995293798452,31.724118786916573,326.1662293798453
I Literature kinetics + Ai2020 L/R,New September,6-1,2.0,Discharge,76.5,68.0,5.0,3.0,9.648533212e-07,4.18e-07,True,rest,0.9750320133411227,literature geometry and kinetics comparator,81.7283742668688,83.68393398130986,79.92115378080138,80.76948191481685,81.16164070050638,-87.9099834192134,2.1344919,2.1468256920071442,0.5778326920399295,12.33379200714424
I Literature kinetics + Ai2020 L/R,New September,6-2,2.0,Discharge,76.5,68.0,5.0,3.0,9.648533212e-07,4.18e-07,True,rest,0.9750320133411227,literature geometry and kinetics comparator,79.69362197157174,81.63341720513179,77.89721686910201,78.57504082730779,78.91715152271924,-86.0099834192134,2.1387107,2.1468256920071442,0.3794338339984171,8.114992007144384
"J Literature kinetics + consensus L + SEM R, no p hysteresis",Old July BoL,6-5,0.5,Charge,76.5,62.7325,3.7542,4.2387,9.648533212e-07,4.18e-07,False,rest,0.0008876376450980188,tests whether old cathode hysteresis transfers to the new cohort,30.47731862034345,38.98150465870607,-18.541809140744824,35.76291640942757,38.362074115307365,150.34420030185825,2.1426725,2.104221368759117,-1.7945407541695373,-38.451131240883285
"J Literature kinetics + consensus L + SEM R, no p hysteresis",Old July BoL,6-6,0.5,Charge,76.5,62.7325,3.7542,4.2387,9.648533212e-07,4.18e-07,False,rest,0.0008876376450980188,tests whether old cathode hysteresis transfers to the new cohort,29.666173193083015,38.02935282732988,-17.03383181633514,34.18217227568285,36.88320113867695,143.84420030185828,2.1458557,2.104221368759117,-1.9402204556850162,-41.634331240882894
"J Literature kinetics + consensus L + SEM R, no p hysteresis",Old July BoL,6-8,0.5,Charge,76.5,62.7325,3.7542,4.2387,9.648533212e-07,4.18e-07,False,rest,0.0008876376450980188,tests whether old cathode hysteresis transfers to the new cohort,28.321311642130176,36.88069198005452,-14.576351891712743,31.51725362788627,34.423592260412676,150.24420030185803,2.1492388,2.104221368759117,-2.0945755883842727,-45.017431240883084
"J Literature kinetics + consensus L + SEM R, no p hysteresis",Old July BoL,6-5,0.5,Discharge,76.5,62.7325,3.7542,4.2387,9.648533212e-07,4.18e-07,False,rest,0.984252307280564,tests whether old cathode hysteresis transfers to the new cohort,26.62845738997013,33.52827524324481,19.33973118511041,14.15052174086552,16.450060167850634,-63.61898700475166,2.2897203,2.2939549446354204,0.18494156842739476,4.234644635420448
"J Literature kinetics + consensus L + SEM R, no p hysteresis",Old July BoL,6-6,0.5,Discharge,76.5,62.7325,3.7542,4.2387,9.648533212e-07,4.18e-07,False,rest,0.984252307280564,tests whether old cathode hysteresis transfers to the new cohort,25.200127798122054,31.75691631022421,17.574684388842375,13.209200372675904,15.23070900968251,-63.518987004751004,2.2903671,2.2939549446354204,0.15664932645165391,3.5878446354202786
"J Literature kinetics + consensus L + SEM R, no p hysteresis",Old July BoL,6-8,0.5,Discharge,76.5,62.7325,3.7542,4.2387,9.648533212e-07,4.18e-07,False,rest,0.984252307280564,tests whether old cathode hysteresis transfers to the new cohort,22.790397385503514,29.23155724855996,13.682714909239117,10.982755605274843,12.57567209585367,-66.61898700475177,2.2897484,2.2939549446354204,0.1837120897396522,4.206544635420251
"J Literature kinetics + consensus L + SEM R, no p hysteresis",Old July BoL,6-5,1.0,Charge,76.5,62.7325,3.7542,4.2387,9.648533212e-07,4.18e-07,False,rest,0.0054316236198738,tests whether old cathode hysteresis transfers to the new cohort,32.66794515374946,48.126333167049786,-10.455583658920727,28.044995975461013,30.418016195353232,172.16583311304134,1.899352,1.8743911221992744,-1.3141786146393895,-24.960877800725534
"J Literature kinetics + consensus L + SEM R, no p hysteresis",Old July BoL,6-6,1.0,Charge,76.5,62.7325,3.7542,4.2387,9.648533212e-07,4.18e-07,False,rest,0.0054316236198738,tests whether old cathode hysteresis transfers to the new cohort,30.921176498865215,47.34734357702332,-7.386841661072892,25.286809305131847,27.777825008463026,175.16583311304146,1.9087741,1.8743911221992744,-1.8013120463404042,-34.382977800725634
"J Literature kinetics + consensus L + SEM R, no p hysteresis",Old July BoL,6-8,1.0,Charge,76.5,62.7325,3.7542,4.2387,9.648533212e-07,4.18e-07,False,rest,0.0054316236198738,tests whether old cathode hysteresis transfers to the new cohort,28.13871981456051,46.599885843865145,-2.049674918433983,20.514023896877575,22.8324456982207,183.16583311304146,1.9197487,1.8743911221992744,-2.362683084547763,-45.35757780072558
"J Literature kinetics + consensus L + SEM R, no p hysteresis",Old July BoL,6-5,1.0,Discharge,76.5,62.7325,3.7542,4.2387,9.648533212e-07,4.18e-07,False,rest,0.9839145344369091,tests whether old cathode hysteresis transfers to the new cohort,28.458896445724495,35.3249225586804,16.98511582650683,15.103846374737117,18.142853862929822,-98.12153723308548,2.2603984,2.2681722347765305,0.3439143637922578,7.773834776530375
"J Literature kinetics + consensus L + SEM R, no p hysteresis",Old July BoL,6-6,1.0,Discharge,76.5,62.7325,3.7542,4.2387,9.648533212e-07,4.18e-07,False,rest,0.9839145344369091,tests whether old cathode hysteresis transfers to the new cohort,26.866575348733694,33.50222219164945,14.196527056658724,13.83773844222855,16.316347473276778,-98.82153723308562,2.2609308,2.2681722347765305,0.3202855556892934,7.241434776530387
"J Literature kinetics + consensus L + SEM R, no p hysteresis",Old July BoL,6-8,1.0,Discharge,76.5,62.7325,3.7542,4.2387,9.648533212e-07,4.18e-07,False,rest,0.9839145344369091,tests whether old cathode hysteresis transfers to the new cohort,23.879736270260718,30.12629328350817,7.631231518159683,11.801536821300868,13.445281510219171,-102.12153723308504,2.2625206,2.2681722347765305,0.24979373785725092,5.651634776530301
"J Literature kinetics + consensus L + SEM R, no p hysteresis",Old July BoL,6-5,2.0,Charge,76.5,62.7325,3.7542,4.2387,9.648533212e-07,4.18e-07,False,rest,0.01154949766251652,tests whether old cathode hysteresis transfers to the new cohort,28.634089379559864,51.285599858846595,3.6790319951179753,15.84746398343674,17.757330543500263,180.09068731942835,1.4615742,1.4285029735002912,-2.262712799644988,-33.07122649970884
"J Literature kinetics + consensus L + SEM R, no p hysteresis",Old July BoL,6-6,2.0,Charge,76.5,62.7325,3.7542,4.2387,9.648533212e-07,4.18e-07,False,rest,0.01154949766251652,tests whether old cathode hysteresis transfers to the new cohort,27.8231119515457,51.24462793506069,5.657528892094895,14.517890076349975,16.17243568842649,180.39068731942854,1.4620776,1.4285029735002912,-2.2963641943292727,-33.57462649970877
"J Literature kinetics + consensus L + SEM R, no p hysteresis",Old July BoL,6-8,2.0,Charge,76.5,62.7325,3.7542,4.2387,9.648533212e-07,4.18e-07,False,rest,0.01154949766251652,tests whether old cathode hysteresis transfers to the new cohort,26.25420382678107,54.77973715329827,15.044619680262079,10.264121378741994,11.632347591677446,201.49068731942822,1.5077586,1.4285029735002912,-5.256519611276556,-79.25562649970885
"J Literature kinetics + consensus L + SEM R, no p hysteresis",Old July BoL,6-5,2.0,Discharge,76.5,62.7325,3.7542,4.2387,9.648533212e-07,4.18e-07,False,rest,0.9845900424834105,tests whether old cathode hysteresis transfers to the new cohort,12.761695948500199,21.185623408901662,-3.729972701963176,6.229848791316978,6.809647502331207,-124.752261131988,2.2148011,2.199240734282295,-0.7025626688421279,-15.560365717704805
"J Literature kinetics + consensus L + SEM R, no p hysteresis",Old July BoL,6-6,2.0,Discharge,76.5,62.7325,3.7542,4.2387,9.648533212e-07,4.18e-07,False,rest,0.9845900424834105,tests whether old cathode hysteresis transfers to the new cohort,11.999268002562756,21.31184347835543,-5.751585964779631,4.989620890486163,5.508955502578083,-124.95226113198754,2.2142754,2.199240734282295,-0.6789880661504415,-15.034665717704954
"J Literature kinetics + consensus L + SEM R, no p hysteresis",Old July BoL,6-8,2.0,Discharge,76.5,62.7325,3.7542,4.2387,9.648533212e-07,4.18e-07,False,rest,0.9845900424834105,tests whether old cathode hysteresis transfers to the new cohort,16.887755672613995,26.57861359822175,-16.887755672613995,8.229874575511703,9.427349490166803,-132.85226113198777,2.2188985,2.199240734282295,-0.885924512441864,-19.657765717704834
"J Literature kinetics + consensus L + SEM R, no p hysteresis",New September,6-1,0.5,Charge,76.5,62.7325,3.7542,4.2387,9.648533212e-07,4.18e-07,False,rest,0.01673195175120065,tests whether old cathode hysteresis transfers to the new cohort,50.22132819310595,54.20053388842896,-46.62267344487825,59.75220738941454,61.168545096599715,106.92963905425535,2.027154,2.0668764912638133,1.9595201580054324,39.72249126381344
"J Literature kinetics + consensus L + SEM R, no p hysteresis",New September,6-2,0.5,Charge,76.5,62.7325,3.7542,4.2387,9.648533212e-07,4.18e-07,False,rest,0.01673195175120065,tests whether old cathode hysteresis transfers to the new cohort,46.360930369074005,50.90641416216478,-42.69305800151721,56.29202993748252,57.87544192096973,106.42963905425562,2.0443931,2.0668764912638133,1.0997587139094314,22.483391263813157
"J Literature kinetics + consensus L + SEM R, no p hysteresis",New September,6-1,0.5,Discharge,76.5,62.7325,3.7542,4.2387,9.648533212e-07,4.18e-07,False,rest,0.9738284013796638,tests whether old cathode hysteresis transfers to the new cohort,64.35767615452481,77.89299506244173,62.69217124073406,48.49948746138639,51.63119774160857,-52.96772321112897,2.2358828,2.2693889780854235,1.4985659393874906,33.50617808542333
"J Literature kinetics + consensus L + SEM R, no p hysteresis",New September,6-2,0.5,Discharge,76.5,62.7325,3.7542,4.2387,9.648533212e-07,4.18e-07,False,rest,0.9738284013796638,tests whether old cathode hysteresis transfers to the new cohort,59.34299910081801,70.37752973286543,57.53068324099259,45.19622238888704,48.21588057583021,-54.16772321112884,2.2517154,2.2693889780854235,0.7848939561999424,17.673578085423358
"J Literature kinetics + consensus L + SEM R, no p hysteresis",New September,6-1,1.0,Charge,76.5,62.7325,3.7542,4.2387,9.648533212e-07,4.18e-07,False,rest,0.029325838202759354,tests whether old cathode hysteresis transfers to the new cohort,60.59796601175587,62.95903036201107,-55.506502628651475,65.18961186646666,65.97211446823778,126.73581615594065,1.742599,1.8182221860346746,4.3396780346295705,75.62318603467455
"J Literature kinetics + consensus L + SEM R, no p hysteresis",New September,6-2,1.0,Charge,76.5,62.7325,3.7542,4.2387,9.648533212e-07,4.18e-07,False,rest,0.029325838202759354,tests whether old cathode hysteresis transfers to the new cohort,55.930113124255584,58.60554014171212,-50.9189609586983,60.72045450361403,61.671197018181125,126.03581615594051,1.7636914,1.8182221860346746,3.0918553004609906,54.53078603467465
"J Literature kinetics + consensus L + SEM R, no p hysteresis",New September,6-1,1.0,Discharge,76.5,62.7325,3.7542,4.2387,9.648533212e-07,4.18e-07,False,rest,0.9747912909488308,tests whether old cathode hysteresis transfers to the new cohort,72.61368073858155,85.05895616073725,69.81283182783469,57.00304540696976,60.465680674636964,-83.02224551339333,2.2078617,2.2466735915277356,1.7578950496643682,38.81189152773557
"J Literature kinetics + consensus L + SEM R, no p hysteresis",New September,6-2,1.0,Discharge,76.5,62.7325,3.7542,4.2387,9.648533212e-07,4.18e-07,False,rest,0.9747912909488308,tests whether old cathode hysteresis transfers to the new cohort,68.48994095716617,79.55800446839945,65.54232900788924,53.88365269842474,57.27658362958431,-84.82224551339357,2.2213459,2.2466735915277356,1.140195749240827,25.327691527735396
"J Literature kinetics + consensus L + SEM R, no p hysteresis",New September,6-1,2.0,Charge,76.5,62.7325,3.7542,4.2387,9.648533212e-07,4.18e-07,False,rest,0.06262949898952147,tests whether old cathode hysteresis transfers to the new cohort,78.33971403887763,80.05098259387776,-73.77224185897045,84.91166509733137,85.11477167067346,114.0669984353666,1.0064489,1.3161660387648957,30.773260198793555,309.7171387648956
"J Literature kinetics + consensus L + SEM R, no p hysteresis",New September,6-2,2.0,Charge,76.5,62.7325,3.7542,4.2387,9.648533212e-07,4.18e-07,False,rest,0.06262949898952147,tests whether old cathode hysteresis transfers to the new cohort,73.66390044801201,75.32346524675194,-69.22634552534774,79.83087796562036,80.01292117549407,110.96699843536672,1.0281333,1.3161660387648957,28.015116207683942,288.0327387648958
"J Literature kinetics + consensus L + SEM R, no p hysteresis",New September,6-1,2.0,Discharge,76.5,62.7325,3.7542,4.2387,9.648533212e-07,4.18e-07,False,rest,0.9750320133411227,tests whether old cathode hysteresis transfers to the new cohort,68.47504970035862,72.02807243403198,65.80469098456442,64.37421416607921,65.48748858991223,-97.32704595508856,2.1344919,2.176887194229576,1.9862007548295788,42.39529422957622
"J Literature kinetics + consensus L + SEM R, no p hysteresis",New September,6-2,2.0,Discharge,76.5,62.7325,3.7542,4.2387,9.648533212e-07,4.18e-07,False,rest,0.9750320133411227,tests whether old cathode hysteresis transfers to the new cohort,66.58201247121839,70.07085440646844,63.86862843060684,62.17977307857016,63.198264297092365,-95.42704595508854,2.1387107,2.176887194229576,1.785023763596281,38.17649422957636
"K Literature kinetics + Ai2020 L + SEM R, no p hysteresis",Old July BoL,6-5,0.5,Charge,76.5,68.0,3.7542,4.2387,9.648533212e-07,4.18e-07,False,rest,0.0008876376450980188,no-positive-hysteresis comparator,31.125836668420078,39.641780261865456,-19.788265275939203,37.07850524171968,39.60707539839054,149.82764131987247,2.1426725,2.107032770296659,-1.6633307098187455,-35.63972970334106
"K Literature kinetics + Ai2020 L + SEM R, no p hysteresis",Old July BoL,6-6,0.5,Charge,76.5,68.0,3.7542,4.2387,9.648533212e-07,4.18e-07,False,rest,0.0008876376450980188,no-positive-hysteresis comparator,30.268694982712915,38.65751828362477,-18.280476417450753,35.49776110797497,38.122656712346505,143.32764131987253,2.1458557,2.107032770296659,-1.8092050506164359,-38.82292970334067
"K Literature kinetics + Ai2020 L + SEM R, no p hysteresis",Old July BoL,6-8,0.5,Charge,76.5,68.0,3.7542,4.2387,9.648533212e-07,4.18e-07,False,rest,0.0008876376450980188,no-positive-hysteresis comparator,28.86994761764327,37.44728824791409,-15.824604187461441,32.83284246017839,35.65104357230746,149.72764131987225,2.1492388,2.107032770296659,-1.963766413641,-42.20602970334086
"K Literature kinetics + Ai2020 L + SEM R, no p hysteresis",Old July BoL,6-5,0.5,Discharge,76.5,68.0,3.7542,4.2387,9.648533212e-07,4.18e-07,False,rest,0.984252307280564,no-positive-hysteresis comparator,27.829354724376103,34.80182441924139,21.20840369317872,15.402413849389267,17.7734537608621,-63.1066302775789,2.2897203,2.2941896801887993,0.19519328141517495,4.469380188799388
"K Literature kinetics + Ai2020 L + SEM R, no p hysteresis",Old July BoL,6-6,0.5,Discharge,76.5,68.0,3.7542,4.2387,9.648533212e-07,4.18e-07,False,rest,0.984252307280564,no-positive-hysteresis comparator,26.35027635810967,32.99338360700795,19.443671613210032,14.379233557597848,16.51982274608154,-63.006630277578246,2.2903671,2.2941896801887993,0.16689814435420497,3.8225801887992183
"K Literature kinetics + Ai2020 L + SEM R, no p hysteresis",Old July BoL,6-8,0.5,Discharge,76.5,68.0,3.7542,4.2387,9.648533212e-07,4.18e-07,False,rest,0.984252307280564,no-positive-hysteresis comparator,23.773342111785624,30.331269628790917,15.55140143123425,11.885068259574705,13.64528222815629,-66.10663027757901,2.2897484,2.2941896801887993,0.19396367691748098,4.44128018879919
"K Literature kinetics + Ai2020 L + SEM R, no p hysteresis",Old July BoL,6-5,1.0,Charge,76.5,68.0,3.7542,4.2387,9.648533212e-07,4.18e-07,False,rest,0.0054316236198738,no-positive-hysteresis comparator,34.440861994117114,48.938346049877396,-13.124292725301734,30.714552666725204,33.11438316157664,171.16344770514624,1.899352,1.8809679991343946,-0.9679091008725776,-18.384000865605323
"K Literature kinetics + Ai2020 L + SEM R, no p hysteresis",Old July BoL,6-6,1.0,Charge,76.5,68.0,3.7542,4.2387,9.648533212e-07,4.18e-07,False,rest,0.0054316236198738,no-positive-hysteresis comparator,32.52402420138937,48.00304083461857,-10.05434272315164,27.887854632871495,30.426976254648622,174.16344770514635,1.9087741,1.8809679991343946,-1.4567517898323024,-27.806100865605423
"K Literature kinetics + Ai2020 L + SEM R, no p hysteresis",Old July BoL,6-8,1.0,Charge,76.5,68.0,3.7542,4.2387,9.648533212e-07,4.18e-07,False,rest,0.0054316236198738,no-positive-hysteresis comparator,29.492135397230832,46.9609185083652,-4.72164131500212,22.97381791737596,25.379199137573057,182.16344770514635,1.9197487,1.8809679991343946,-2.0200925707414394,-38.78070086560537
"K Literature kinetics + Ai2020 L + SEM R, no p hysteresis",Old July BoL,6-5,1.0,Discharge,76.5,68.0,3.7542,4.2387,9.648533212e-07,4.18e-07,False,rest,0.9839145344369091,no-positive-hysteresis comparator,30.490329645010796,37.66978366563963,20.863761548301053,16.979469239513204,20.534788947350265,-97.12307518624908,2.2603984,2.2690164671549513,0.3812631947957125,8.61806715495117
"K Literature kinetics + Ai2020 L + SEM R, no p hysteresis",Old July BoL,6-6,1.0,Discharge,76.5,68.0,3.7542,4.2387,9.648533212e-07,4.18e-07,False,rest,0.9839145344369091,no-positive-hysteresis comparator,28.681679183013507,35.66045688991121,18.07595045254107,15.368760052855766,18.45605691715692,-97.82307518624921,2.2609308,2.2690164671549513,0.35762559185584897,8.085667154951182
"K Literature kinetics + Ai2020 L + SEM R, no p hysteresis",Old July BoL,6-8,1.0,Discharge,76.5,68.0,3.7542,4.2387,9.648533212e-07,4.18e-07,False,rest,0.9839145344369091,no-positive-hysteresis comparator,25.210264814413904,31.69515471076805,11.513000561877714,12.557951025410452,14.526888144416962,-101.12307518624863,2.2625206,2.2690164671549513,0.28710753638888836,6.495867154951096
"K Literature kinetics + Ai2020 L + SEM R, no p hysteresis",Old July BoL,6-5,2.0,Charge,76.5,68.0,3.7542,4.2387,9.648533212e-07,4.18e-07,False,rest,0.01154949766251652,no-positive-hysteresis comparator,32.468383485758125,51.92249019479926,-2.8697171787019715,21.462226173458752,24.039875878366708,178.20373174661876,1.4615742,1.45451107994039,-0.48325429250256835,-7.063120059610073
"K Literature kinetics + Ai2020 L + SEM R, no p hysteresis",Old July BoL,6-6,2.0,Charge,76.5,68.0,3.7542,4.2387,9.648533212e-07,4.18e-07,False,rest,0.01154949766251652,no-positive-hysteresis comparator,31.47450768979206,51.64055190973943,-0.9222989370470123,19.9246860231843,22.326303137587875,178.50373174661894,1.4620776,1.45451107994039,-0.5175183628837488,-7.566520059610005
"K Literature kinetics + Ai2020 L + SEM R, no p hysteresis",Old July BoL,6-8,2.0,Charge,76.5,68.0,3.7542,4.2387,9.648533212e-07,4.18e-07,False,rest,0.01154949766251652,no-positive-hysteresis comparator,28.757138105471444,54.02511601824154,8.43559208947379,14.362873849741055,15.976098450733527,199.60373174661862,1.5077586,1.45451107994039,-3.531567988377588,-53.24752005961009
"K Literature kinetics + Ai2020 L + SEM R, no p hysteresis",Old July BoL,6-5,2.0,Discharge,76.5,68.0,3.7542,4.2387,9.648533212e-07,4.18e-07,False,rest,0.9845900424834105,no-positive-hysteresis comparator,15.316439669697365,20.75051924790684,4.564833891888809,12.106263228199415,12.969474701836724,-122.8684418089534,2.2148011,2.2055477361503133,-0.41779660709426947,-9.253363849686558
"K Literature kinetics + Ai2020 L + SEM R, no p hysteresis",Old July BoL,6-6,2.0,Discharge,76.5,68.0,3.7542,4.2387,9.648533212e-07,4.18e-07,False,rest,0.9845900424834105,no-positive-hysteresis comparator,13.914872314917108,20.099446301632124,2.551361055088254,10.182500178872889,11.05142082519279,-123.06844180895294,2.2142754,2.2055477361503133,-0.3941543969502035,-8.727663849686706
"K Literature kinetics + Ai2020 L + SEM R, no p hysteresis",Old July BoL,6-8,2.0,Discharge,76.5,68.0,3.7542,4.2387,9.648533212e-07,4.18e-07,False,rest,0.9845900424834105,no-positive-hysteresis comparator,10.866794715878735,21.609973507446504,-8.600070823333894,3.441210351188473,4.392113998289357,-130.96844180895317,2.2188985,2.2055477361503133,-0.6016842973974063,-13.350763849686587
"K Literature kinetics + Ai2020 L + SEM R, no p hysteresis",New September,6-1,0.5,Charge,76.5,68.0,3.7542,4.2387,9.648533212e-07,4.18e-07,False,rest,0.01673195175120065,no-positive-hysteresis comparator,51.42947855977389,55.34691310234342,-47.91635407731842,61.07161976746536,62.465443734273244,106.41321449182372,2.027154,2.06968591850435,2.098109887277939,42.53191850435023
"K Literature kinetics + Ai2020 L + SEM R, no p hysteresis",New September,6-2,0.5,Charge,76.5,68.0,3.7542,4.2387,9.648533212e-07,4.18e-07,False,rest,0.01673195175120065,no-positive-hysteresis comparator,47.564235464731034,52.02639068631905,-43.98709309832173,57.611442315533324,59.167359608335765,105.91321449182401,2.0443931,2.06968591850435,1.2371798018859457,25.292818504349945
"K Literature kinetics + Ai2020 L + SEM R, no p hysteresis",New September,6-1,0.5,Discharge,76.5,68.0,3.7542,4.2387,9.648533212e-07,4.18e-07,False,rest,0.9738284013796638,no-positive-hysteresis comparator,66.03436376115464,79.51877746840302,64.54271950754975,50.250825499045234,53.27289725301911,-52.45534164163157,2.2358828,2.2696237058697877,1.5090641544264978,33.74090586978751
"K Literature kinetics + Ai2020 L + SEM R, no p hysteresis",New September,6-2,0.5,Discharge,76.5,68.0,3.7542,4.2387,9.648533212e-07,4.18e-07,False,rest,0.9738284013796638,no-positive-hysteresis comparator,61.014479034125415,72.0283617958438,59.39204035388675,46.94756042654588,49.85439892231859,-53.65534164163144,2.2517154,2.2696237058697877,0.7953183546103354,17.908305869787533
"K Literature kinetics + Ai2020 L + SEM R, no p hysteresis",New September,6-1,1.0,Charge,76.5,68.0,3.7542,4.2387,9.648533212e-07,4.18e-07,False,rest,0.029325838202759354,no-positive-hysteresis comparator,63.14336877460612,65.47041488735832,-58.22825719450866,67.99690442240356,68.76752240834476,125.7336258273054,1.742599,1.8247912559188264,4.716647715213104,82.19225591882639
"K Literature kinetics + Ai2020 L + SEM R, no p hysteresis",New September,6-2,1.0,Charge,76.5,68.0,3.7542,4.2387,9.648533212e-07,4.18e-07,False,rest,0.029325838202759354,no-positive-hysteresis comparator,58.478370768783336,61.085785171067705,-53.643633204792714,63.52774705955092,64.45575018737335,125.03362582730526,1.7636914,1.8247912559188264,3.4643167120294684,61.09985591882649
"K Literature kinetics + Ai2020 L + SEM R, no p hysteresis",New September,6-1,1.0,Discharge,76.5,68.0,3.7542,4.2387,9.648533212e-07,4.18e-07,False,rest,0.9747912909488308,no-positive-hysteresis comparator,76.09483046253247,88.47512830928876,73.64400718068208,60.615560000277334,63.83988725162665,-82.02376496253638,2.2078617,2.247517841043525,1.7961333829707165,39.65614104352477
"K Literature kinetics + Ai2020 L + SEM R, no p hysteresis",New September,6-2,1.0,Discharge,76.5,68.0,3.7542,4.2387,9.648533212e-07,4.18e-07,False,rest,0.9747912909488308,no-positive-hysteresis comparator,71.97291993656822,83.00357622598294,69.39553595206385,57.49616729173232,60.64398705907965,-83.82376496253663,2.2213459,2.247517841043525,1.1782019650125,26.171941043524605
"K Literature kinetics + Ai2020 L + SEM R, no p hysteresis",New September,6-1,2.0,Charge,76.5,68.0,3.7542,4.2387,9.648533212e-07,4.18e-07,False,rest,0.06262949898952147,no-positive-hysteresis comparator,83.99117184494486,85.84162473028502,-79.63831860853512,91.29652631650684,91.56236366450476,112.18029636610626,1.0064489,1.3413198410515015,33.27252293201387,334.8709410515014
"K Literature kinetics + Ai2020 L + SEM R, no p hysteresis",New September,6-2,2.0,Charge,76.5,68.0,3.7542,4.2387,9.648533212e-07,4.18e-07,False,rest,0.06262949898952147,no-positive-hysteresis comparator,79.3658799398632,81.15982012321109,-75.14404686349111,86.26854720612023,86.51510189258117,109.08029636610638,1.0281333,1.3413198410515015,30.461666891978073,313.1865410515016
"K Literature kinetics + Ai2020 L + SEM R, no p hysteresis",New September,6-1,2.0,Discharge,76.5,68.0,3.7542,4.2387,9.648533212e-07,4.18e-07,False,rest,0.9750320133411227,no-positive-hysteresis comparator,76.34981326662677,79.87424016943501,74.00618194352857,71.96433531065136,72.86004362115679,-95.44316464992608,2.1344919,2.18314327881905,2.2792955465912006,48.65137881904991
"K Literature kinetics + Ai2020 L + SEM R, no p hysteresis",New September,6-2,2.0,Discharge,76.5,68.0,3.7542,4.2387,9.648533212e-07,4.18e-07,False,rest,0.9750320133411227,no-positive-hysteresis comparator,74.45832291293664,77.93866866465952,72.08819279721098,69.7698942231423,70.58079049682274,-93.54316464992607,2.1387107,2.18314327881905,2.0775403994121344,44.43257881905005
"L Literature kinetics + consensus L + SEM R, endpoint init",Old July BoL,6-5,0.5,Charge,76.5,62.7325,3.7542,4.2387,9.648533212e-07,4.18e-07,True,endpoint,0.0,protocol-inconsistent initialization control,31.914776944795612,39.00252479373592,-22.93757552084717,39.84059314626388,42.59123016681432,83.09228685813785,2.1426725,2.1052481189184222,-1.7466216177030307,-37.42438108157798
"L Literature kinetics + consensus L + SEM R, endpoint init",Old July BoL,6-6,0.5,Charge,76.5,62.7325,3.7542,4.2387,9.648533212e-07,4.18e-07,True,endpoint,0.0,protocol-inconsistent initialization control,31.03814008707267,37.93034358057651,-21.42970732621392,38.25984901251917,41.10499507650161,76.5922868581379,2.1458557,2.1052481189184222,-1.89237240330641,-40.60758108157758
"L Literature kinetics + consensus L + SEM R, endpoint init",Old July BoL,6-8,0.5,Charge,76.5,62.7325,3.7542,4.2387,9.648533212e-07,4.18e-07,True,endpoint,0.0,protocol-inconsistent initialization control,29.60306384054624,36.444729595260114,-18.97286084634768,35.594930364722586,38.631635335096334,82.99228685813765,2.1492388,2.1052481189184222,-2.0468028532510103,-43.990681081577776
"L Literature kinetics + consensus L + SEM R, endpoint init",Old July BoL,6-5,0.5,Discharge,76.5,62.7325,3.7542,4.2387,9.648533212e-07,4.18e-07,True,endpoint,1.0,protocol-inconsistent initialization control,38.53580745209644,52.118826312774935,36.205713010772435,25.082901900361982,26.064271985836758,-45.297361271724235,2.2897203,2.3307970640958935,1.7939642713519883,41.07676409589356
"L Literature kinetics + consensus L + SEM R, endpoint init",Old July BoL,6-6,0.5,Discharge,76.5,62.7325,3.7542,4.2387,9.648533212e-07,4.18e-07,True,endpoint,1.0,protocol-inconsistent initialization control,36.94092283664841,50.45735623544588,34.49066841533334,23.83129460437175,24.75708588797017,-45.19736127172358,2.2903671,2.3307970640958935,1.7652176411324363,40.42996409589339
"L Literature kinetics + consensus L + SEM R, endpoint init",Old July BoL,6-8,0.5,Discharge,76.5,62.7325,3.7542,4.2387,9.648533212e-07,4.18e-07,True,endpoint,1.0,protocol-inconsistent initialization control,33.54106130902068,47.6087418421614,30.55085993644605,20.152236551516864,21.143103861069296,-48.29736127172435,2.2897484,2.3307970640958935,1.7927150465917288,41.04866409589336
"L Literature kinetics + consensus L + SEM R, endpoint init",Old July BoL,6-5,1.0,Charge,76.5,62.7325,3.7542,4.2387,9.648533212e-07,4.18e-07,True,endpoint,0.0,protocol-inconsistent initialization control,33.67547049398395,41.6467996579366,-18.652757562443448,33.564538929436154,35.95064328793567,-25.812479284379464,1.899352,1.8872728620304446,-0.6359609998333794,-12.079137969555287
"L Literature kinetics + consensus L + SEM R, endpoint init",Old July BoL,6-6,1.0,Charge,76.5,62.7325,3.7542,4.2387,9.648533212e-07,4.18e-07,True,endpoint,0.0,protocol-inconsistent initialization control,31.59917153464551,40.21243869073634,-15.581657011946271,30.671375238297323,33.22807420542863,-22.81247928437935,1.9087741,1.8872728620304446,-1.1264422526246238,-21.501237969555387
"L Literature kinetics + consensus L + SEM R, endpoint init",Old July BoL,6-8,1.0,Charge,76.5,62.7325,3.7542,4.2387,9.648533212e-07,4.18e-07,True,endpoint,0.0,protocol-inconsistent initialization control,28.31821751101575,38.16310975627762,-10.253326567146106,25.621280814464807,28.106107691469287,-14.812479284379343,1.9197487,1.8872728620304446,-1.6916713093518614,-32.47583796955533
"L Literature kinetics + consensus L + SEM R, endpoint init",Old July BoL,6-5,1.0,Discharge,76.5,62.7325,3.7542,4.2387,9.648533212e-07,4.18e-07,True,endpoint,1.0,protocol-inconsistent initialization control,38.913435668288706,49.84863417587526,33.4979091754824,24.745460017264048,26.715115429355297,-80.70997122216816,2.2603984,2.3058182775701166,2.009374877017983,45.419877570116455
"L Literature kinetics + consensus L + SEM R, endpoint init",Old July BoL,6-6,1.0,Discharge,76.5,62.7325,3.7542,4.2387,9.648533212e-07,4.18e-07,True,endpoint,1.0,protocol-inconsistent initialization control,36.6088880836332,47.700940319987104,30.741939706179,22.296182819904452,24.239307241504775,-81.40997122216831,2.2609308,2.3058182775701166,1.9853538892086595,44.88747757011646
"L Literature kinetics + consensus L + SEM R, endpoint init",Old July BoL,6-8,1.0,Discharge,76.5,62.7325,3.7542,4.2387,9.648533212e-07,4.18e-07,True,endpoint,1.0,protocol-inconsistent initialization control,31.405097175811342,43.02867171168119,24.27443180723466,16.58068410900114,18.549423303883323,-84.70997122216772,2.2625206,2.3058182775701166,1.9136920817479572,43.29767757011638
"L Literature kinetics + consensus L + SEM R, endpoint init",Old July BoL,6-5,2.0,Charge,76.5,62.7325,3.7542,4.2387,9.648533212e-07,4.18e-07,True,endpoint,0.0,protocol-inconsistent initialization control,28.92159024856992,38.567472343976895,-8.578468676883976,22.147939637225488,24.58487603283809,-118.8252601332187,1.4615742,1.4611826229415485,-0.026791459403942525,-0.3915770584514977
"L Literature kinetics + consensus L + SEM R, endpoint init",Old July BoL,6-6,2.0,Charge,76.5,62.7325,3.7542,4.2387,9.648533212e-07,4.18e-07,True,endpoint,0.0,protocol-inconsistent initialization control,27.858995333179532,38.04608631796648,-6.639287834227613,20.535893737456718,22.83827401528537,-118.52526013321851,1.4620776,1.4611826229415485,-0.061212692024789205,-0.8949770584514294
"L Literature kinetics + consensus L + SEM R, endpoint init",Old July BoL,6-8,2.0,Charge,76.5,62.7325,3.7542,4.2387,9.648533212e-07,4.18e-07,True,endpoint,0.0,protocol-inconsistent initialization control,24.552572003097385,38.89350835448752,2.710833496694271,14.534004890488427,16.181492672646176,-97.42526013321884,1.5077586,1.4611826229415485,-3.089087142892205,-46.575977058451514
"L Literature kinetics + consensus L + SEM R, endpoint init",Old July BoL,6-5,2.0,Discharge,76.5,62.7325,3.7542,4.2387,9.648533212e-07,4.18e-07,True,endpoint,1.0,protocol-inconsistent initialization control,18.197512768501568,21.502498325309933,12.226360264923276,17.638943287830898,17.93093233793294,-108.26665298370308,2.2148011,2.2351801251631476,0.9201289074286497,20.379025163147713
"L Literature kinetics + consensus L + SEM R, endpoint init",Old July BoL,6-6,2.0,Discharge,76.5,62.7325,3.7542,4.2387,9.648533212e-07,4.18e-07,True,endpoint,1.0,protocol-inconsistent initialization control,16.50964765828091,20.31473130179279,10.220341020499419,15.627331736935918,15.97523835705579,-108.46665298370262,2.2142754,2.2351801251631476,0.9440887598330163,20.904725163147564
"L Literature kinetics + consensus L + SEM R, endpoint init",Old July BoL,6-8,2.0,Discharge,76.5,62.7325,3.7542,4.2387,9.648533212e-07,4.18e-07,True,endpoint,1.0,protocol-inconsistent initialization control,9.03548385913281,17.20331947485368,-0.8983636060704072,5.117263628187999,6.011714928639741,-116.36665298370286,2.2188985,2.2351801251631476,0.7337706147057959,16.281625163147684
"L Literature kinetics + consensus L + SEM R, endpoint init",New September,6-1,0.5,Charge,76.5,62.7325,3.7542,4.2387,9.648533212e-07,4.18e-07,True,endpoint,0.0,protocol-inconsistent initialization control,63.534856475898906,66.58398087248634,-63.534856475898906,69.84883961512405,70.89887175767001,-254.8030640134633,2.027154,2.105238285653298,3.851916808160502,78.08428565329794
"L Literature kinetics + consensus L + SEM R, endpoint init",New September,6-2,0.5,Charge,76.5,62.7325,3.7542,4.2387,9.648533212e-07,4.18e-07,True,endpoint,0.0,protocol-inconsistent initialization control,59.608269674226506,63.14732163115862,-59.608269674226506,66.38866216319202,67.5565160503972,-255.30306401346303,2.0443931,2.105238285653298,2.9761979559262675,60.84518565329766
"L Literature kinetics + consensus L + SEM R, endpoint init",New September,6-1,0.5,Discharge,76.5,62.7325,3.7542,4.2387,9.648533212e-07,4.18e-07,True,endpoint,1.0,protocol-inconsistent initialization control,85.06761642268802,101.3704872346562,84.82403849430538,66.95882590669548,67.99317944298583,-26.103188240610642,2.2358828,2.3307952027610246,4.24496323157119,94.91240276102442
"L Literature kinetics + consensus L + SEM R, endpoint init",New September,6-2,0.5,Discharge,76.5,62.7325,3.7542,4.2387,9.648533212e-07,4.18e-07,True,endpoint,1.0,protocol-inconsistent initialization control,81.14725507705553,96.29490148098209,80.88211197292082,63.65556083419612,64.58537688701504,-27.30318824061051,2.2517154,2.3307952027610246,3.5119803666584346,79.07980276102444
"L Literature kinetics + consensus L + SEM R, endpoint init",New September,6-1,1.0,Charge,76.5,62.7325,3.7542,4.2387,9.648533212e-07,4.18e-07,True,endpoint,0.0,protocol-inconsistent initialization control,77.90648501121309,80.27113583161004,-77.90648501121309,79.84181622623132,80.2962032565259,-333.21100252316205,1.742599,1.8872687793870255,8.30195468877381,144.66977938702553
"L Literature kinetics + consensus L + SEM R, endpoint init",New September,6-2,1.0,Charge,76.5,62.7325,3.7542,4.2387,9.648533212e-07,4.18e-07,True,endpoint,0.0,protocol-inconsistent initialization control,73.38119013219665,76.05153902630738,-73.38119013219665,75.37265886337869,75.89445150956728,-333.9110025231622,1.7636914,1.8872687793870255,7.006746156783756,123.57737938702562
"L Literature kinetics + consensus L + SEM R, endpoint init",New September,6-1,1.0,Discharge,76.5,62.7325,3.7542,4.2387,9.648533212e-07,4.18e-07,True,endpoint,1.0,protocol-inconsistent initialization control,91.95582824521058,105.36284389414395,90.9191941214994,75.20966037824635,76.65934082940817,-58.71330648380724,2.2078617,2.305816673722091,4.43664445658399,97.95497372209105
"L Literature kinetics + consensus L + SEM R, endpoint init",New September,6-2,1.0,Discharge,76.5,62.7325,3.7542,4.2387,9.648533212e-07,4.18e-07,True,endpoint,1.0,protocol-inconsistent initialization control,88.528765443505,101.37762986967819,87.42859900524395,72.09026766970133,73.45368418044781,-60.51330648380748,2.2213459,2.305816673722091,3.8026843870687084,84.47077372209088
"L Literature kinetics + consensus L + SEM R, endpoint init",New September,6-1,2.0,Charge,76.5,62.7325,3.7542,4.2387,9.648533212e-07,4.18e-07,True,endpoint,0.0,protocol-inconsistent initialization control,104.19450621972271,109.01590303564673,-104.19450621972271,104.34065252518648,104.6614342927301,-471.61649573902855,1.0064489,1.461121040391649,45.1758793110757,454.67214039164895
"L Literature kinetics + consensus L + SEM R, endpoint init",New September,6-2,2.0,Charge,76.5,62.7325,3.7542,4.2387,9.648533212e-07,4.18e-07,True,endpoint,0.0,protocol-inconsistent initialization control,99.6091897612912,104.8009627491371,-99.6091897612912,99.4891083379803,99.80550207158524,-474.7164957390284,1.0281333,1.461121040391649,42.11396911194775,432.98774039164914
"L Literature kinetics + consensus L + SEM R, endpoint init",New September,6-1,2.0,Discharge,76.5,62.7325,3.7542,4.2387,9.648533212e-07,4.18e-07,True,endpoint,1.0,protocol-inconsistent initialization control,89.32711154441519,92.98215349816367,87.77783883863633,83.07113133878633,83.46376532458886,-73.87226172961635,2.1344919,2.235169022356436,4.71667858549551,100.67712235643623
"L Literature kinetics + consensus L + SEM R, endpoint init",New September,6-2,2.0,Discharge,76.5,62.7325,3.7542,4.2387,9.648533212e-07,4.18e-07,True,endpoint,1.0,protocol-inconsistent initialization control,87.47956514126173,91.19826960387381,85.94085938349376,80.87669025127727,81.2318445521768,-71.97226172961635,2.1387107,2.235169022356436,4.510115480155235,96.45832235643637
"M Literature kinetics + gauge L + SEM R, no p hysteresis",Old July BoL,6-5,0.5,Charge,73.0,62.5,3.7542,4.2387,9.648533212e-07,4.18e-07,False,rest,0.0008876376450980188,physical gauge case without positive hysteresis,28.932411428372806,37.214250490035724,-14.031068363496615,31.23679483506544,34.16946647498529,151.90494325533032,2.1426725,2.084035069598427,-2.736649226681777,-58.6374304015731
"M Literature kinetics + gauge L + SEM R, no p hysteresis",Old July BoL,6-6,0.5,Charge,73.0,62.5,3.7542,4.2387,9.648533212e-07,4.18e-07,False,rest,0.0008876376450980188,physical gauge case without positive hysteresis,28.224207521263132,36.40164645656243,-12.52121711376757,29.67886169564357,32.71742205477351,145.40494325533038,2.1458557,2.084035069598427,-2.8809313879573875,-61.82063040157271
"M Literature kinetics + gauge L + SEM R, no p hysteresis",Old July BoL,6-8,0.5,Charge,73.0,62.5,3.7542,4.2387,9.648533212e-07,4.18e-07,False,rest,0.0008876376450980188,physical gauge case without positive hysteresis,27.01539407299119,35.508245587058724,-10.052971539688782,27.107043077614982,30.31961556294462,151.8049432553301,2.1492388,2.084035069598427,-3.0338057549292756,-65.2037304015729
"M Literature kinetics + gauge L + SEM R, no p hysteresis",Old July BoL,6-5,0.5,Discharge,73.0,62.5,3.7542,4.2387,9.648533212e-07,4.18e-07,False,rest,0.984252307280564,physical gauge case without positive hysteresis,22.850888693135218,29.500065822991154,13.723009089212628,10.67447910428913,12.19126312889112,-65.15809709577968,2.2897203,2.2934888158187743,0.1645841118137597,3.768515818774354
"M Literature kinetics + gauge L + SEM R, no p hysteresis",Old July BoL,6-6,0.5,Discharge,73.0,62.5,3.7542,4.2387,9.648533212e-07,4.18e-07,False,rest,0.984252307280564,physical gauge case without positive hysteresis,21.532715374349987,27.87536229403105,11.957859675220348,9.911217745117511,11.164781021278083,-65.05809709577903,2.2903671,2.2934888158187743,0.13629761878670824,3.1217158187741845
"M Literature kinetics + gauge L + SEM R, no p hysteresis",Old July BoL,6-8,0.5,Discharge,73.0,62.5,3.7542,4.2387,9.648533212e-07,4.18e-07,False,rest,0.984252307280564,physical gauge case without positive hysteresis,19.6219216823289,25.865759668094032,8.0659883170437,8.484749329509693,9.542757107775458,-68.1580970957798,2.2897484,2.2934888158187743,0.16335488295457073,3.7404158187741565
"M Literature kinetics + gauge L + SEM R, no p hysteresis",Old July BoL,6-5,1.0,Charge,73.0,62.5,3.7542,4.2387,9.648533212e-07,4.18e-07,False,rest,0.0054316236198738,physical gauge case without positive hysteresis,28.636765531248837,46.99586840845035,-1.3498445459296715,19.963764913473632,22.48744419489313,174.9801021920967,1.899352,1.833226968272265,-3.481452186205342,-66.12503172773488
"M Literature kinetics + gauge L + SEM R, no p hysteresis",Old July BoL,6-6,1.0,Charge,73.0,62.5,3.7542,4.2387,9.648533212e-07,4.18e-07,False,rest,0.0054316236198738,physical gauge case without positive hysteresis,27.600673279287584,46.80465314585188,1.7097517224106367,17.770800785106484,20.221923676294125,177.9801021920968,1.9087741,1.833226968272265,-3.9578875115570233,-75.54713172773498
"M Literature kinetics + gauge L + SEM R, no p hysteresis",Old July BoL,6-8,1.0,Charge,73.0,62.5,3.7542,4.2387,9.648533212e-07,4.18e-07,False,rest,0.0054316236198738,physical gauge case without positive hysteresis,25.874173473008486,47.09348567948343,7.0742121177046435,14.20794222903736,16.15905329046021,185.9801021920968,1.9197487,1.833226968272265,-4.506930085574998,-86.52173172773492
"M Literature kinetics + gauge L + SEM R, no p hysteresis",Old July BoL,6-5,1.0,Discharge,73.0,62.5,3.7542,4.2387,9.648533212e-07,4.18e-07,False,rest,0.9839145344369091,physical gauge case without positive hysteresis,20.065319653549906,25.886817731691387,3.7942989210691143,9.709080997503843,10.964724773411092,-100.9207049588623,2.2603984,2.265929559996508,0.2446984565423509,5.531159996507995
"M Literature kinetics + gauge L + SEM R, no p hysteresis",Old July BoL,6-6,1.0,Discharge,73.0,62.5,3.7542,4.2387,9.648533212e-07,4.18e-07,False,rest,0.9839145344369091,physical gauge case without positive hysteresis,18.858775505401074,25.016198786897725,1.004338349209878,9.058132686385573,10.82789962807058,-101.62070495886243,2.2609308,2.265929559996508,0.2210930116263623,4.9987599965080065
"M Literature kinetics + gauge L + SEM R, no p hysteresis",Old July BoL,6-8,1.0,Discharge,73.0,62.5,3.7542,4.2387,9.648533212e-07,4.18e-07,False,rest,0.9839145344369091,physical gauge case without positive hysteresis,17.482666900260792,24.474259469144574,-5.564368997837821,9.588419873207346,13.150179668057486,-104.92070495886185,2.2625206,2.265929559996508,0.15067089318470384,3.408959996507921
"M Literature kinetics + gauge L + SEM R, no p hysteresis",Old July BoL,6-5,2.0,Charge,73.0,62.5,3.7542,4.2387,9.648533212e-07,4.18e-07,False,rest,0.01154949766251652,physical gauge case without positive hysteresis,25.192807275535724,54.84461762071833,21.067604625098863,7.921435698057323,10.492783223867162,184.7147477823876,1.4615742,1.3139601130667964,-10.099664247850274,-147.61408693320365
"M Literature kinetics + gauge L + SEM R, no p hysteresis",Old July BoL,6-6,2.0,Charge,73.0,62.5,3.7542,4.2387,9.648533212e-07,4.18e-07,False,rest,0.01154949766251652,physical gauge case without positive hysteresis,25.480832990668205,55.43563895091653,23.158974092056543,7.872157956793799,11.21581068256076,185.01474778238781,1.4620776,1.3139601130667964,-10.130617344332721,-148.1174869332036
"M Literature kinetics + gauge L + SEM R, no p hysteresis",Old July BoL,6-8,2.0,Charge,73.0,62.5,3.7542,4.2387,9.648533212e-07,4.18e-07,False,rest,0.01154949766251652,physical gauge case without positive hysteresis,32.65367283407653,61.53248818638125,32.65367283407653,13.954985745846779,17.37361096694583,206.11474778238747,1.5077586,1.3139601130667964,-12.853416119344546,-193.79848693320366
"M Literature kinetics + gauge L + SEM R, no p hysteresis",Old July BoL,6-5,2.0,Discharge,73.0,62.5,3.7542,4.2387,9.648533212e-07,4.18e-07,False,rest,0.9845900424834105,physical gauge case without positive hysteresis,42.324262502688015,56.550949459463595,-42.324262502688015,23.262135962838688,25.569207933544188,-129.36854183244506,2.2148011,2.102124465499513,-5.087438077418637,-112.67663450048681
"M Literature kinetics + gauge L + SEM R, no p hysteresis",Old July BoL,6-6,2.0,Discharge,73.0,62.5,3.7542,4.2387,9.648533212e-07,4.18e-07,False,rest,0.9845900424834105,physical gauge case without positive hysteresis,44.42867827314106,58.22314741038178,-44.42867827314106,25.273747513733667,27.575927420666957,-129.5685418324446,2.2142754,2.102124465499513,-5.064904505577173,-112.15093450048697
"M Literature kinetics + gauge L + SEM R, no p hysteresis",Old July BoL,6-8,2.0,Discharge,73.0,62.5,3.7542,4.2387,9.648533212e-07,4.18e-07,False,rest,0.9845900424834105,physical gauge case without positive hysteresis,55.374799651586315,67.43330684180464,-55.374799651586315,35.918322021419286,37.71173734007899,-137.46854183244483,2.2188985,2.102124465499513,-5.262702845600502,-116.77403450048685
"M Literature kinetics + gauge L + SEM R, no p hysteresis",New September,6-1,0.5,Charge,73.0,62.5,3.7542,4.2387,9.648533212e-07,4.18e-07,False,rest,0.01673195175120065,physical gauge case without positive hysteresis,45.780834114312256,50.21902327872984,-41.83932213708903,55.24683548470898,56.75908607339154,108.48458286952223,2.027154,2.0466891851219966,0.9636754347226063,19.5351851219967
"M Literature kinetics + gauge L + SEM R, no p hysteresis",New September,6-2,0.5,Charge,73.0,62.5,3.7542,4.2387,9.648533212e-07,4.18e-07,False,rest,0.01673195175120065,physical gauge case without positive hysteresis,41.89070077234408,47.060088278477735,-37.87282014114321,51.78665803277696,53.485422211079225,107.98458286952251,2.0443931,2.0466891851219966,0.11231133200343985,2.2960851219964162
"M Literature kinetics + gauge L + SEM R, no p hysteresis",New September,6-1,0.5,Discharge,73.0,62.5,3.7542,4.2387,9.648533212e-07,4.18e-07,False,rest,0.9738284013796638,physical gauge case without positive hysteresis,59.12083845669246,72.66707363608758,57.07757542051552,43.11806053561269,46.19560703348042,-54.50348321084775,2.2358828,2.2689228291884485,1.477717400413308,33.04002918844829
"M Literature kinetics + gauge L + SEM R, no p hysteresis",New September,6-2,0.5,Discharge,73.0,62.5,3.7542,4.2387,9.648533212e-07,4.18e-07,False,rest,0.9738284013796638,physical gauge case without positive hysteresis,54.14524304038699,65.07443181117281,51.914433297389266,39.81479546311334,42.78813576052959,-55.703483210847615,2.2517154,2.2689228291884485,0.7641920106088145,17.20742918844831
"M Literature kinetics + gauge L + SEM R, no p hysteresis",New September,6-1,1.0,Charge,73.0,62.5,3.7542,4.2387,9.648533212e-07,4.18e-07,False,rest,0.029325838202759354,physical gauge case without positive hysteresis,51.77645398818124,54.77911683054513,-46.202485219215944,55.86666308811429,56.98093044127695,129.5435999157748,1.742599,1.7771370578972987,1.9819854078476282,34.53805789729869
"M Literature kinetics + gauge L + SEM R, no p hysteresis",New September,6-2,1.0,Charge,73.0,62.5,3.7542,4.2387,9.648533212e-07,4.18e-07,False,rest,0.029325838202759354,physical gauge case without positive hysteresis,47.02743730723283,50.60493726056388,-41.52428359966482,51.39750572526166,52.76865108516688,128.84359991577466,1.7636914,1.7771370578972987,0.7623588739673387,13.44565789729879
"M Literature kinetics + gauge L + SEM R, no p hysteresis",New September,6-1,1.0,Discharge,73.0,62.5,3.7542,4.2387,9.648533212e-07,4.18e-07,False,rest,0.9747912909488308,physical gauge case without positive hysteresis,60.096752291481046,71.16364838549696,56.70599986602041,45.68794536511935,48.69458954178098,-85.81908692628647,2.2078617,2.2444328155166775,1.6564042719105758,36.571115516677466
"M Literature kinetics + gauge L + SEM R, no p hysteresis",New September,6-2,1.0,Discharge,73.0,62.5,3.7542,4.2387,9.648533212e-07,4.18e-07,False,rest,0.9747912909488308,physical gauge case without positive hysteresis,55.98262705823342,65.61422081904817,52.40511233129839,42.56855265657433,45.50958904419286,-87.61908692628673,2.2213459,2.2444328155166775,1.0393210493096683,23.086915516677298
"M Literature kinetics + gauge L + SEM R, no p hysteresis",New September,6-1,2.0,Charge,73.0,62.5,3.7542,4.2387,9.648533212e-07,4.18e-07,False,rest,0.06262949898952147,physical gauge case without positive hysteresis,64.67398186995005,66.32378991770611,-59.665800887310205,69.84658884019589,70.02230444299421,118.68314232120002,1.0064489,1.2069627973071893,19.922908883619343,200.51389730718915
"M Literature kinetics + gauge L + SEM R, no p hysteresis",New September,6-2,2.0,Charge,73.0,62.5,3.7542,4.2387,9.648533212e-07,4.18e-07,False,rest,0.06262949898952147,physical gauge case without positive hysteresis,59.82249058532813,61.462578031057625,-54.94464746940794,64.56276569267786,64.72477429759819,115.58314232120014,1.0281333,1.2069627973071893,17.393610080248287,178.82949730718934
"M Literature kinetics + gauge L + SEM R, no p hysteresis",New September,6-1,2.0,Discharge,73.0,62.5,3.7542,4.2387,9.648533212e-07,4.18e-07,False,rest,0.9750320133411227,physical gauge case without positive hysteresis,32.95427072026618,34.923191919964715,25.159803691323624,36.33027456402086,36.420045261941645,-101.9419864320943,2.1344919,2.081397497536231,-2.48744923622194,-53.09440246376917
"M Literature kinetics + gauge L + SEM R, no p hysteresis",New September,6-2,2.0,Discharge,73.0,62.5,3.7542,4.2387,9.648533212e-07,4.18e-07,False,rest,0.9750320133411227,physical gauge case without positive hysteresis,31.192951993906178,33.246752538826016,23.218247549597955,34.13583347651181,34.294001555956896,-100.04198643209428,2.1387107,2.081397497536231,-2.679801548838234,-57.31320246376903
"N Legacy kn + gauge L + SEM R, no p hysteresis",Old July BoL,6-5,0.5,Charge,73.0,62.5,3.7542,4.2387,7.4e-07,4.18e-07,False,rest,0.0008876376450980188,numerical gauge comparator without positive hysteresis,26.69136856773512,35.9367971355758,-6.1427859555534665,24.0529855981076,27.394257596212263,165.17327780435355,2.1426725,2.065543138261153,-3.599680386939539,-77.12936173884711
"N Legacy kn + gauge L + SEM R, no p hysteresis",Old July BoL,6-6,0.5,Charge,73.0,62.5,3.7542,4.2387,7.4e-07,4.18e-07,False,rest,0.0008876376450980188,numerical gauge comparator without positive hysteresis,26.176184436111498,35.42888539274778,-4.631280614079901,22.70049608465034,26.03993734451505,158.67327780435357,2.1458557,2.065543138261153,-3.742682312647897,-80.31256173884671
"N Legacy kn + gauge L + SEM R, no p hysteresis",Old July BoL,6-8,0.5,Charge,73.0,62.5,3.7542,4.2387,7.4e-07,4.18e-07,False,rest,0.0008876376450980188,numerical gauge comparator without positive hysteresis,25.317707631835024,35.085092424809375,-2.153797651800695,20.534749955940597,23.843213523469814,165.07327780435332,2.1492388,2.065543138261153,-3.8942002042233232,-83.69566173884691
"N Legacy kn + gauge L + SEM R, no p hysteresis",Old July BoL,6-5,0.5,Discharge,73.0,62.5,3.7542,4.2387,7.4e-07,4.18e-07,False,rest,0.984252307280564,numerical gauge comparator without positive hysteresis,20.421440161413788,26.65660744612749,6.3264486169759415,9.017584454197856,10.605783236114096,-75.67887840160114,2.2897203,2.2923384883894293,0.11434533682692156,2.618188389429399
"N Legacy kn + gauge L + SEM R, no p hysteresis",Old July BoL,6-6,0.5,Discharge,73.0,62.5,3.7542,4.2387,7.4e-07,4.18e-07,False,rest,0.984252307280564,numerical gauge comparator without positive hysteresis,19.214689636906034,25.38490434248325,4.559765975180555,8.437779010649807,10.228580664829025,-75.57887840160049,2.2903671,2.2923384883894293,0.08607303123718593,1.9713883894292294
"N Legacy kn + gauge L + SEM R, no p hysteresis",Old July BoL,6-8,0.5,Discharge,73.0,62.5,3.7542,4.2387,7.4e-07,4.18e-07,False,rest,0.984252307280564,numerical gauge comparator without positive hysteresis,17.968413925328083,24.365125793275766,0.669362750053159,8.073466571097047,10.91183922265686,-78.67887840160125,2.2897484,2.2923384883894293,0.11311672450253492,2.5900883894292015
"N Legacy kn + gauge L + SEM R, no p hysteresis",Old July BoL,6-5,1.0,Charge,73.0,62.5,3.7542,4.2387,7.4e-07,4.18e-07,False,rest,0.0054316236198738,numerical gauge comparator without positive hysteresis,25.831269639509472,48.74410075659108,9.909418014934072,12.981165363092884,14.79419328270797,188.43696320633984,1.899352,1.807107302686259,-4.856640439146665,-92.24469731374097
"N Legacy kn + gauge L + SEM R, no p hysteresis",Old July BoL,6-6,1.0,Charge,73.0,62.5,3.7542,4.2387,7.4e-07,4.18e-07,False,rest,0.0054316236198738,numerical gauge comparator without positive hysteresis,25.762879119273986,49.254704868583445,12.96167718811763,12.098150625056729,13.861119081069681,191.43696320633995,1.9087741,1.807107302686259,-5.326287553552883,-101.66679731374106
"N Legacy kn + gauge L + SEM R, no p hysteresis",Old July BoL,6-8,1.0,Charge,73.0,62.5,3.7542,4.2387,7.4e-07,4.18e-07,False,rest,0.0054316236198738,numerical gauge comparator without positive hysteresis,25.69254829450573,50.74027052898917,18.34279145299896,10.744963260241063,13.05992716828608,199.43696320633995,1.9197487,1.807107302686259,-5.867507414576763,-112.64139731374101
"N Legacy kn + gauge L + SEM R, no p hysteresis",Old July BoL,6-5,1.0,Discharge,73.0,62.5,3.7542,4.2387,7.4e-07,4.18e-07,False,rest,0.9839145344369091,numerical gauge comparator without positive hysteresis,19.43070436741975,26.770255291587873,-6.355405151622919,11.142917815939178,14.992385120739234,-113.52844063667521,2.2603984,2.2641170540685094,0.16451321450719666,3.7186540685092417
"N Legacy kn + gauge L + SEM R, no p hysteresis",Old July BoL,6-6,1.0,Discharge,73.0,62.5,3.7542,4.2387,7.4e-07,4.18e-07,False,rest,0.9839145344369091,numerical gauge comparator without positive hysteresis,19.61195622046531,26.990527742201788,-9.146093359021076,12.696770567911885,16.440820114854656,-114.22844063667537,2.2609308,2.2641170540685094,0.14092665147067981,3.1862540685092533
"N Legacy kn + gauge L + SEM R, no p hysteresis",Old July BoL,6-8,1.0,Discharge,73.0,62.5,3.7542,4.2387,7.4e-07,4.18e-07,False,rest,0.9839145344369091,numerical gauge comparator without positive hysteresis,21.31525716278267,28.895336146474413,-15.716887387105043,18.12491747310103,21.079641202086513,-117.52844063667479,2.2625206,2.2641170540685094,0.07056086333574896,1.5964540685091677
"N Legacy kn + gauge L + SEM R, no p hysteresis",Old July BoL,6-5,2.0,Charge,73.0,62.5,3.7542,4.2387,7.4e-07,4.18e-07,False,rest,0.01154949766251652,numerical gauge comparator without positive hysteresis,34.38496471468079,61.95778787106399,34.38496471468079,15.473403475350988,18.31138746951991,198.27768011427693,1.4615742,1.2729450433734975,-12.905889870422083,-188.6291566265026
"N Legacy kn + gauge L + SEM R, no p hysteresis",Old July BoL,6-6,2.0,Charge,73.0,62.5,3.7542,4.2387,7.4e-07,4.18e-07,False,rest,0.01154949766251652,numerical gauge comparator without positive hysteresis,36.50162564500164,62.93218790138086,36.50162564500164,17.649150256842056,20.175758311169577,198.57768011427711,1.4620776,1.2729450433734975,-12.935876770597027,-189.13255662650252
"N Legacy kn + gauge L + SEM R, no p hysteresis",Old July BoL,6-8,2.0,Charge,73.0,62.5,3.7542,4.2387,7.4e-07,4.18e-07,False,rest,0.01154949766251652,numerical gauge comparator without positive hysteresis,46.02801796374869,70.25496930818338,46.02801796374869,26.569734383356412,28.4457311615132,219.6776801142768,1.5077586,1.2729450433734975,-15.573683786416645,-234.81355662650262
"N Legacy kn + gauge L + SEM R, no p hysteresis",Old July BoL,6-5,2.0,Discharge,73.0,62.5,3.7542,4.2387,7.4e-07,4.18e-07,False,rest,0.9845900424834105,numerical gauge comparator without positive hysteresis,53.20528060940669,64.11778607778155,-53.20528060940669,34.919022306512446,36.29180218699319,-142.7334229802648,2.2148011,2.0967046679943686,-5.332146169045665,-118.09643200563124
"N Legacy kn + gauge L + SEM R, no p hysteresis",Old July BoL,6-6,2.0,Discharge,73.0,62.5,3.7542,4.2387,7.4e-07,4.18e-07,False,rest,0.9845900424834105,numerical gauge comparator without positive hysteresis,55.31238500470201,65.946037617865,-55.31238500470201,36.93063385740743,38.340048919643145,-142.93342298026434,2.2142754,2.0967046679943686,-5.309670694333297,-117.5707320056314
"N Legacy kn + gauge L + SEM R, no p hysteresis",Old July BoL,6-8,2.0,Discharge,73.0,62.5,3.7542,4.2387,7.4e-07,4.18e-07,False,rest,0.9845900424834105,numerical gauge comparator without positive hysteresis,66.24995833784061,75.74746726261239,-66.24995833784061,47.57520836509305,48.775098765832674,-150.83342298026457,2.2188985,2.0967046679943686,-5.506959061247339,-122.19383200563128
"N Legacy kn + gauge L + SEM R, no p hysteresis",New September,6-1,0.5,Charge,73.0,62.5,3.7542,4.2387,7.4e-07,4.18e-07,False,rest,0.01673195175120065,numerical gauge comparator without positive hysteresis,38.758127346029035,44.197249291316744,-33.705756461309186,47.54484950479868,49.34501283508445,120.76739761687793,2.027154,2.0281986572862367,0.05153319808148846,1.0446572862368164
"N Legacy kn + gauge L + SEM R, no p hysteresis",New September,6-2,0.5,Charge,73.0,62.5,3.7542,4.2387,7.4e-07,4.18e-07,False,rest,0.01673195175120065,numerical gauge comparator without positive hysteresis,35.446823416926335,41.50420419818496,-30.024821330984118,44.084672052866644,46.123801618078275,120.26739761687821,2.0443931,2.0281986572862367,-0.79213937445609,-16.19444271376347
"N Legacy kn + gauge L + SEM R, no p hysteresis",New September,6-1,0.5,Discharge,73.0,62.5,3.7542,4.2387,7.4e-07,4.18e-07,False,rest,0.9738284013796638,numerical gauge comparator without positive hysteresis,53.34313648359911,66.80331507673166,49.76900266179905,36.57422491465725,40.33455302048834,-64.72153104745892,2.2358828,2.267772471952665,1.4262676001025043,31.889671952664678
"N Legacy kn + gauge L + SEM R, no p hysteresis",New September,6-2,0.5,Discharge,73.0,62.5,3.7542,4.2387,7.4e-07,4.18e-07,False,rest,0.9738284013796638,numerical gauge comparator without positive hysteresis,48.46346718893638,59.141381936822576,44.572721170528006,33.27247474327057,36.9629535233533,-65.92153104745879,2.2517154,2.267772471952665,0.7131039718724979,16.057071952664703
"N Legacy kn + gauge L + SEM R, no p hysteresis",New September,6-1,1.0,Charge,73.0,62.5,3.7542,4.2387,7.4e-07,4.18e-07,False,rest,0.029325838202759354,numerical gauge comparator without positive hysteresis,41.59286629630518,45.726530991593,-34.68682120284961,44.51958567901248,45.93466769661349,142.59634226983397,1.742599,1.7510420024448548,0.48450632904384433,8.443002444854741
"N Legacy kn + gauge L + SEM R, no p hysteresis",New September,6-2,1.0,Charge,73.0,62.5,3.7542,4.2387,7.4e-07,4.18e-07,False,rest,0.029325838202759354,numerical gauge comparator without positive hysteresis,37.232359153370865,42.071986254022335,-30.254415356727396,40.05042831615985,41.82026345332983,141.89634226983384,1.7636914,1.7510420024448548,-0.7172115005575895,-12.649397555145159
"N Legacy kn + gauge L + SEM R, no p hysteresis",New September,6-1,1.0,Discharge,73.0,62.5,3.7542,4.2387,7.4e-07,4.18e-07,False,rest,0.9747912909488308,numerical gauge comparator without positive hysteresis,51.95713982572346,63.555073213110006,46.6137475386309,35.995844666555726,40.00925022010153,-98.30975074659598,2.2078617,2.242621341755881,1.574357748761215,34.75964175588109
"N Legacy kn + gauge L + SEM R, no p hysteresis",New September,6-2,1.0,Discharge,73.0,62.5,3.7542,4.2387,7.4e-07,4.18e-07,False,rest,0.9747912909488308,numerical gauge comparator without positive hysteresis,47.92681617642734,58.015832012213515,42.297233882148184,32.876451958010705,36.881839649024975,-100.10975074659623,2.2213459,2.242621341755881,0.9577725718394834,21.27544175588092
"N Legacy kn + gauge L + SEM R, no p hysteresis",New September,6-1,2.0,Charge,73.0,62.5,3.7542,4.2387,7.4e-07,4.18e-07,False,rest,0.06262949898952147,numerical gauge comparator without positive hysteresis,52.55546962180544,54.76730953572187,-46.45480716224638,56.668061626434294,56.88693814682943,132.0364400676972,1.0064489,1.1666306878555208,15.915541052856305,160.18178785552072
"N Legacy kn + gauge L + SEM R, no p hysteresis",New September,6-2,2.0,Charge,73.0,62.5,3.7542,4.2387,7.4e-07,4.18e-07,False,rest,0.06262949898952147,numerical gauge comparator without positive hysteresis,47.77011015321159,50.03090675016907,-41.736221681473396,51.38668286902062,51.59217377661149,128.93644006769733,1.0281333,1.1666306878555208,13.470761802532893,138.4973878555209
"N Legacy kn + gauge L + SEM R, no p hysteresis",New September,6-1,2.0,Discharge,73.0,62.5,3.7542,4.2387,7.4e-07,4.18e-07,False,rest,0.9750320133411227,numerical gauge comparator without positive hysteresis,24.314653951258702,27.283558314800512,14.149362060631885,24.71297854522137,24.79044923128541,-115.27096868919529,2.1344919,2.075997311024427,-2.7404455821815397,-58.4945889755728
"N Legacy kn + gauge L + SEM R, no p hysteresis",New September,6-2,2.0,Discharge,73.0,62.5,3.7542,4.2387,7.4e-07,4.18e-07,False,rest,0.9750320133411227,numerical gauge comparator without positive hysteresis,22.654561060903642,25.92342877921456,12.206774546292595,22.51853745771232,22.66650120674207,-113.37096868919528,2.1387107,2.075997311024427,-2.9322988366576492,-62.713388975572656
"O Literature kinetics + gauge L + SEM R, legacy kp",Old July BoL,6-5,0.5,Charge,73.0,62.5,3.7542,4.2387,9.648533212e-07,3.12e-07,True,rest,0.0008876376450980188,tests legacy kp against the cathode-Rct provisional value,26.924067113432976,34.59626151857456,-7.449185015434307,25.178616755938275,28.855022899174607,141.78498687151685,2.1426725,2.062975343830264,-3.7195211199908593,-79.69715616973616
"O Literature kinetics + gauge L + SEM R, legacy kp",Old July BoL,6-6,0.5,Charge,73.0,62.5,3.7542,4.2387,9.648533212e-07,3.12e-07,True,rest,0.0008876376450980188,tests legacy kp against the cathode-Rct provisional value,26.414998691747705,34.037560585363174,-5.9373857176315585,23.837809826306135,27.509346541419134,135.2849868715169,2.1458557,2.062975343830264,-3.862345271852892,-82.88035616973576
"O Literature kinetics + gauge L + SEM R, legacy kp",Old July BoL,6-8,0.5,Charge,73.0,62.5,3.7542,4.2387,9.648533212e-07,3.12e-07,True,rest,0.0008876376450980188,tests legacy kp against the cathode-Rct provisional value,25.5690177365381,33.564423604576675,-3.458655419933474,21.69296954421095,25.33078566050297,141.68498687151666,2.1492388,2.062975343830264,-4.013674802899332,-86.26345616973596
"O Literature kinetics + gauge L + SEM R, legacy kp",Old July BoL,6-5,0.5,Discharge,73.0,62.5,3.7542,4.2387,9.648533212e-07,3.12e-07,True,rest,0.984252307280564,tests legacy kp against the cathode-Rct provisional value,17.710495471055797,23.773580332670775,5.856970766235838,7.28771882380759,8.412710610534885,-69.7561926585939,2.2897203,2.291984757521343,0.09889668713435679,2.2644575213428553
"O Literature kinetics + gauge L + SEM R, legacy kp",Old July BoL,6-6,0.5,Discharge,73.0,62.5,3.7542,4.2387,9.648533212e-07,3.12e-07,True,rest,0.984252307280564,tests legacy kp against the cathode-Rct provisional value,16.474150011781557,22.52031263349849,4.089518032348513,6.660474011375081,8.04806968591057,-69.65619265859324,2.2903671,2.291984757521343,0.07062874424552665,1.6176575213426858
"O Literature kinetics + gauge L + SEM R, legacy kp",Old July BoL,6-8,0.5,Discharge,73.0,62.5,3.7542,4.2387,9.648533212e-07,3.12e-07,True,rest,0.984252307280564,tests legacy kp against the cathode-Rct provisional value,15.059665826365386,21.55034286652992,0.19985006613538986,6.0256648488039275,8.872050485986493,-72.75619265859402,2.2897484,2.291984757521343,0.09766826439720006,2.236357521342658
"O Literature kinetics + gauge L + SEM R, legacy kp",Old July BoL,6-5,1.0,Charge,73.0,62.5,3.7542,4.2387,9.648533212e-07,3.12e-07,True,rest,0.0054316236198738,tests legacy kp against the cathode-Rct provisional value,26.42412695011093,46.71877916068062,7.559997705711103,14.591055327192837,16.626948165316563,166.48457110602476,1.899352,1.8055849333355647,-4.936792477878521,-93.76706666443523
"O Literature kinetics + gauge L + SEM R, legacy kp",Old July BoL,6-6,1.0,Charge,73.0,62.5,3.7542,4.2387,9.648533212e-07,3.12e-07,True,rest,0.0054316236198738,tests legacy kp against the cathode-Rct provisional value,26.19027265805714,47.12285132121313,10.611813695243372,13.504145766494393,15.419757939441878,169.48457110602487,1.9087741,1.8055849333355647,-5.406043945401152,-103.18916666443533
"O Literature kinetics + gauge L + SEM R, legacy kp",Old July BoL,6-8,1.0,Charge,73.0,62.5,3.7542,4.2387,9.648533212e-07,3.12e-07,True,rest,0.0054316236198738,tests legacy kp against the cathode-Rct provisional value,25.851928938187903,48.40733884280198,15.993901643311032,11.814287975146115,13.892341288527236,177.4845711060249,1.9197487,1.8055849333355647,-5.9468078641978135,-114.16376666443529
"O Literature kinetics + gauge L + SEM R, legacy kp",Old July BoL,6-5,1.0,Discharge,73.0,62.5,3.7542,4.2387,9.648533212e-07,3.12e-07,True,rest,0.9839145344369091,tests legacy kp against the cathode-Rct provisional value,16.99212289541713,24.215573471979777,-6.665965537358132,9.623120131003663,12.984003460161503,-108.66701363660258,2.2603984,2.263679343359553,0.14514889762587285,3.280943359552868
"O Literature kinetics + gauge L + SEM R, legacy kp",Old July BoL,6-6,1.0,Discharge,73.0,62.5,3.7542,4.2387,9.648533212e-07,3.12e-07,True,rest,0.9839145344369091,tests legacy kp against the cathode-Rct provisional value,17.46848990313693,24.585168824686097,-9.457236323769164,11.644892868270622,14.632283091266832,-109.36701363660274,2.2609308,2.263679343359553,0.1215668944645665,2.7485433595528797
"O Literature kinetics + gauge L + SEM R, legacy kp",Old July BoL,6-8,1.0,Discharge,73.0,62.5,3.7542,4.2387,9.648533212e-07,3.12e-07,True,rest,0.9839145344369091,tests legacy kp against the cathode-Rct provisional value,19.728005651848846,26.86813721711059,-16.029852347824523,17.66694655722632,19.62368174650072,-112.66701363660215,2.2625206,2.263679343359553,0.05121470980431267,1.158743359552794
"O Literature kinetics + gauge L + SEM R, legacy kp",Old July BoL,6-5,2.0,Charge,73.0,62.5,3.7542,4.2387,9.648533212e-07,3.12e-07,True,rest,0.01154949766251652,tests legacy kp against the cathode-Rct provisional value,30.856733100507395,59.09693388776463,30.856733100507395,12.20682339496922,16.08733053717666,177.24490346766953,1.4615742,1.2798133389150022,-12.435965350578703,-181.76086108499788
"O Literature kinetics + gauge L + SEM R, legacy kp",Old July BoL,6-6,2.0,Charge,73.0,62.5,3.7542,4.2387,9.648533212e-07,3.12e-07,True,rest,0.01154949766251652,tests legacy kp against the cathode-Rct provisional value,32.96956632232575,60.00070681901676,32.96956632232575,14.37749207128878,17.775562305016173,177.5449034676697,1.4620776,1.2798133389150022,-12.466114047913587,-182.26426108499783
"O Literature kinetics + gauge L + SEM R, legacy kp",Old July BoL,6-8,2.0,Charge,73.0,62.5,3.7542,4.2387,9.648533212e-07,3.12e-07,True,rest,0.01154949766251652,tests legacy kp against the cathode-Rct provisional value,42.490833144300794,67.09499437264193,42.490833144300794,23.295625487864775,25.68860439100209,198.6449034676694,1.5077586,1.2798133389150022,-15.11815360131243,-227.9452610849979
"O Literature kinetics + gauge L + SEM R, legacy kp",Old July BoL,6-5,2.0,Discharge,73.0,62.5,3.7542,4.2387,9.648533212e-07,3.12e-07,True,rest,0.9845900424834105,tests legacy kp against the cathode-Rct provisional value,52.70593363744243,64.88987488633462,-52.70593363744243,33.691632752895295,35.89300234328252,-138.5459851066404,2.2148011,2.092301189417949,-5.530966667031682,-122.499910582051
"O Literature kinetics + gauge L + SEM R, legacy kp",Old July BoL,6-6,2.0,Discharge,73.0,62.5,3.7542,4.2387,9.648533212e-07,3.12e-07,True,rest,0.9845900424834105,tests legacy kp against the cathode-Rct provisional value,54.815117683547356,66.71003115652717,-54.815117683547356,35.70324430379027,37.927466107138216,-138.74598510663992,2.2142754,2.092301189417949,-5.508538395090834,-121.97421058205116
"O Literature kinetics + gauge L + SEM R, legacy kp",Old July BoL,6-8,2.0,Discharge,73.0,62.5,3.7542,4.2387,9.648533212e-07,3.12e-07,True,rest,0.9845900424834105,tests legacy kp against the cathode-Rct provisional value,65.74576057396774,76.37696970952821,-65.74576057396774,46.34781881147589,48.20955308214387,-146.64598510664018,2.2188985,2.092301189417949,-5.705412418911953,-126.59731058205104
"O Literature kinetics + gauge L + SEM R, legacy kp",New September,6-1,0.5,Charge,73.0,62.5,3.7542,4.2387,9.648533212e-07,3.12e-07,True,rest,0.01673195175120065,tests legacy kp against the cathode-Rct provisional value,39.124639131337496,44.81207062837406,-34.81670587562614,48.75577848646698,50.82358275805499,103.85785182669017,2.027154,2.0258256094492313,-0.06552982904942645,-1.32839055076861
"O Literature kinetics + gauge L + SEM R, legacy kp",New September,6-2,0.5,Charge,73.0,62.5,3.7542,4.2387,9.648533212e-07,3.12e-07,True,rest,0.01673195175120065,tests legacy kp against the cathode-Rct provisional value,35.93526109226701,42.117175155586,-31.156307166409434,45.29560103453495,47.62317607719534,103.35785182669044,2.0443931,2.0258256094492313,-0.9082152816290024,-18.567490550768895
"O Literature kinetics + gauge L + SEM R, legacy kp",New September,6-1,0.5,Discharge,73.0,62.5,3.7542,4.2387,9.648533212e-07,3.12e-07,True,rest,0.9738284013796638,tests legacy kp against the cathode-Rct provisional value,52.093274112504645,64.7197256930367,49.39209564210174,36.88560343407248,39.63907038864126,-58.926488289666956,2.2358828,2.2674342980106466,1.4111427491032347,31.551498010646384
"O Literature kinetics + gauge L + SEM R, legacy kp",New September,6-2,0.5,Discharge,73.0,62.5,3.7542,4.2387,9.648533212e-07,3.12e-07,True,rest,0.9738284013796638,tests legacy kp against the cathode-Rct provisional value,47.129514715800745,56.974319200841556,44.175957078832006,33.58233836157313,36.239297013530184,-60.126488289666824,2.2517154,2.2674342980106466,0.6980854690004966,15.71889801064641
"O Literature kinetics + gauge L + SEM R, legacy kp",New September,6-1,1.0,Charge,73.0,62.5,3.7542,4.2387,9.648533212e-07,3.12e-07,True,rest,0.029325838202759354,tests legacy kp against the cathode-Rct provisional value,43.313797115840174,47.43337561995005,-36.9223751651155,46.83601565743091,48.489854517028924,131.65207814661574,1.742599,1.7499443729679343,0.4215182591023092,7.345372967934249
"O Literature kinetics + gauge L + SEM R, legacy kp",New September,6-2,1.0,Charge,73.0,62.5,3.7542,4.2387,9.648533212e-07,3.12e-07,True,rest,0.029325838202759354,tests legacy kp against the cathode-Rct provisional value,38.96255312639321,43.75195226240832,-32.49965500136561,42.366858294578286,44.406515963745804,130.95207814661558,1.7636914,1.7499443729679343,-0.7794462813656432,-13.74702703206565
"O Literature kinetics + gauge L + SEM R, legacy kp",New September,6-1,1.0,Discharge,73.0,62.5,3.7542,4.2387,9.648533212e-07,3.12e-07,True,rest,0.9747912909488308,tests legacy kp against the cathode-Rct provisional value,50.943403399971174,61.56679563956697,46.394887334542034,36.46073966736244,39.41298913916443,-93.41345521113897,2.2078617,2.2421983334192115,1.555198562446708,34.33663341921145
"O Literature kinetics + gauge L + SEM R, legacy kp",New September,6-2,1.0,Discharge,73.0,62.5,3.7542,4.2387,9.648533212e-07,3.12e-07,True,rest,0.9747912909488308,tests legacy kp against the cathode-Rct provisional value,46.860930135704706,55.96985346645163,42.063079170265034,33.341346958817425,36.24525573956203,-95.21345521113922,2.2213459,2.2421983334192115,0.9387296872230154,20.85243341921128
"O Literature kinetics + gauge L + SEM R, legacy kp",New September,6-1,2.0,Charge,73.0,62.5,3.7542,4.2387,9.648533212e-07,3.12e-07,True,rest,0.06262949898952147,tests legacy kp against the cathode-Rct provisional value,56.18742905044743,58.401932499704216,-50.3087787954275,61.054537607879,61.30214322088222,128.58909607732016,1.0064489,1.1749173266277917,16.738895201514115,168.4684266277916
"O Literature kinetics + gauge L + SEM R, legacy kp",New September,6-2,2.0,Charge,73.0,62.5,3.7542,4.2387,9.648533212e-07,3.12e-07,True,rest,0.06262949898952147,tests legacy kp against the cathode-Rct provisional value,51.382684353559654,53.62324236892041,-45.58485087590223,55.75136756651261,55.986781633574104,125.48909607732028,1.0281333,1.1749173266277917,14.276750556352155,146.78402662779177
"O Literature kinetics + gauge L + SEM R, legacy kp",New September,6-1,2.0,Discharge,73.0,62.5,3.7542,4.2387,9.648533212e-07,3.12e-07,True,rest,0.9750320133411227,tests legacy kp against the cathode-Rct provisional value,25.245751253360137,28.37367499114044,14.609299806521868,25.940153996356354,26.284990776714075,-110.96050810460855,2.1344919,2.0716485893307164,-2.9441812671804293,-62.84331066928361
"O Literature kinetics + gauge L + SEM R, legacy kp",New September,6-2,2.0,Discharge,73.0,62.5,3.7542,4.2387,9.648533212e-07,3.12e-07,True,rest,0.9750320133411227,tests legacy kp against the cathode-Rct provisional value,23.621029546080713,27.095835965778168,12.665571617333498,23.745712908847302,24.272650705350486,-109.06050810460854,2.1387107,2.0716485893307164,-3.135632634618767,-67.06211066928347
P Legacy kn/kp + gauge L + SEM R,Old July BoL,6-5,0.5,Charge,73.0,62.5,3.7542,4.2387,7.4e-07,3.12e-07,True,rest,0.0008876376450980188,fully legacy kinetics numerical comparator,25.76099339679032,34.702065701342725,0.41152025737811243,19.53724503091225,22.811832527323773,155.05332358547673,2.1426725,2.0441541581059477,-4.597918809059831,-98.51834189405251
P Legacy kn/kp + gauge L + SEM R,Old July BoL,6-6,0.5,Charge,73.0,62.5,3.7542,4.2387,7.4e-07,3.12e-07,True,rest,0.0008876376450980188,fully legacy kinetics numerical comparator,25.525838263954338,34.48877022463436,1.925476437673048,18.61084884937872,21.663013531487717,148.5533235854768,2.1458557,2.0441541581059477,-4.739439930376125,-101.70154189405211
P Legacy kn/kp + gauge L + SEM R,Old July BoL,6-8,0.5,Charge,73.0,62.5,3.7542,4.2387,7.4e-07,3.12e-07,True,rest,0.0008876376450980188,fully legacy kinetics numerical comparator,25.24129994957736,34.60798532886567,4.413889857913976,17.302484660584675,19.893224383340847,154.95332358547654,2.1492388,2.0441541581059477,-4.88938883357458,-105.08464189405231
P Legacy kn/kp + gauge L + SEM R,Old July BoL,6-5,0.5,Discharge,73.0,62.5,3.7542,4.2387,7.4e-07,3.12e-07,True,rest,0.984252307280564,fully legacy kinetics numerical comparator,16.28187916310218,22.92318001036082,-1.5394492084948548,7.235435015380306,10.737070066836957,-80.27697399568635,2.2897203,2.2907819519532793,0.04636601043714122,1.0616519532793411
P Legacy kn/kp + gauge L + SEM R,Old July BoL,6-6,0.5,Discharge,73.0,62.5,3.7542,4.2387,7.4e-07,3.12e-07,True,rest,0.984252307280564,fully legacy kinetics numerical comparator,15.595089596599587,22.23889345779316,-3.308433898864854,7.496042389928972,11.197986878882494,-80.17697399568569,2.2903671,2.2907819519532793,0.018112902219001123,0.4148519532791717
P Legacy kn/kp + gauge L + SEM R,Old July BoL,6-8,0.5,Discharge,73.0,62.5,3.7542,4.2387,7.4e-07,3.12e-07,True,rest,0.984252307280564,fully legacy kinetics numerical comparator,16.72598049189277,22.561094918640432,-7.196634972109151,10.921192199767711,13.688110293843005,-83.27697399568646,2.2897484,2.2907819519532793,0.04513823236121242,1.0335519532791437
P Legacy kn/kp + gauge L + SEM R,Old July BoL,6-5,1.0,Charge,73.0,62.5,3.7542,4.2387,7.4e-07,3.12e-07,True,rest,0.0054316236198738,fully legacy kinetics numerical comparator,26.52237970500838,50.49696667861809,18.80556200556319,11.720802217208703,14.194546775100525,179.94143215404802,1.899352,1.7787776847770866,-6.348181654738736,-120.57431522291328
P Legacy kn/kp + gauge L + SEM R,Old July BoL,6-6,1.0,Charge,73.0,62.5,3.7542,4.2387,7.4e-07,3.12e-07,True,rest,0.0054316236198738,fully legacy kinetics numerical comparator,27.349544791804316,51.5303166790378,21.849183155638585,12.027854819681076,15.258364769052456,182.94143215404813,1.9087741,1.7787776847770866,-6.810466216139112,-129.99641522291338
P Legacy kn/kp + gauge L + SEM R,Old July BoL,6-8,1.0,Charge,73.0,62.5,3.7542,4.2387,7.4e-07,3.12e-07,True,rest,0.0054316236198738,fully legacy kinetics numerical comparator,28.973008222693878,53.85194425683208,27.248234407866626,12.872242495979526,17.728042200108888,190.94143215404813,1.9197487,1.7787776847770866,-7.343201494180636,-140.97101522291334
P Legacy kn/kp + gauge L + SEM R,Old July BoL,6-5,1.0,Discharge,73.0,62.5,3.7542,4.2387,7.4e-07,3.12e-07,True,rest,0.9839145344369091,fully legacy kinetics numerical comparator,21.273471584739145,29.05997030389051,-16.815765236499214,18.738879169692716,21.234398387119157,-121.27474933317384,2.2603984,2.261751151433173,0.05984570831287159,1.3527514331728163
P Legacy kn/kp + gauge L + SEM R,Old July BoL,6-6,1.0,Discharge,73.0,62.5,3.7542,4.2387,7.4e-07,3.12e-07,True,rest,0.9839145344369091,fully legacy kinetics numerical comparator,22.386284049502798,30.310480530561332,-19.607763500562793,21.262013543430378,23.34372244448146,-121.97474933317397,2.2609308,2.261751151433173,0.036283792196241824,0.8203514331728279
P Legacy kn/kp + gauge L + SEM R,Old July BoL,6-8,1.0,Discharge,73.0,62.5,3.7542,4.2387,7.4e-07,3.12e-07,True,rest,0.9839145344369091,fully legacy kinetics numerical comparator,26.396595625275364,34.20520369841012,-26.191461648255526,27.38574775945876,28.883957267307554,-125.27474933317339,2.2625206,2.261751151433173,-0.03400846678820328,-0.7694485668272577
P Legacy kn/kp + gauge L + SEM R,Old July BoL,6-5,2.0,Charge,73.0,62.5,3.7542,4.2387,7.4e-07,3.12e-07,True,rest,0.01154949766251652,fully legacy kinetics numerical comparator,44.31620728853328,67.80315649001564,44.31620728853328,24.876331327455922,26.968222504763517,190.8078356613441,1.4615742,1.2371070294249364,-15.357904550796231,-224.4671705750636
P Legacy kn/kp + gauge L + SEM R,Old July BoL,6-6,2.0,Charge,73.0,62.5,3.7542,4.2387,7.4e-07,3.12e-07,True,rest,0.01154949766251652,fully legacy kinetics numerical comparator,46.44974370603184,69.01072774725924,46.44974370603184,27.075286624291,29.01193435227354,191.10783566134427,1.4620776,1.2371070294249364,-15.387047211109966,-224.97057057506353
P Legacy kn/kp + gauge L + SEM R,Old July BoL,6-8,2.0,Charge,73.0,62.5,3.7542,4.2387,7.4e-07,3.12e-07,True,rest,0.01154949766251652,fully legacy kinetics numerical comparator,56.00247005261469,77.00851086208024,56.00247005261469,36.007192933016064,37.60073540111617,212.20783566134395,1.5077586,1.2371070294249364,-17.950590404529187,-270.6515705750636
P Legacy kn/kp + gauge L + SEM R,Old July BoL,6-5,2.0,Discharge,73.0,62.5,3.7542,4.2387,7.4e-07,3.12e-07,True,rest,0.9845900424834105,fully legacy kinetics numerical comparator,63.616177647920814,73.17190683173375,-63.616177647920814,45.348136068514876,46.815312548184224,-151.9108662815669,2.2148011,2.086982668285143,-5.771102051324462,-127.81843171485674
P Legacy kn/kp + gauge L + SEM R,Old July BoL,6-6,2.0,Discharge,73.0,62.5,3.7542,4.2387,7.4e-07,3.12e-07,True,rest,0.9845900424834105,fully legacy kinetics numerical comparator,65.72773654286051,75.0974832082352,-65.72773654286051,47.359747619409866,48.8679114307,-152.11086628156644,2.2142754,2.086982668285143,-5.74873079088793,-127.29273171485688
P Legacy kn/kp + gauge L + SEM R,Old July BoL,6-8,2.0,Discharge,73.0,62.5,3.7542,4.2387,7.4e-07,3.12e-07,True,rest,0.9845900424834105,fully legacy kinetics numerical comparator,76.65001010748914,85.17440106665182,-76.65001010748914,58.00432212709548,59.33834275916094,-160.01086628156668,2.2188985,2.086982668285143,-5.945104371148873,-131.91583171485678
P Legacy kn/kp + gauge L + SEM R,New September,6-1,0.5,Charge,73.0,62.5,3.7542,4.2387,7.4e-07,3.12e-07,True,rest,0.01673195175120065,fully legacy kinetics numerical comparator,33.13735153958803,39.59835060453316,-27.01091822616164,41.05409988804442,43.55746750209256,116.14066495855147,2.027154,2.007012495210448,-0.9935853314327219,-20.14150478955168
P Legacy kn/kp + gauge L + SEM R,New September,6-2,0.5,Charge,73.0,62.5,3.7542,4.2387,7.4e-07,3.12e-07,True,rest,0.01673195175120065,fully legacy kinetics numerical comparator,30.933873254051505,37.2746623020761,-23.378005216748633,37.59392243611239,40.44205371500198,115.64066495855174,2.0443931,2.007012495210448,-1.82844506712295,-37.38060478955197
P Legacy kn/kp + gauge L + SEM R,New September,6-1,0.5,Discharge,73.0,62.5,3.7542,4.2387,7.4e-07,3.12e-07,True,rest,0.9738284013796638,fully legacy kinetics numerical comparator,46.599991330409715,59.04313848790576,42.08353603875228,30.37967690211308,33.8263032465272,-69.14453612687765,2.2358828,2.2662317919325727,1.3573605885144142,30.348991932572567
P Legacy kn/kp + gauge L + SEM R,New September,6-2,0.5,Discharge,73.0,62.5,3.7542,4.2387,7.4e-07,3.12e-07,True,rest,0.9738284013796638,fully legacy kinetics numerical comparator,41.724382819843385,51.24571075168379,36.834256761487616,27.16542652063697,30.476814851499388,-70.34453612687753,2.2517154,2.2662317919325727,0.6446814696285592,14.516391932572592
P Legacy kn/kp + gauge L + SEM R,New September,6-1,1.0,Charge,73.0,62.5,3.7542,4.2387,7.4e-07,3.12e-07,True,rest,0.029325838202759354,fully legacy kinetics numerical comparator,34.07283032206418,39.63546664447026,-25.76543531614921,35.489292636238666,37.67767897109628,144.70482452845079,1.742599,1.7231904363592276,-1.113771076465232,-19.40856364077237
P Legacy kn/kp + gauge L + SEM R,New September,6-2,1.0,Charge,73.0,62.5,3.7542,4.2387,7.4e-07,3.12e-07,True,rest,0.029325838202759354,fully legacy kinetics numerical comparator,30.588658503135616,36.56073672607705,-21.52028833325119,31.144049076080726,33.78629762397719,144.00482452845065,1.7636914,1.7231904363592276,-2.2963747309065674,-40.50096364077227
P Legacy kn/kp + gauge L + SEM R,New September,6-1,1.0,Discharge,73.0,62.5,3.7542,4.2387,7.4e-07,3.12e-07,True,rest,0.9747912909488308,fully legacy kinetics numerical comparator,43.28796790098755,54.52046535644463,36.30229420157394,26.863399669603023,30.976611203318633,-105.90411903195118,2.2078617,2.2402712127806095,1.4679140808778666,32.40951278060944
P Legacy kn/kp + gauge L + SEM R,New September,6-2,1.0,Discharge,73.0,62.5,3.7542,4.2387,7.4e-07,3.12e-07,True,rest,0.9747912909488308,fully legacy kinetics numerical comparator,39.30878773959893,49.003791500440066,31.954863516864247,23.852589730273593,27.918744331473558,-107.70411903195142,2.2213459,2.2402712127806095,0.851975047227416,18.92531278060927
P Legacy kn/kp + gauge L + SEM R,New September,6-1,2.0,Charge,73.0,62.5,3.7542,4.2387,7.4e-07,3.12e-07,True,rest,0.06262949898952147,fully legacy kinetics numerical comparator,44.491653210950496,47.52666943079829,-37.09785076022567,47.87606104077895,48.194678786740305,141.9423938213451,1.0064489,1.1329616894333092,12.570214884561862,126.51278943330912
P Legacy kn/kp + gauge L + SEM R,New September,6-2,2.0,Charge,73.0,62.5,3.7542,4.2387,7.4e-07,3.12e-07,True,rest,0.06262949898952147,fully legacy kinetics numerical comparator,39.80684158024481,42.9918891162411,-32.37649570371819,42.57534171266074,42.886043961637135,138.8423938213452,1.0281333,1.1329616894333092,10.195992040459084,104.8283894333093
P Legacy kn/kp + gauge L + SEM R,New September,6-1,2.0,Discharge,73.0,62.5,3.7542,4.2387,7.4e-07,3.12e-07,True,rest,0.9750320133411227,fully legacy kinetics numerical comparator,17.491823506211986,23.642106891153006,3.576613679990981,14.323065028004674,14.739850899152463,-124.28949026978219,2.1344919,2.0663505761451195,-3.1923908380669177,-68.14132385488048
P Legacy kn/kp + gauge L + SEM R,New September,6-2,2.0,Discharge,73.0,62.5,3.7542,4.2387,7.4e-07,3.12e-07,True,rest,0.9750320133411227,fully legacy kinetics numerical comparator,16.079940830028757,23.027983702180943,1.63079975699493,12.128623940495618,12.847788071067134,-122.38949026978219,2.1387107,2.0663505761451195,-3.383352589711191,-72.36012385488033
