normalized_capacity,legacy_low_rate_OCP_V,v2_lithiation_OCP_V,v2_delithiation_OCP_V,v2_mean_OCP_V,v3_lithiation_OCP_V,v3_delithiation_OCP_V,v3_mean_OCP_V,new_GITT_representative_OCP_V,v2_minus_v3_mean_mV,new_minus_legacy_mV
0.0,1.21835,0.9161,0.9235999999999785,0.9198499999999893,0.763,0.9857999999999698,0.874399999999985,0.8971249999999871,45.45000000000432,-321.225000000013
0.0003333333333333333,1.1232643208333342,0.9096127416666667,0.9171583999999785,0.9133855708333226,0.7583624,0.9767191333333032,0.8675407666666516,0.8904631687499871,45.844804166671025,-232.80115208334706
0.0006666666666666666,1.0616381555555572,0.9031254833333333,0.9107167999999786,0.9069211416666559,0.7537248,0.9676382666666365,0.8606815333333182,0.8838013374999871,46.239608333337735,-177.83681805557006
0.001,1.0014628750000023,0.896638225,0.9042751999999785,0.9004567124999893,0.7490872,0.95855739999997,0.8538222999999849,0.8771395062499872,46.63441250000433,-124.32336875001515
0.0013333333333333333,0.9469740944444454,0.8901509666666667,0.8978335999999785,0.8939922833333226,0.7444496,0.9494765333333034,0.8469630666666517,0.8704776749999872,47.029216666670926,-76.49641944445817
0.0016666666666666666,0.8963108333333333,0.8836637083333334,0.8913919999999785,0.887527854166656,0.739812,0.9403956666666368,0.8401038333333184,0.8638158437499872,47.424020833337636,-32.49498958334607
0.002,0.849602356944445,0.87717645,0.8849503999999785,0.8810634249999892,0.7351744,0.9313147999999702,0.8332445999999851,0.8571540124999872,47.81882500000412,7.551655555542269
0.002333333333333333,0.8089937368055564,0.8706891916666667,0.8785087999999784,0.8745989958333226,0.7305368,0.9222339333333036,0.8263853666666519,0.8504921812499873,48.213629166670714,41.498444444430845
0.0026666666666666666,0.7784391749999999,0.8642019333333334,0.8720671999999785,0.868134566666656,0.7258992,0.913153066666637,0.8195261333333185,0.8438303499999873,48.60843333333753,65.39117499998737
0.003,0.7550926312500003,0.857714675,0.8656255999999785,0.8616701374999892,0.7212616,0.9040721999999703,0.8126668999999851,0.8371685187499871,49.003237500004126,82.07588749998685
0.003333333333333333,0.7363234861111132,0.8512274166666667,0.8591839999999784,0.8552057083333225,0.7166239999999999,0.8949913333333038,0.8058076666666518,0.8305066874999871,49.39804166667072,94.18320138887393
0.0036666666666666666,0.7201196000000019,0.8447401583333334,0.8527423999999785,0.848741279166656,0.7119863999999999,0.8859104666666372,0.7989484333333186,0.8238448562499873,49.79284583333743,103.7252562499854
0.004,0.7053042666666685,0.8382529000000001,0.8463007999999784,0.8422768499999893,0.7073488,0.8768295999999707,0.7920891999999853,0.8171830249999873,50.18765000000403,111.87875833331884
0.004333333333333333,0.6921736625000001,0.8317656416666667,0.8398591999999785,0.8358124208333226,0.7027112,0.867748733333304,0.785229966666652,0.8105211937499873,50.58245416667062,118.3475312499872
0.004666666666666666,0.6806890013888898,0.8252783833333334,0.8334175999999784,0.829347991666656,0.6980736,0.8586678666666374,0.7783707333333187,0.8038593624999874,50.97725833333722,123.17036111109758
0.005,0.6701594409722235,0.8187911250000001,0.8269759999999784,0.8228835624999893,0.6934359999999999,0.8495869999999708,0.7715114999999854,0.7971975312499873,51.37206250000392,127.0380902777638
0.005333333333333333,0.6606906583333345,0.8123038666666667,0.8205343999999785,0.8164191333333226,0.6887983999999999,0.8405061333333043,0.7646522666666521,0.7905356999999873,51.766866666670516,129.84504166665278
0.005666666666666666,0.6520490604166675,0.8058166083333334,0.8140927999999784,0.8099547041666559,0.6841607999999999,0.8314252666666376,0.7577930333333187,0.7838738687499873,52.161670833337226,131.82480833331977
0.006,0.6437457111111111,0.79932935,0.8076511999999785,0.8034902749999893,0.6795231999999999,0.8223443999999711,0.7509337999999854,0.7772120374999874,52.55647500000382,133.46632638887624
0.006333333333333333,0.6356603249999999,0.7928420916666667,0.8012095999999784,0.7970258458333226,0.6748855999999999,0.8132635333333045,0.7440745666666522,0.7705502062499874,52.95127916667042,134.88988124998747
0.006666666666666666,0.627821875,0.7863548333333333,0.7947679999999784,0.7905614166666559,0.670248,0.8041826666666378,0.7372153333333189,0.7638883749999874,53.34608333333701,136.06649999998743
0.007,0.6207796833333332,0.779867575,0.7883263999999783,0.7840969874999892,0.6656103999999999,0.7951017999999712,0.7303560999999856,0.7572265437499874,53.74088750000361,136.4468604166542
0.007333333333333333,0.6139425972222219,0.7733803166666667,0.7818847999999784,0.7776325583333226,0.6609727999999999,0.7860209333333047,0.7234968666666524,0.7505647124999875,54.135691666670205,136.62211527776557
0.007666666666666666,0.6070983374999998,0.7668930583333333,0.7754431999999785,0.7711681291666559,0.6563351999999999,0.7769400666666381,0.716637633333319,0.7439028812499875,54.530495833336914,136.80454374998774
0.008,0.600601322222222,0.7604058,0.7690015999999784,0.7647036999999892,0.6516975999999999,0.7678591999999714,0.7097783999999856,0.7372410499999874,54.92530000000362,136.63972777776544
0.008333333333333333,0.5942485937499997,0.7539185416666667,0.7625599999999784,0.7582392708333225,0.6470599999999999,0.7587783333333049,0.7029191666666523,0.7305792187499874,55.32010416667021,136.33062499998772
0.008666666666666666,0.5881153499999998,0.7474312833333334,0.7561183999999783,0.7517748416666559,0.6424223999999998,0.7496974666666383,0.6960599333333191,0.7239173874999875,55.71490833333681,135.80203749998765
0.009,0.5821044486111109,0.740944025,0.7496767999999784,0.7453104124999892,0.6377847999999999,0.7406165999999716,0.6892006999999858,0.7172555562499875,56.109712500003404,135.15110763887662
0.009333333333333332,0.576523569444444,0.7344567666666667,0.7432351999999783,0.7388459833333225,0.6331471999999999,0.7315357333333051,0.6823414666666525,0.7105937249999875,56.50451666667,134.07015555554347
0.009666666666666667,0.5709334854166664,0.7279695083333333,0.7367935999999784,0.7323815541666558,0.6285095999999999,0.7224548666666385,0.6754822333333192,0.7039318937499875,56.899320833336596,132.9984083333211
0.01,0.5653237003968252,0.72148225,0.7303519999999784,0.7259171249999892,0.6238719999999999,0.713373999999972,0.668622999999986,0.6972700624999876,57.29412500000319,131.94636210316236
0.010333333333333333,0.5601514249999997,0.7149949916666667,0.7239103999999783,0.7194526958333225,0.6192343999999999,0.7042931333333053,0.6617637666666526,0.6906082312499875,57.6889291666699,130.45680624998778
0.010666666666666666,0.5548968499999998,0.7085077333333334,0.7174687999999784,0.7129882666666558,0.6145967999999998,0.6952122666666387,0.6549045333333192,0.6839463999999875,58.08373333333661,129.04954999998773
0.011,0.5497993006944442,0.7020204750000001,0.7110271999999783,0.7065238374999891,0.6099591999999998,0.6861313999999721,0.648045299999986,0.6772845687499875,58.4785375000032,127.48526805554339
0.011333333333333332,0.5450235972222219,0.6955332166666667,0.7045855999999784,0.7000594083333225,0.6053215999999999,0.6770505333333056,0.6411860666666527,0.6706227374999876,58.8733416666698,125.59914027776564
0.011666666666666665,0.5401797326388886,0.6890459583333334,0.6981439999999783,0.6935949791666558,0.6006839999999999,0.667969666666639,0.6343268333333194,0.6639609062499876,59.26814583333639,123.78117361109898
0.012,0.5354528749999997,0.6825587,0.6917023999999783,0.6871305499999891,0.5960463999999999,0.6588887999999723,0.6274675999999861,0.6572990749999876,59.66295000000299,121.84619999998792
0.012333333333333333,0.5308745187499998,0.6760714416666667,0.6852607999999782,0.6806661208333225,0.5914087999999998,0.6498079333333058,0.6206083666666529,0.6506372437499877,60.05775416666958,119.76272499998785
0.012666666666666666,0.5262183749999999,0.6695841833333334,0.6788191999999783,0.6742016916666558,0.5867711999999998,0.6407270666666391,0.6137491333333195,0.6439754124999877,60.45255833333629,117.75703749998779
0.013,0.5219641444444445,0.6630969250000001,0.6723775999999784,0.6677372624999892,0.5821335999999998,0.6316461999999725,0.6068898999999861,0.6373135812499877,60.84736250000311,115.34943680554322
0.013333333333333332,0.5177153749999998,0.6566096666666668,0.6659359999999783,0.6612728333333225,0.5774959999999998,0.622565333333306,0.6000306666666528,0.6306517499999877,61.2421666666697,112.93637499998799
0.013666666666666666,0.5133875749999999,0.6501224083333335,0.6594943999999783,0.6548084041666559,0.5728583999999999,0.6134844666666394,0.5931714333333196,0.6239899187499878,61.6369708333363,110.6023437499879
0.014,0.5092159499999998,0.64363515,0.6530527999999782,0.6483439749999891,0.5682207999999997,0.6044035999999727,0.5863121999999863,0.6173280874999877,62.03177500000279,108.11213749998794
0.014333333333333333,0.5050794736111104,0.6371478916666666,0.6466111999999783,0.6418795458333224,0.5635831999999998,0.5953227333333062,0.579452966666653,0.6106662562499877,62.426579166669384,105.58678263887732
0.014666666666666666,0.501124630555555,0.6306606333333333,0.6401695999999782,0.6354151166666557,0.5589455999999998,0.5862418666666396,0.5725937333333198,0.6040044249999877,62.82138333333598,102.87979444443273
0.015,0.4972663784722221,0.624173375,0.6337279999999783,0.6289506874999892,0.5543079999999998,0.577160999999973,0.5657344999999864,0.5973425937499878,63.216187500002796,100.07621527776567
0.015333333333333332,0.49344807500000015,0.6176861166666667,0.6272863999999783,0.6224862583333225,0.5496703999999998,0.5680801333333063,0.558875266666653,0.5906807624999877,63.610991666669506,97.23268749998753
0.015666666666666666,0.4895566312500001,0.6111988583333334,0.6208447999999782,0.6160218291666558,0.5450327999999998,0.5589992666666398,0.5520160333333197,0.5840189312499877,64.0057958333361,94.46229999998762
0.016,0.48580189444444427,0.6047116,0.6144031999999782,0.609557399999989,0.5403951999999997,0.5499183999999732,0.5451567999999865,0.5773570999999877,64.40060000000258,91.55520555554347
0.01633333333333333,0.48216820694444423,0.5982243416666667,0.6079615999999783,0.6030929708333226,0.5357575999999997,0.5408375333333066,0.5382975666666532,0.5706952687499879,64.7954041666694,88.52706180554365
0.016666666666666666,0.4786489930555553,0.5917370833333333,0.6015199999999783,0.5966285416666558,0.5311199999999998,0.5372937499999931,0.5342068749999964,0.565417708333326,62.421666666659384,86.76871527777075
0.016999999999999998,0.4750857895833335,0.585249825,0.5950783999999782,0.5901641124999891,0.5264823999999998,0.5349681249999931,0.5307252624999965,0.5604446874999929,59.438849999992605,85.3588979166594
0.017333333333333333,0.47158837500000017,0.5787625666666667,0.5886367999999782,0.5836996833333224,0.5218447999999998,0.5326424999999931,0.5272436499999964,0.5554716666666595,56.45603333332605,83.8832916666593
0.017666666666666667,0.46812771250000007,0.5722753083333334,0.5821951999999782,0.5772352541666558,0.5172071999999998,0.5303168749999931,0.5237620374999965,0.5504986458333261,53.473216666659276,82.37093333332601
0.018,0.4647841750000001,0.5657880500000001,0.5757535999999782,0.5707708249999892,0.5125695999999997,0.5279912499999931,0.5202804249999964,0.5455256249999928,50.49039999999283,80.74144999999272
0.018333333333333333,0.46142390625000007,0.5593007916666667,0.5693119999999783,0.5643063958333225,0.5079319999999997,0.5256656249999931,0.5167988124999965,0.5405526041666595,47.50758333332605,79.12869791665943
0.018666666666666665,0.45829973333333335,0.5528135333333334,0.5628703999999782,0.5578419666666559,0.5032943999999997,0.5233399999999931,0.5133171999999964,0.5355795833333261,44.5247666666595,77.27984999999276
0.019,0.45495856875,0.546326275,0.5564287999999782,0.5513775374999891,0.49865679999999973,0.5210143749999931,0.5098355874999965,0.5306065624999927,41.54194999999261,75.64799374999271
0.019333333333333334,0.4517594416666667,0.5398390166666667,0.5499871999999781,0.5449131083333224,0.4940191999999997,0.5186887499999931,0.5063539749999965,0.5256335416666594,38.559133333325946,73.87409999999272
0.019666666666666666,0.4486760368055557,0.5333517583333334,0.5435455999999782,0.5384486791666558,0.48938159999999975,0.5163631249999932,0.5028723624999965,0.5206605208333261,35.576316666659395,71.98448402777046
0.02,0.4455322500000003,0.5268645000000001,0.5371039999999782,0.5319842499999892,0.48474399999999973,0.5140374999999932,0.49939074999999644,0.5156874999999927,32.59349999999272,70.15524999999245
0.02033333333333333,0.4424961263888892,0.5203772416666668,0.5306623999999782,0.5255198208333225,0.4801063999999997,0.5117118749999932,0.49590913749999643,0.5107144791666595,29.610683333326058,68.21835277777028
0.020666666666666667,0.43956205694444445,0.5138899833333334,0.5242207999999782,0.5190553916666558,0.4754687999999997,0.5093862499999932,0.4924275249999964,0.5057414583333262,26.627866666659394,66.17940138888173
0.020999999999999998,0.43655087500000017,0.507402725,0.5177791999999781,0.5125909624999891,0.4708311999999997,0.5070606249999932,0.4889459124999964,0.5007684374999928,23.64504999999273,64.21756249999261
0.021333333333333333,0.4336534000000003,0.5009154666666666,0.5113375999999782,0.5061265333333225,0.4661935999999997,0.5047349999999932,0.4854642999999964,0.49579541666665944,20.662233333326064,62.14201666665914
0.021666666666666667,0.43073585069444476,0.49442820833333334,0.5048959999999781,0.49966210416665574,0.46291574999999985,0.5024093749999932,0.4826625624999965,0.49116233333332615,16.999541666659233,60.426482638881396
0.022,0.4278637236111114,0.48794095000000004,0.49845439999997815,0.4931976749999891,0.4610882999999999,0.5000837499999932,0.48058602499999653,0.4868918499999928,12.611649999992592,59.02812638888138
0.022333333333333334,0.425161075,0.4814536916666667,0.4920127999999781,0.4867332458333224,0.4592608499999999,0.4977581249999932,0.47850948749999656,0.48262136666665945,8.223758333325836,57.460291666659444
0.022666666666666665,0.4223653222222222,0.4794011666666667,0.48557119999997816,0.48248618333332244,0.4574333999999999,0.4954324999999932,0.4764329499999965,0.47945956666665945,6.053233333325913,57.09424444443728
0.023,0.4195885625,0.477529125,0.48286639999999365,0.4801977624999968,0.45560594999999987,0.4931068749999932,0.47435641249999655,0.47727708749999664,5.841350000000245,57.68852499999666
0.02333333333333333,0.41677613194444446,0.47565708333333334,0.48099199999999365,0.4783245416666635,0.45377849999999986,0.49078124999999323,0.4722798749999966,0.47530220833333003,6.04466666666692,58.52607638888557
0.023666666666666666,0.4142163659722219,0.4737850416666667,0.47911759999999365,0.4764513208333302,0.45195104999999985,0.48845562499999323,0.47020333749999654,0.47332732916666337,6.247983333333651,59.11096319444148
0.024,0.41152857499999973,0.471913,0.47724319999999365,0.47457809999999684,0.45012359999999985,0.48612999999999323,0.4681267999999965,0.4713524499999967,6.451300000000327,59.823874999996974
0.024333333333333332,0.40889742499999976,0.47004095833333337,0.4753687999999937,0.47270487916666354,0.44829614999999984,0.48380437499999324,0.46605026249999654,0.46937757083333004,6.6546166666670015,60.480145833330276
0.024666666666666667,0.4063803388888885,0.4681689166666667,0.4734943999999937,0.4708316583333302,0.44646869999999983,0.48147874999999324,0.46397372499999656,0.4674026916666634,6.857933333333621,61.02235277777485
0.024999999999999998,0.4037684374999997,0.46629687500000006,0.4716199999999937,0.4689584374999969,0.4446412499999999,0.47915312499999324,0.46189718749999653,0.4654278124999967,7.061250000000352,61.65937499999702
0.025333333333333333,0.4012099305555553,0.46442483333333334,0.4697455999999937,0.4670852166666635,0.44281379999999987,0.47682749999999324,0.45982064999999656,0.46345293333333004,7.264566666666972,62.24300277777473
0.025666666666666667,0.3987639402777777,0.4625527916666667,0.4678711999999937,0.46521199583333017,0.44098634999999986,0.4745018749999932,0.4577441124999965,0.4614780541666633,7.467883333333647,62.71411388888565
0.026,0.39627250138888886,0.46068075,0.4659967999999937,0.46333877499999687,0.43915889999999985,0.47217624999999325,0.45566757499999655,0.4595031749999967,7.671200000000322,63.23067361110785
0.026333333333333334,0.3938662076388888,0.45880870833333337,0.4641223999999937,0.46146555416666357,0.43733144999999984,0.46985062499999325,0.4535910374999965,0.45752829583333005,7.874516666667053,63.662088194441246
0.026666666666666665,0.39148124999999995,0.4569366666666667,0.4622479999999937,0.4595923333333302,0.43550399999999984,0.46752499999999325,0.45151449999999654,0.4555534166666634,8.077833333333672,64.07216666666343
0.027,0.3891448708333332,0.455064625,0.4603735999999937,0.45771911249999686,0.4336765499999998,0.46519937499999325,0.44943796249999657,0.4535785374999967,8.281150000000292,64.4336666666635
0.02733333333333333,0.38672356249999995,0.45319258333333334,0.4584991999999938,0.45584589166666356,0.4318490999999999,0.46287374999999326,0.44736142499999654,0.45160365833333005,8.484466666667023,64.8800958333301
0.027666666666666666,0.384338954861111,0.4513205416666667,0.4566247999999937,0.4539726708333302,0.4300216499999998,0.46054812499999326,0.4452848874999965,0.44962877916666333,8.687783333333698,65.2898243055523
0.028,0.38206566944444437,0.44944850000000003,0.4547503999999937,0.45209944999999685,0.4281941999999998,0.45822249999999326,0.44320834999999653,0.4476538999999967,8.891100000000318,65.58823055555236
0.028333333333333332,0.3798674756944443,0.44757645833333337,0.4528759999999938,0.45022622916666355,0.42636674999999985,0.45589687499999326,0.44113181249999656,0.44567902083333005,9.094416666666994,65.81154513888576
0.028666666666666667,0.37760450694444436,0.4457044166666667,0.4510015999999938,0.44835300833333025,0.42453929999999984,0.45357124999999326,0.4390552749999965,0.4437041416666634,9.297733333333724,66.09963472221902
0.028999999999999998,0.37532993749999993,0.44383237500000006,0.4491271999999938,0.44647978749999695,0.42271184999999983,0.45124562499999327,0.43697873749999655,0.4417292624999968,9.501050000000399,66.39932499999685
0.029333333333333333,0.37311575833333316,0.44196033333333334,0.4472527999999938,0.44460656666666354,0.4208843999999998,0.44891999999999327,0.4349021999999966,0.43975438333333006,9.704366666666964,66.63862499999689
0.029666666666666664,0.370860775,0.4400882916666667,0.4453783999999938,0.44273334583333024,0.4190569499999998,0.44659437499999327,0.43282566249999654,0.4377795041666634,9.907683333333694,66.91872916666341
0.03,0.3687525694444445,0.43821625000000003,0.4435039999999938,0.44086012499999694,0.4172294999999998,0.4442687499999933,0.4307491249999965,0.4358046249999967,10.111000000000425,67.05205555555222
0.030333333333333334,0.3666622083333335,0.43634420833333337,0.4416295999999938,0.4389869041666636,0.4154020499999998,0.4419431249999933,0.42867258749999654,0.43382974583333006,10.314316666667045,67.16753749999654
0.030666666666666665,0.36448222499999977,0.4344721666666667,0.4397551999999938,0.4371136833333302,0.41357459999999985,0.4396174999999933,0.42659604999999656,0.4318548666666634,10.517633333333665,67.37264166666363
0.031,0.36235847708333296,0.432600125,0.4378807999999938,0.4352404624999969,0.41174714999999984,0.4372918749999933,0.42451951249999653,0.42987998749999673,10.720950000000396,67.52151041666377
0.03133333333333333,0.36029426249999974,0.43072808333333334,0.43600639999999385,0.4333672416666636,0.40991969999999983,0.4349662499999933,0.42244297499999656,0.42790510833333006,10.924266666667071,67.61084583333033
0.03166666666666666,0.3582733854166667,0.4288560416666667,0.43413199999999386,0.43149402083333027,0.4080922499999998,0.4326406249999933,0.4203664374999966,0.42593022916666345,11.12758333333369,67.65684374999675
0.032,0.3562433944444447,0.42698400000000003,0.43225759999999386,0.4296207999999969,0.4062647999999998,0.43031499999999323,0.41828989999999655,0.42395534999999673,11.330900000000366,67.71195555555204
0.03233333333333333,0.3542121312500003,0.4251119583333334,0.43038319999999386,0.4277475791666636,0.4044373499999998,0.4279893749999933,0.4162133624999965,0.42198047083333007,11.534216666667096,67.76833958332979
0.03266666666666666,0.35221551805555573,0.4232399166666667,0.42850879999999386,0.4258743583333303,0.4026098999999998,0.4256637499999933,0.41413682499999654,0.4200055916666634,11.737533333333772,67.79007361110767
0.033,0.3502588916666667,0.421367875,0.42663439999999386,0.4240011374999969,0.4007824499999998,0.42333812499999324,0.4120602874999965,0.4180307124999967,11.940850000000392,67.77182083333
0.03333333333333333,0.3482851388888888,0.41949583333333335,0.42475999999999386,0.4221279166666636,0.3989549999999998,0.4210124999999933,0.40998374999999654,0.41605583333333007,12.144166666667067,67.77069444444128
0.033666666666666664,0.34634344583333343,0.4176237916666667,0.42288559999999387,0.4202546958333303,0.39712754999999983,0.4186868749999933,0.40790721249999656,0.41408095416666346,12.347483333333741,67.73750833333003
0.033999999999999996,0.3444033375000001,0.41575175000000003,0.4210111999999939,0.418381474999997,0.3953000999999998,0.4163612499999933,0.4058306749999966,0.4121060749999968,12.550800000000418,67.70273749999673
0.034333333333333334,0.3425039541666667,0.4138797083333333,0.41913679999999387,0.4165082541666636,0.3934726499999998,0.41403562499999325,0.40375413749999656,0.4101311958333301,12.754116666667038,67.6272416666634
0.034666666666666665,0.3406112750000001,0.41200766666666666,0.4172623999999939,0.4146350333333303,0.3916451999999998,0.4117099999999933,0.4016775999999965,0.4081563166666634,12.957433333333768,67.54504166666331
0.034999999999999996,0.3387093784722223,0.410135625,0.41538799999999393,0.412761812499997,0.3898177499999998,0.4093843749999933,0.39960106249999655,0.4061814374999968,13.160750000000442,67.47205902777448
0.035333333333333335,0.3368952375,0.40826358333333335,0.41351359999999393,0.41088859166666364,0.3879902999999998,0.40705874999999325,0.3975245249999965,0.4042065583333301,13.364066666667117,67.31132083333009
0.035666666666666666,0.33508163125,0.4063915416666667,0.41163919999999393,0.4090153708333303,0.3861628499999998,0.4047331249999933,0.39544798749999654,0.4022316791666634,13.567383333333737,67.1500479166634
0.036,0.333250288888889,0.40451950000000003,0.40976479999999393,0.407142149999997,0.38433539999999977,0.4024074999999933,0.3933714499999965,0.40025679999999675,13.770700000000469,67.00651111110773
0.036333333333333336,0.3314735041666668,0.4026474583333333,0.40789039999999394,0.4052689291666636,0.38250794999999976,0.40008187499999326,0.3912949124999965,0.39828192083333,13.974016666667143,66.8084166666632
0.03666666666666667,0.3296622500000002,0.4007754166666667,0.40601599999999394,0.4033957083333303,0.38068049999999976,0.39775624999999326,0.3892183749999965,0.3963070416666634,14.17733333333382,66.64479166666321
0.037,0.32783658125000015,0.39890337500000006,0.40414159999999394,0.40152248749999697,0.3788530499999998,0.3954306249999933,0.38714183749999653,0.39433216249999675,14.38065000000044,66.4955812499966
0.03733333333333333,0.32608980000000015,0.3970313333333334,0.402267199999994,0.39964926666666367,0.3770255999999998,0.3931049999999933,0.38506529999999656,0.3923572833333301,14.583966666667115,66.26748333332993
0.03766666666666667,0.3244845159722222,0.3951592916666667,0.40039279999999394,0.3977760458333303,0.3751981499999998,0.39077937499999327,0.3829887624999965,0.3903824041666634,14.78728333333379,65.89788819444121
0.038,0.3227259875,0.39328725000000003,0.39851839999999394,0.39590282499999696,0.3733706999999998,0.3884537499999933,0.38091222499999655,0.38840752499999676,14.99060000000041,65.68153749999678
0.03833333333333333,0.32096353125000004,0.3914152083333334,0.396643999999994,0.39402960416666366,0.37154324999999977,0.38636287499999605,0.37895306249999794,0.3864913333333308,15.076541666665722,65.52780208333076
0.03866666666666667,0.31928987222222227,0.38954316666666666,0.39476959999999395,0.3921563833333303,0.36971579999999976,0.38499189999999606,0.3773538499999979,0.38475511666666407,14.802533333332423,65.4652444444418
0.039,0.31762073541666663,0.387671125,0.392895199999994,0.390283162499997,0.36788834999999975,0.38362092499999606,0.37575463749999793,0.3830188999999975,14.528524999999071,65.39816458333087
0.03933333333333333,0.3160049625,0.38579908333333335,0.391020799999994,0.38840994166666365,0.3660608999999998,0.38224994999999606,0.37415542499999793,0.3812826833333308,14.254516666665717,65.27772083333083
0.03966666666666666,0.3143717493055555,0.3839270416666667,0.389146399999994,0.38653672083333035,0.3642334499999998,0.38087897499999607,0.37255621249999793,0.37954646666666414,13.98050833333242,65.17471736110863
0.04,0.3127239999999998,0.38205500000000003,0.387271999999994,0.38466349999999705,0.3624059999999998,0.37950799999999607,0.3709569999999979,0.37781024999999746,13.706499999999123,65.08624999999768
0.04033333333333333,0.311116217361111,0.3801829583333334,0.385397599999994,0.3827902791666637,0.3605785499999998,0.3781370249999961,0.3693577874999979,0.3760740333333308,13.432491666665769,64.95781597221978
0.04066666666666666,0.3095035833333333,0.3783109166666667,0.38352319999999407,0.3809170583333304,0.35875109999999977,0.3767660499999961,0.3677585749999979,0.37433781666666416,13.158483333332471,64.83423333333089
0.041,0.3079079374999998,0.376438875,0.381648799999994,0.37904383749999704,0.35692364999999976,0.3753950749999961,0.3661593624999979,0.3726015999999975,12.884474999999117,64.6936624999977
0.04133333333333333,0.3063348666666664,0.37456683333333335,0.3797743999999941,0.37717061666666374,0.35509619999999975,0.3740240999999961,0.3645601499999979,0.37086538333333086,12.61046666666582,64.53051666666443
0.041666666666666664,0.3048019965277777,0.3726947916666667,0.3778999999999941,0.3752973958333304,0.3532687499999998,0.3726531249999961,0.3629609374999979,0.3691291666666642,12.336458333332468,64.3271701388865
0.041999999999999996,0.3032562069444444,0.37082275000000003,0.3760255999999941,0.373424174999997,0.3514412999999998,0.3712821499999961,0.36136172499999797,0.3673929499999975,12.062449999999059,64.13674305555311
0.042333333333333334,0.30171881874999995,0.3689507083333333,0.3741511999999941,0.3715509541666637,0.3496138499999997,0.3699111749999961,0.3597625124999979,0.3656567333333308,11.788441666665816,63.937914583330866
0.042666666666666665,0.3002066666666667,0.36707866666666666,0.3722767999999941,0.36967773333333037,0.3477863999999998,0.3685401999999961,0.35816329999999796,0.36392051666666414,11.514433333332407,63.713849999997464
0.043,0.29868917916666665,0.365206625,0.3704023999999941,0.367804512499997,0.34595894999999977,0.3671692249999961,0.3565640874999979,0.36218429999999746,11.24042499999911,63.49512083333081
0.043333333333333335,0.29719149999999994,0.36333458333333335,0.3685279999999941,0.3659312916666637,0.3447629999999998,0.36579824999999605,0.3552806249999979,0.3606059583333308,10.65066666666581,63.41445833333087
0.043666666666666666,0.2957744083333333,0.3614625416666667,0.3666535999999941,0.3640580708333304,0.34358809999999984,0.3644272749999961,0.354007687499998,0.3590328791666642,10.050383333332412,63.25847083333092
0.044,0.294284025,0.35959050000000004,0.3647791999999941,0.36218484999999706,0.3424131999999998,0.3630562999999961,0.352734749999998,0.35745979999999755,9.450099999999074,63.17577499999755
0.04433333333333333,0.29279405000000003,0.3577184583333334,0.36290479999999414,0.36031162916666376,0.34123829999999983,0.3616853249999961,0.35146181249999797,0.35588672083333084,8.849816666665788,63.092670833330814
0.04466666666666667,0.2913823111111111,0.3558464166666667,0.3610303999999941,0.3584384083333304,0.3400633999999998,0.36031434999999606,0.35018887499999796,0.3543136416666642,8.249533333332447,62.93133055555305
0.045,0.2899998020833334,0.35460825,0.35915599999999415,0.35688212499999705,0.3388884999999998,0.3589433749999961,0.34891593749999794,0.3528990312499975,7.966187499999111,62.89922916666407
0.04533333333333333,0.28857731388888885,0.3534238666666667,0.35728159999999415,0.3553527333333304,0.33771359999999984,0.3575723999999961,0.347642999999998,0.35149786666666416,7.709733333332414,62.920552777775306
0.04566666666666667,0.28717784374999994,0.3522394833333333,0.35584586666666296,0.35404267499999814,0.3365386999999998,0.3562014249999961,0.3463700624999979,0.350206368749998,7.6726125000002305,63.02852499999806
0.046,0.28577230138888887,0.3510551,0.3546607999999963,0.35285794999999814,0.3353637999999998,0.3548304499999961,0.34509712499999795,0.34897753749999805,7.760825000000193,63.20523611110917
0.04633333333333333,0.2843779875,0.3498707166666667,0.35347573333332966,0.3516732249999982,0.33418889999999984,0.3534594749999961,0.343824187499998,0.3477487062499981,7.849037500000211,63.37071874999811
0.04666666666666666,0.28305155555555556,0.3486863333333334,0.352290666666663,0.3504884999999982,0.3330139999999998,0.35208849999999614,0.342551249999998,0.3465198749999981,7.937250000000229,63.468319444442535
0.047,0.2817967402777778,0.34750195,0.3511055999999963,0.34930377499999815,0.33183909999999983,0.3507175249999961,0.34127831249999796,0.3452910437499981,8.025462500000192,63.494303472220295
0.04733333333333333,0.28039615000000007,0.3463175666666667,0.3499205333333296,0.34811904999999815,0.3306641999999998,0.3493465499999961,0.34000537499999794,0.344062212499998,8.113675000000208,63.666062499997956
0.04766666666666666,0.2790207687500001,0.34513318333333337,0.348735466666663,0.3469343249999982,0.3294892999999998,0.3479755749999961,0.33873243749999793,0.34283338124999807,8.201887500000282,63.812612499997975
0.048,0.27774420277777767,0.3439488,0.3475503999999963,0.34574959999999816,0.3283143999999998,0.3466045999999961,0.3374594999999979,0.341604549999998,8.290100000000244,63.86034722222034
0.04833333333333333,0.27646670833333337,0.3427644166666667,0.34636533333332964,0.34456487499999816,0.3271394999999998,0.3452336249999961,0.33618656249999795,0.34037571874999806,8.378312500000206,63.90901041666469
0.048666666666666664,0.27517375416666684,0.34158003333333337,0.345180266666663,0.3433801499999982,0.3259645999999998,0.3438626499999961,0.334913624999998,0.3391468874999981,8.466525000000225,63.97313333333127
0.048999999999999995,0.27389831527777797,0.34039565000000005,0.34399519999999634,0.3421954249999982,0.32478969999999985,0.3424916749999961,0.333640687499998,0.3379180562499981,8.554737500000243,64.01974097222013
0.04933333333333333,0.2726675000000001,0.3392112666666667,0.34281013333332966,0.34101069999999817,0.3236147999999998,0.3411206999999961,0.33236774999999796,0.3366892249999981,8.642950000000205,64.02172499999797
0.049666666666666665,0.2714240625000001,0.33802688333333336,0.34162506666666304,0.3398259749999982,0.32243989999999983,0.3397497249999961,0.33109481249999795,0.3354603937499981,8.731162500000277,64.03633124999797
0.049999999999999996,0.2701772569444446,0.33684250000000004,0.34043999999999636,0.33864124999999823,0.3212649999999998,0.3383787499999961,0.32982187499999793,0.3342315624999981,8.819375000000296,64.05430555555347
0.050333333333333334,0.2689125958333335,0.3356581166666667,0.3392549333333297,0.3374565249999982,0.3200900999999998,0.3370077749999961,0.328548937499998,0.3330027312499981,8.907587500000202,64.09013541666458
0.050666666666666665,0.26771117499999997,0.33447373333333336,0.33806986666666305,0.33627179999999823,0.3189151999999998,0.3356367999999961,0.32727599999999796,0.33177389999999807,8.995800000000276,64.0627249999981
0.051,0.2665227319444443,0.33328935000000004,0.3368847999999964,0.33508707499999824,0.3177402999999998,0.33426582499999613,0.326003062499998,0.3305450687499981,9.084012500000238,64.0223368055538
0.051333333333333335,0.2653909888888888,0.33210496666666667,0.3356997333333297,0.3339023499999982,0.3165653999999998,0.33289484999999613,0.324730124999998,0.32931623749999805,9.1722250000002,63.92524861110927
0.051666666666666666,0.26419815624999987,0.33092058333333335,0.334514666666663,0.3327176249999982,0.3153904999999998,0.33152387499999614,0.32345718749999797,0.3280874062499981,9.260437500000219,63.889249999998235
0.052,0.26300415277777767,0.32973620000000003,0.3333295999999964,0.33153289999999824,0.3142155999999998,0.33015289999999614,0.32218424999999795,0.3268585749999981,9.34865000000029,63.85442222222043
0.05233333333333333,0.26186457638888894,0.32855181666666666,0.3321445333333297,0.3303481749999982,0.31304069999999984,0.32878192499999614,0.320911312499998,0.3256297437499981,9.436862500000199,63.76516736110916
0.05266666666666667,0.26075753749999997,0.32736743333333335,0.33095946666666304,0.3291634499999982,0.3118657999999998,0.32741094999999615,0.319638374999998,0.3244009124999981,9.525075000000216,63.643374999998116
0.053,0.25962161666666667,0.32618305000000003,0.3297743999999964,0.32797872499999825,0.31069089999999977,0.32603997499999615,0.31836543749999796,0.3231720812499981,9.61328750000029,63.55046458333141
0.05333333333333333,0.2585037499999999,0.32499866666666666,0.32858933333332974,0.3267939999999982,0.3095159999999998,0.32466899999999616,0.317092499999998,0.3219432499999981,9.701500000000197,63.439499999998205
0.05366666666666667,0.2573792812499999,0.32381428333333334,0.32740426666666306,0.3256092749999982,0.3083410999999998,0.32329802499999616,0.315819562499998,0.32071441874999806,9.789712500000213,63.33513749999814
0.054,0.2562659111111111,0.3226299,0.3262191999999964,0.3244245499999982,0.3071661999999998,0.32192704999999616,0.31454662499999797,0.3194855874999981,9.877925000000232,63.21967638888704
0.05433333333333333,0.25526164097222226,0.32144551666666665,0.32503413333332976,0.3232398249999982,0.3059912999999998,0.32055607499999617,0.31327368749999795,0.31825675624999805,9.966137500000249,62.995115277775795
0.05466666666666666,0.254146725,0.32026113333333334,0.3238490666666631,0.3220550999999982,0.3048163999999998,0.31918509999999617,0.312000749999998,0.3170279249999981,10.054350000000213,62.88119999999808
0.055,0.2530932395833333,0.31907675,0.3226639999999964,0.3208703749999982,0.3036414999999998,0.3178141249999962,0.310727812499998,0.3157990937499981,10.14256250000023,62.7058541666648
0.05533333333333333,0.25206161666666665,0.31789236666666665,0.3214789333333298,0.3196856499999982,0.3024665999999998,0.3164431499999962,0.309454874999998,0.3145702624999981,10.230775000000191,62.508645833331435
0.05566666666666666,0.25104054583333335,0.31670798333333333,0.3202938666666631,0.3185009249999982,0.30129169999999983,0.3150721749999962,0.308181937499998,0.31334143124999814,10.31898750000021,62.300885416664784
0.056,0.2500226916666667,0.3155236,0.3191087999999964,0.3173161999999982,0.3001167999999998,0.3137011999999961,0.306908999999998,0.3121125999999981,10.407200000000227,62.08990833333139
0.05633333333333333,0.24904238124999997,0.31433921666666664,0.3179237333333298,0.3161314749999982,0.29894189999999976,0.3123302249999962,0.305636062499998,0.3108837687499981,10.495412500000246,61.84138749999815
0.056666666666666664,0.247993125,0.3131548333333333,0.3167386666666631,0.3149467499999982,0.2977669999999998,0.31095924999999613,0.30436312499999796,0.30965493749999806,10.583625000000263,61.66181249999806
0.056999999999999995,0.24699796250000003,0.31197045,0.31555359999999644,0.3137620249999982,0.2965920999999998,0.3095882749999962,0.303090187499998,0.3084261062499981,10.671837500000226,61.428143749998085
0.05733333333333333,0.24605271944444443,0.31078606666666664,0.3143685333333298,0.3125772999999982,0.29541719999999977,0.30821729999999614,0.3018172499999979,0.30719727499999805,10.760050000000298,61.14455555555362
0.057666666666666665,0.24513477638888884,0.3096016833333333,0.31318346666666314,0.31139257499999823,0.2942422999999998,0.3068463249999962,0.300544312499998,0.3059684437499981,10.848262500000205,60.83366736110926
0.057999999999999996,0.24417746249999991,0.3084173,0.31199839999999646,0.31020784999999823,0.2930673999999998,0.30547534999999615,0.299271374999998,0.30473961249999815,10.936475000000224,60.56214999999823
0.058333333333333334,0.24329694444444444,0.30723291666666663,0.3108133333333298,0.3090231249999982,0.2918924999999998,0.30410437499999615,0.297998437499998,0.3035107812499981,11.024687500000185,60.21383680555365
0.058666666666666666,0.24238891388888897,0.3060485333333333,0.30962826666666315,0.30783839999999824,0.2907175999999998,0.30273339999999616,0.296725499999998,0.30228194999999813,11.11290000000026,59.89303611110916
0.059,0.24145460625000006,0.30486415,0.3084431999999965,0.30665367499999824,0.28954269999999976,0.3013624249999962,0.29545256249999796,0.30105311874999807,11.201112500000276,59.59851249999801
0.05933333333333333,0.24054993750000006,0.3036797666666667,0.30725813333332985,0.3054689499999983,0.2883677999999998,0.29999144999999616,0.29417962499999795,0.2998242874999981,11.28932500000035,59.27434999999806
0.059666666666666666,0.2397134819444445,0.3024953833333333,0.3060730666666632,0.30428422499999824,0.28719289999999975,0.29862047499999617,0.29290668749999793,0.29859545624999806,11.377537500000312,58.881974305553555
0.06,0.23886511111111108,0.301311,0.3048879999999965,0.30309949999999825,0.2860179999999998,0.29724949999999617,0.29163374999999797,0.2973666249999981,11.465750000000273,58.501513888887025
0.06033333333333333,0.23805839375,0.3001266166666667,0.30370293333332987,0.3019147749999983,0.2848430999999998,0.29617884999999744,0.2905109749999986,0.2962128749999985,11.403799999999686,58.154481249998476
0.06066666666666667,0.23724882500000002,0.2989422333333333,0.30251786666666314,0.3007300499999982,0.28366819999999976,0.2952546999999974,0.28946144999999857,0.2950957499999984,11.26859999999963,57.84692499999836
0.061,0.23641868749999997,0.29775785,0.3013327999999965,0.29954532499999825,0.2824932999999998,0.2943305499999974,0.28841192499999857,0.2939786249999984,11.133399999999682,57.55993749999841
0.06133333333333333,0.23567344999999998,0.2965734666666667,0.30014773333332984,0.29836059999999825,0.28131839999999975,0.29340639999999746,0.2873623999999986,0.29286149999999844,10.998199999999681,57.18804999999846
0.06166666666666666,0.23490969444444446,0.29538908333333336,0.2989626666666632,0.2971758749999983,0.28014349999999977,0.29248224999999745,0.2863128749999986,0.29174437499999845,10.862999999999733,56.83468055555399
0.062,0.23422932500000002,0.2942047,0.29777759999999653,0.29599114999999826,0.2789685999999998,0.29155809999999743,0.2852633499999986,0.29062724999999845,10.727799999999677,56.39792499999843
0.06233333333333333,0.23348561874999993,0.29302031666666667,0.29659253333332986,0.29480642499999826,0.27779369999999975,0.2906339499999974,0.2842138249999986,0.2895101249999984,10.592599999999674,56.02450624999847
0.06266666666666666,0.23279106666666657,0.29183593333333335,0.29540746666666323,0.2936216999999983,0.2766187999999998,0.28970979999999746,0.2831642999999986,0.28839299999999846,10.457399999999728,55.601933333331885
0.063,0.23209896458333326,0.29065155,0.29422239999999655,0.29243697499999827,0.27544389999999974,0.28878564999999745,0.2821147749999986,0.2872758749999984,10.32219999999967,55.176910416665145
0.06333333333333332,0.23145846527777772,0.28946716666666666,0.29303733333332993,0.2912522499999983,0.27426899999999976,0.28786149999999744,0.2810652499999986,0.28615874999999846,10.186999999999724,54.700284722220744
0.06366666666666666,0.23081353749999994,0.28828278333333335,0.2918522666666632,0.29006752499999827,0.2730940999999998,0.2869373499999974,0.2800157249999986,0.2850416249999984,10.051799999999666,54.228087499998466
0.064,0.2302185777777778,0.2870984,0.2906671999999966,0.2888827999999983,0.27191919999999975,0.2860131999999974,0.2789661999999986,0.28392449999999847,9.916599999999665,53.70592222222068
0.06433333333333333,0.22964433125000008,0.28591401666666666,0.28948213333332995,0.28769807499999833,0.27074429999999977,0.28508904999999746,0.2779166749999986,0.2828073749999985,9.781399999999717,53.16304374999839
0.06466666666666666,0.22910003194444456,0.28472963333333334,0.2882970666666632,0.2865133499999983,0.26974369999999986,0.28416489999999744,0.27695429999999865,0.28173382499999844,9.559049999999624,52.63379305555388
0.065,0.22857111458333346,0.28354524999999997,0.2871119999999966,0.2853286249999983,0.26895474999999985,0.28324074999999743,0.27609774999999864,0.28071318749999846,9.230874999999639,52.14207291666501
0.06533333333333333,0.2280493527777778,0.28236086666666665,0.2859269333333299,0.2841438999999983,0.26816579999999984,0.2823165999999975,0.27524119999999863,0.2796925499999985,8.902699999999653,51.643197222220685
0.06566666666666666,0.22754906111111112,0.28117648333333334,0.28474186666666323,0.2829591749999983,0.26737684999999983,0.28139244999999746,0.2743846499999987,0.27867191249999845,8.57452499999961,51.122851388887334
0.066,0.22707934583333333,0.27999209999999997,0.28355679999999656,0.28177444999999823,0.2665878999999998,0.28046829999999745,0.2735280999999986,0.2776512749999984,8.246349999999625,50.571929166665086
0.06633333333333333,0.22658835347222225,0.27880771666666665,0.28237173333332993,0.2805897249999983,0.26579894999999987,0.27954414999999744,0.27267154999999865,0.2766306374999985,7.918174999999639,50.04228402777625
0.06666666666666667,0.22617111111111107,0.27762333333333333,0.28118666666666325,0.2794049999999983,0.26500999999999986,0.2786199999999974,0.27181499999999864,0.27560999999999847,7.589999999999653,49.4388888888874
0.067,0.22573254999999995,0.27643894999999996,0.2800015999999966,0.27822027499999824,0.26422104999999985,0.2776958499999974,0.27095844999999863,0.27458936249999844,7.261824999999611,48.85681249999848
0.06733333333333333,0.22530223194444443,0.27559031666666667,0.27881653333332995,0.2772034249999983,0.26343209999999984,0.27677169999999746,0.2701018999999987,0.2736526624999985,7.101524999999609,48.35043055555405
0.06766666666666667,0.22494145624999998,0.27478630833333334,0.2776314666666633,0.2762088874999983,0.2626431499999998,0.27584754999999744,0.2692453499999986,0.27272711874999844,6.963537499999672,47.785662499998466
0.06799999999999999,0.22455071666666668,0.2739823,0.27644639999999665,0.27521434999999833,0.26185419999999987,0.2749233999999975,0.26838879999999865,0.27180157499999846,6.82554999999968,47.250858333331784
0.06833333333333333,0.22417171875,0.2731782916666667,0.2754733333333313,0.274325812499999,0.26106524999999986,0.2739992499999975,0.2675322499999987,0.27092903124999884,6.793562500000294,46.75731249999885
0.06866666666666667,0.22382459999999998,0.2723742833333333,0.2747546666666646,0.2735644749999989,0.26027629999999985,0.27307509999999746,0.2666756999999986,0.2701200874999988,6.888775000000291,46.295487499998785
0.06899999999999999,0.2234863840277778,0.271570275,0.27403599999999795,0.27280313749999896,0.25948734999999984,0.27215094999999745,0.26581914999999867,0.2693111437499988,6.983987500000288,45.824759722221025
0.06933333333333333,0.22316766666666665,0.27076626666666664,0.2733173333333313,0.272041799999999,0.25869839999999983,0.27122679999999744,0.2649625999999986,0.2685021999999988,7.079200000000396,45.334533333332146
0.06966666666666667,0.22282427430555551,0.2699622583333333,0.2725986666666646,0.27128046249999893,0.2579094499999998,0.2703026499999974,0.26410604999999865,0.2676932562499988,7.174412500000282,44.86898194444328
0.06999999999999999,0.22251885416666664,0.26915825,0.27187999999999796,0.27051912499999897,0.25712049999999986,0.26937849999999747,0.2632494999999987,0.26688431249999883,7.269625000000279,44.36545833333219
0.07033333333333333,0.22221786875,0.26835424166666666,0.2711613333333313,0.269757787499999,0.25633154999999985,0.26845434999999745,0.2623929499999986,0.2660753687499988,7.364837500000387,43.85749999999883
0.07066666666666667,0.221913225,0.26755023333333333,0.2704426666666646,0.26899644999999894,0.25554259999999984,0.26753019999999744,0.26153639999999867,0.2652664249999988,7.460050000000273,43.353199999998814
0.071,0.2216136659722222,0.266746225,0.26972399999999797,0.268235112499999,0.25475364999999983,0.2666060499999975,0.26067984999999866,0.2644574812499988,7.555262500000326,42.843815277776585
0.07133333333333333,0.2213748388888889,0.2659422166666667,0.2690053333333313,0.267473774999999,0.2539646999999998,0.2656818999999975,0.25982329999999865,0.26364853749999884,7.6504750000003785,42.273698611109936
0.07166666666666667,0.22112965625,0.2651382083333333,0.2682866666666646,0.26671243749999896,0.2531757499999998,0.26475774999999746,0.25896674999999864,0.26283959374999877,7.7456875000003205,41.709937499998766
0.072,0.22085105000000002,0.2643342,0.267567999999998,0.265951099999999,0.25238679999999986,0.26383359999999745,0.2581101999999986,0.2620306499999988,7.840900000000373,41.17959999999879
0.07233333333333333,0.22060442638888889,0.26353019166666664,0.26684933333333133,0.265189762499999,0.25159784999999985,0.26290944999999744,0.25725364999999867,0.26122170624999885,7.9361125000003145,40.617279861109964
0.07266666666666667,0.22035496666666665,0.2627261833333333,0.26613066666666463,0.26442842499999897,0.25080889999999983,0.2619852999999974,0.2563970999999986,0.2604127624999988,8.031325000000367,40.057795833332136
0.073,0.22010659375000002,0.261922175,0.265411999999998,0.263667087499999,0.2500199499999998,0.26106114999999747,0.25554054999999865,0.2596038187499988,8.126537500000364,39.49722499999881
0.07333333333333333,0.21988429166666665,0.26111816666666665,0.26469333333333134,0.262905749999999,0.2492309999999998,0.26013699999999745,0.25468399999999863,0.2587948749999988,8.22175000000036,38.91058333333216
0.07366666666666666,0.2196429125,0.2603141583333333,0.2639746666666647,0.262144412499999,0.24844204999999983,0.2592128499999975,0.2538274499999987,0.2579859312499988,8.316962500000303,38.34301874999879
0.074,0.21943681944444443,0.25951015,0.263255999999998,0.261383074999999,0.24765309999999982,0.2582886999999975,0.25297089999999867,0.25717698749999884,8.412175000000355,37.74016805555441
0.07433333333333333,0.21921175000000004,0.25870614166666667,0.26253733333333135,0.260621737499999,0.2468641499999998,0.25736454999999747,0.25211434999999865,0.25636804374999883,8.507387500000352,37.156293749998795
0.07466666666666666,0.21903177500000004,0.25790213333333334,0.2618186666666647,0.259860399999999,0.24607519999999983,0.25644039999999746,0.25125779999999864,0.2555590999999988,8.602600000000349,36.527324999998775
0.075,0.21880215277777776,0.257098125,0.261099999999998,0.25909906249999903,0.24528624999999982,0.25551624999999745,0.25040124999999863,0.25475015624999886,8.697812500000401,35.9480034722211
0.07533333333333334,0.2185899,0.2562941166666666,0.26038133333333136,0.25833772499999896,0.2444972999999998,0.25459209999999743,0.24954469999999862,0.2539412124999988,8.793025000000343,35.35131249999879
0.07566666666666666,0.21841618819444442,0.25549010833333335,0.2596626666666647,0.257576387499999,0.24370834999999982,0.2536679499999975,0.24868814999999866,0.25313226874999883,8.88823750000034,34.71608055555442
0.076,0.21819047499999997,0.25468609999999997,0.258943999999998,0.256815049999999,0.2429193999999998,0.25274379999999746,0.24783159999999865,0.2523233249999988,8.983450000000337,34.132849999998854
0.07633333333333334,0.21801779166666668,0.25388209166666664,0.25822533333333136,0.256053712499999,0.2421304499999998,0.25181964999999745,0.24697504999999864,0.2515143812499988,9.078662500000334,33.496589583332124
0.07666666666666666,0.21784020833333337,0.2530780833333333,0.2575066666666647,0.255292374999999,0.24134149999999982,0.2508954999999975,0.24611849999999866,0.25070543749999885,9.17387500000036,32.865229166665486
0.077,0.21769739374999997,0.252274075,0.256787999999998,0.254531037499999,0.2405525499999998,0.24997134999999748,0.24526194999999865,0.24989649374999884,9.269087500000357,32.19909999999887
0.07733333333333334,0.21750238611111106,0.25147006666666666,0.2560693333333314,0.253769699999999,0.2397635999999998,0.24904719999999747,0.24440539999999863,0.24908754999999883,9.364300000000354,31.58516388888777
0.07766666666666666,0.21736965624999996,0.25066605833333333,0.2553506666666647,0.25300836249999903,0.23897464999999982,0.24812304999999749,0.24354884999999865,0.24827860624999884,9.459512500000377,30.90894999999888
0.078,0.21719683749999996,0.24986205,0.254631999999998,0.252247024999999,0.2381856999999998,0.24719889999999747,0.24269229999999864,0.24746966249999883,9.554725000000374,30.272824999998864
0.07833333333333332,0.21702725347222218,0.24905804166666667,0.2539133333333314,0.251485687499999,0.23739674999999982,0.2462747499999975,0.24183574999999866,0.24666071874999884,9.649937500000345,29.63346527777666
0.07866666666666666,0.21685196944444443,0.24825403333333335,0.25319466666666474,0.25072434999999904,0.2366077999999998,0.24535059999999748,0.24097919999999864,0.24585177499999883,9.745150000000397,28.9998055555544
0.079,0.2167043833333333,0.247450025,0.25247599999999804,0.24996301249999903,0.2358188499999998,0.24442644999999746,0.24012264999999863,0.24504283124999882,9.840362500000394,28.33844791666551
0.07933333333333333,0.2165284875,0.2466460166666667,0.2517573333333314,0.24920167499999904,0.23502989999999982,0.2435022999999975,0.23926609999999865,0.24423388749999886,9.93557500000039,27.705399999998853
0.07966666666666666,0.21635654166666662,0.24584200833333333,0.25103866666666474,0.24844033749999905,0.2342409499999998,0.2425781499999975,0.23840954999999864,0.24342494374999885,10.030787500000415,27.06840208333222
0.08,0.21620649999999997,0.24503799999999998,0.25031999999999804,0.247678999999999,0.2334519999999998,0.24165399999999748,0.23755299999999863,0.24261599999999883,10.126000000000385,26.409499999998864
0.08033333333333333,0.21607290625,0.24423399166666668,0.2496013333333314,0.24691766249999902,0.23266304999999982,0.2407298499999975,0.23669644999999867,0.24180705624999885,10.221212500000354,25.734149999998845
0.08066666666666666,0.21592829583333334,0.24342998333333332,0.24888266666666473,0.246156324999999,0.2318740999999998,0.23980569999999748,0.23583989999999866,0.24099811249999883,10.31642500000035,25.069816666665496
0.081,0.21580308125,0.242625975,0.24816399999999805,0.24539498749999902,0.2310851499999998,0.23888154999999747,0.23498334999999865,0.24018916874999885,10.411637500000376,24.386087499998848
0.08133333333333333,0.21567725000000001,0.24182196666666667,0.2474453333333314,0.24463364999999904,0.2302961999999998,0.2379573999999975,0.23412679999999864,0.23938022499999884,10.506850000000401,23.702974999998823
0.08166666666666667,0.2155120034722222,0.24101795833333334,0.24672666666666473,0.24387231249999902,0.2295072499999998,0.23703324999999748,0.23327024999999862,0.23857128124999882,10.602062500000397,23.05927777777661
0.082,0.21536395555555554,0.24021394999999998,0.24600799999999806,0.243110974999999,0.2287182999999998,0.23617569999999932,0.23244699999999957,0.2377789874999993,10.663974999999438,22.415031944443747
0.08233333333333333,0.21524402499999998,0.23940994166666668,0.24528933333333142,0.24234963749999905,0.2279293499999998,0.23592864999999932,0.23192899999999955,0.2371393187499993,10.420637499999497,21.895293749999322
0.08266666666666667,0.21513320000000002,0.23860593333333333,0.24457066666666474,0.24158829999999903,0.2271403999999998,0.23568159999999932,0.23141099999999956,0.23649964999999928,10.177299999999473,21.36644999999926
0.08299999999999999,0.21501110486111114,0.23780192500000003,0.2438519999999981,0.24082696249999908,0.22635144999999982,0.23543454999999933,0.23089299999999957,0.23585998124999932,9.933962499999504,20.848876388888186
0.08333333333333333,0.214871875,0.23699791666666667,0.24313333333333143,0.24006562499999906,0.2255624999999998,0.23518749999999933,0.23037499999999955,0.2352203124999993,9.690624999999509,20.348437499999317
0.08366666666666667,0.214747825,0.2361939083333333,0.24241466666666475,0.23930428749999905,0.2247735499999998,0.23494044999999933,0.22985699999999956,0.23458064374999932,9.447287499999485,19.832818749999316
0.08399999999999999,0.21463362500000002,0.2353899,0.2416959999999981,0.23854294999999906,0.2239845999999998,0.23469339999999933,0.22933899999999957,0.23394097499999933,9.20394999999949,19.307349999999307
0.08433333333333333,0.21451871527777777,0.23458589166666666,0.24097733333333143,0.23778161249999905,0.2231956499999998,0.23444634999999933,0.22882099999999955,0.23330130624999929,8.960612499999494,18.782590972221513
0.08466666666666667,0.21439026527777777,0.23378188333333333,0.24025866666666476,0.23702027499999906,0.2224066999999998,0.23419929999999933,0.22830299999999956,0.2326616374999993,8.717274999999496,18.271372222221526
0.08499999999999999,0.21426609375,0.232977875,0.23953999999999812,0.23625893749999904,0.2216177499999998,0.23395224999999933,0.22778499999999957,0.2320219687499993,8.473937499999472,17.75587499999931
0.08533333333333333,0.21415260555555557,0.23217386666666667,0.23882133333333144,0.23549759999999906,0.2208287999999998,0.23370519999999934,0.22726699999999955,0.23138229999999932,8.230599999999505,17.229694444443748
0.08566666666666667,0.21404007222222224,0.23136985833333332,0.23810266666666477,0.23473626249999904,0.2200398499999998,0.23345814999999934,0.22674899999999956,0.2307426312499993,7.987262499999481,16.702559027777063
0.086,0.21392668750000002,0.23056585000000002,0.23738399999999812,0.23397492499999906,0.2192508999999998,0.23321109999999934,0.22623099999999957,0.23010296249999931,7.743924999999486,16.176274999999297
0.08633333333333333,0.21379382916666664,0.22976184166666666,0.23666533333333145,0.23321358749999904,0.21906949999999997,0.23296404999999934,0.22601677499999967,0.22961518124999936,7.196812499999372,15.821352083332712
0.08666666666666667,0.2136797222222222,0.2289578333333333,0.23594666666666478,0.23245224999999903,0.21892999999999996,0.23271699999999934,0.22582349999999965,0.22913787499999932,6.628749999999378,15.458152777777123
0.087,0.21360667916666665,0.228153825,0.23522799999999813,0.23169091249999907,0.21879049999999997,0.23246994999999934,0.22563022499999966,0.22866056874999935,6.060687499999412,15.053889583332703
0.08733333333333333,0.21349553055555556,0.22734981666666665,0.23450933333333146,0.23092957499999905,0.21865099999999996,0.23222289999999934,0.22543694999999964,0.22818326249999935,5.492624999999418,14.687731944443783
0.08766666666666667,0.21338373581349207,0.22654580833333332,0.2337906666666648,0.23016823749999904,0.21851149999999997,0.23197584999999935,0.22524367499999964,0.22770595624999934,4.924562499999396,14.322220436507271
0.088,0.21325251388888888,0.2257418,0.23307199999999814,0.22940689999999908,0.21837199999999998,0.23172879999999935,0.22505039999999965,0.22722864999999937,4.35649999999943,13.976136111110481
0.08833333333333333,0.21318615972222224,0.22493779166666666,0.23235333333333147,0.22864556249999907,0.21823249999999997,0.23148174999999935,0.22485712499999966,0.22675134374999936,3.7884374999994086,13.565184027777121
0.08866666666666666,0.21307482777777775,0.22413378333333334,0.23163466666666482,0.22788422499999908,0.21809299999999998,0.23123469999999935,0.22466384999999967,0.22627403749999936,3.2203749999994145,13.199209722221605
0.089,0.21297480138888888,0.223329775,0.23091599999999815,0.2271228874999991,0.21795349999999997,0.23098764999999935,0.22447057499999967,0.22579673124999938,2.6523124999994208,12.821929861110497
0.08933333333333333,0.212857725,0.22252576666666665,0.23019733333333148,0.22636154999999908,0.21781399999999998,0.23074059999999935,0.22427729999999968,0.22531942499999938,2.084249999999399,12.461699999999382
0.08966666666666666,0.21277492708333334,0.2222502583333333,0.22947866666666483,0.22586446249999909,0.21767449999999997,0.23049354999999935,0.22408402499999966,0.22497424374999936,1.7804374999994266,12.199316666666016
0.09,0.21268872222222224,0.22207274999999999,0.22875999999999816,0.22541637499999906,0.21753499999999998,0.23024649999999935,0.22389074999999967,0.22465356249999935,1.525624999999392,11.96484027777711
0.09033333333333333,0.21258138124999998,0.22189524166666666,0.2280413333333315,0.2249682874999991,0.21739549999999996,0.22999944999999936,0.22369747499999965,0.22433288124999937,1.2708124999994408,11.751499999999387
0.09066666666666666,0.21247865277777775,0.22171773333333333,0.22732266666666484,0.2245201999999991,0.21725599999999998,0.22975239999999936,0.22350419999999965,0.22401219999999938,1.015999999999434,11.533547222221635
0.091,0.212374975,0.22154022499999998,0.22676879999999972,0.22415451249999985,0.21711649999999996,0.22950534999999936,0.22331092499999966,0.22373271874999975,0.8435875000001869,11.35774374999976
0.09133333333333334,0.21226342499999998,0.22136271666666665,0.2266543999999997,0.22400855833333316,0.21697699999999998,0.22925829999999936,0.22311764999999967,0.22356310416666642,0.8909083333334955,11.299679166666438
0.09166666666666666,0.21217999999999998,0.22118520833333333,0.2265399999999997,0.22386260416666653,0.2168375,0.22901124999999936,0.22292437499999967,0.2233934895833331,0.9382291666668596,11.213489583333125
0.092,0.21209006111111112,0.22100769999999997,0.2264255999999997,0.22371664999999985,0.21669799999999997,0.22876419999999936,0.22273109999999968,0.22322387499999977,0.9855500000001682,11.13381388888865
0.09233333333333334,0.21201460763888885,0.22083019166666665,0.2263111999999997,0.22357069583333317,0.2165585,0.22851714999999936,0.2225378249999997,0.22305426041666643,1.0328708333334768,11.039652777777576
0.09266666666666666,0.2118891,0.22065268333333332,0.2261967999999997,0.2234247416666665,0.21641899999999997,0.22827009999999937,0.22234454999999967,0.2228846458333331,1.080191666666841,10.995545833333093
0.093,0.2118089895833333,0.22047517499999997,0.2260823999999997,0.22327878749999985,0.21627949999999999,0.22802304999999937,0.22215127499999968,0.22271503124999975,1.1275125000001773,10.90604166666645
0.09333333333333332,0.21171025,0.22029766666666664,0.22596799999999972,0.22313283333333317,0.21613999999999997,0.2277759999999994,0.22195799999999968,0.22254541666666644,1.174833333333486,10.835166666666451
0.09366666666666666,0.2116120520833333,0.22012015833333332,0.2258535999999997,0.2229868791666665,0.21600049999999998,0.22752894999999937,0.22176472499999966,0.22237580208333307,1.22215416666685,10.763749999999767
0.094,0.2115242513888889,0.21994265,0.22573919999999972,0.22284092499999986,0.21586099999999997,0.22728189999999937,0.22157144999999967,0.22220618749999976,1.2694750000001864,10.681936111110874
0.09433333333333332,0.21144072499999997,0.21976514166666666,0.2256247999999997,0.22269497083333317,0.21572149999999998,0.2270348499999994,0.22137817499999968,0.22203657291666642,1.316795833333495,10.595847916666457
0.09466666666666666,0.21133904166666667,0.2195876333333333,0.22551039999999972,0.22254901666666652,0.21558199999999997,0.22678779999999937,0.22118489999999968,0.2218669583333331,1.3641166666668314,10.527916666666414
0.095,0.21123949999999997,0.21941012499999998,0.2253959999999997,0.22240306249999986,0.21544249999999998,0.22654074999999937,0.2209916249999997,0.22169734374999978,1.4114375000001678,10.457843749999807
0.09533333333333333,0.21113863194444443,0.21923261666666666,0.22528159999999972,0.22225710833333318,0.215303,0.2262936999999994,0.2207983499999997,0.22152772916666644,1.4587583333334764,10.389097222222004
0.09566666666666666,0.21105590000000002,0.2190551083333333,0.2251671999999997,0.2221111541666665,0.21516349999999998,0.22604664999999938,0.22060507499999968,0.2213581145833331,1.5060791666668127,10.30221458333308
0.096,0.21101769999999997,0.21887759999999998,0.22505279999999972,0.22196519999999986,0.21502399999999997,0.22579959999999938,0.22041179999999966,0.22118849999999976,1.5534000000002046,10.170799999999785
0.09633333333333333,0.2109208298611111,0.21870009166666665,0.2249383999999997,0.22181924583333318,0.21488449999999998,0.2255525499999994,0.2202185249999997,0.22101888541666642,1.6007208333334855,10.09805555555532
0.09666666666666666,0.21081924999999999,0.2185225833333333,0.22482399999999972,0.2216732916666665,0.214745,0.22530549999999938,0.22002524999999967,0.22084927083333308,1.6480416666668218,10.030020833333097
0.097,0.21071855694444444,0.21834507499999997,0.2247095999999997,0.22152733749999984,0.21460549999999998,0.22505844999999938,0.21983197499999968,0.22067965624999974,1.6953625000001582,9.961099305555305
0.09733333333333333,0.2106210833333333,0.21816756666666665,0.22459519999999972,0.22138138333333318,0.214466,0.2248113999999994,0.2196386999999997,0.22051004166666643,1.7426833333334946,9.888958333333143
0.09766666666666667,0.2105435652777778,0.2179900583333333,0.2244807999999997,0.2212354291666665,0.21432649999999998,0.22456434999999939,0.2194454249999997,0.2203404270833331,1.7900041666668032,9.796861805555308
0.09799999999999999,0.2104829666666667,0.21781254999999997,0.22436639999999972,0.22108947499999984,0.214187,0.22431729999999941,0.2192521499999997,0.22017081249999976,1.8373250000001395,9.68784583333307
0.09833333333333333,0.21040085218253968,0.21763504166666664,0.22425199999999973,0.22094352083333318,0.21404749999999997,0.22407024999999942,0.2190588749999997,0.22000119791666645,1.884645833333476,9.600345734126769
0.09866666666666667,0.2117554333333334,0.2174575333333333,0.22413759999999971,0.2207975666666665,0.213908,0.2238231999999994,0.2188655999999997,0.21983158333333308,1.9319666666668123,8.076149999999672
0.09899999999999999,0.21304386874999984,0.217280025,0.22402319999999973,0.22065161249999987,0.21376849999999997,0.22357614999999942,0.2186723249999997,0.21966196874999977,1.9792875000001764,6.618099999999933
0.09933333333333333,0.21208414583333335,0.21710251666666663,0.2239087999999997,0.2205056583333332,0.21362899999999999,0.22332909999999942,0.2184790499999997,0.21949235416666646,2.026608333333485,7.408208333333111
0.09966666666666667,0.2115953180555556,0.2169250083333333,0.22379439999999973,0.2203597041666665,0.21348949999999997,0.22308204999999942,0.21828577499999968,0.2193227395833331,2.0739291666668214,7.7274215277775005
0.09999999999999999,0.21120375000000005,0.21674749999999998,0.2236799999999997,0.22021374999999985,0.21334999999999998,0.22283499999999942,0.2180924999999997,0.21915312499999978,2.121250000000158,7.949374999999731
0.10033333333333333,0.21089026875,0.21656999166666663,0.22356559999999973,0.2200677958333332,0.2132105,0.22258794999999942,0.2178992249999997,0.21898351041666644,2.168570833333494,8.093241666666446
0.10066666666666667,0.21063215694444445,0.2163924833333333,0.2234511999999997,0.2199218416666665,0.21307099999999998,0.2223408999999994,0.2177059499999997,0.2188138958333331,2.2158916666668027,8.18173888888865
0.10099999999999999,0.2103805625,0.21621497499999998,0.22333679999999972,0.21977588749999985,0.2129315,0.22209384999999943,0.2175126749999997,0.2186442812499998,2.2632125000001393,8.263718749999788
0.10133333333333333,0.21012956666666666,0.21603746666666662,0.2232223999999997,0.21962993333333317,0.21279199999999998,0.22184679999999943,0.21731939999999972,0.21847466666666643,2.3105333333334475,8.345099999999771
0.10166666666666667,0.20991721875000002,0.2158599583333333,0.22310799999999972,0.2194839791666665,0.2126525,0.22159974999999943,0.21712612499999973,0.21830505208333312,2.357854166666784,8.387833333333095
0.102,0.20972392222222225,0.21568244999999997,0.22299359999999974,0.21933802499999985,0.21251299999999998,0.22135269999999943,0.2169328499999997,0.21813543749999978,2.405175000000148,8.411515277777532
0.10233333333333333,0.20954398124999998,0.21550494166666664,0.22287919999999972,0.2191920708333332,0.2123735,0.22110564999999943,0.2167395749999997,0.21796582291666644,2.4524958333334848,8.421841666666458
0.10266666666666667,0.20936051944444442,0.2153274333333333,0.2227647999999997,0.2190461166666665,0.21223399999999998,0.2208585999999994,0.2165462999999997,0.2177962083333331,2.499816666666821,8.43568888888868
0.103,0.2092373,0.21514992499999996,0.22265039999999972,0.21890016249999983,0.2120945,0.22061154999999943,0.2163530249999997,0.21762659374999976,2.5471375000001295,8.389293749999776
0.10333333333333333,0.20909379166666667,0.21497241666666664,0.22253599999999973,0.2187542083333332,0.21195499999999998,0.22036449999999944,0.2161597499999997,0.21745697916666645,2.5944583333334936,8.363187499999786
0.10366666666666666,0.20895493472222224,0.2147949083333333,0.22242159999999972,0.21860825416666652,0.2118155,0.22011744999999944,0.2159664749999997,0.21728736458333311,2.6417791666668022,8.33242986111088
0.104,0.20884550000000002,0.21461739999999996,0.22230719999999973,0.21846229999999983,0.211676,0.2199823999999999,0.21582919999999994,0.2171457499999999,2.6330999999998883,8.30024999999987
0.10433333333333333,0.20870840625,0.21443989166666663,0.22219279999999972,0.21831634583333318,0.2115365,0.21994884999999992,0.21574267499999994,0.21702951041666657,2.573670833333236,8.321104166666565
0.10466666666666666,0.2086058125,0.2142623833333333,0.22207839999999973,0.21817039166666652,0.211397,0.21991529999999992,0.21565614999999996,0.21691327083333323,2.514241666666556,8.30745833333324
0.105,0.20850803125,0.21408487499999995,0.22196399999999972,0.21802443749999983,0.2112575,0.21988174999999993,0.21556962499999996,0.21679703124999988,2.4548124999998757,8.28899999999988
0.10533333333333333,0.20841029722222223,0.21390736666666663,0.22184959999999973,0.21787848333333318,0.211118,0.2198481999999999,0.21548309999999996,0.21668079166666657,2.395383333333223,8.270494444444331
0.10566666666666666,0.20829599652777778,0.2137298583333333,0.22173519999999974,0.21773252916666652,0.21097849999999999,0.21981464999999992,0.21539657499999995,0.21656455208333325,2.3359541666665704,8.268555555555473
0.106,0.208235425,0.21355234999999995,0.22162079999999973,0.21758657499999984,0.210839,0.21978109999999992,0.21531004999999998,0.2164483124999999,2.2765249999998627,8.212887499999905
0.10633333333333334,0.20813671388888888,0.21337484166666662,0.22150639999999971,0.21744062083333315,0.21069949999999998,0.21974754999999993,0.21522352499999997,0.21633207291666656,2.2170958333331825,8.195359027777682
0.10666666666666666,0.20802472222222224,0.2131973333333333,0.22139199999999973,0.21729466666666652,0.21056,0.21971399999999994,0.21513699999999997,0.21621583333333325,2.157666666666558,8.19111111111101
0.107,0.20793946180555556,0.21301982499999997,0.22127759999999974,0.21714871249999984,0.21042049999999998,0.21968044999999992,0.21505047499999996,0.2160995937499999,2.0982374999998776,8.160131944444343
0.10733333333333334,0.2078433125,0.21284231666666661,0.22116319999999973,0.21700275833333316,0.210281,0.21964689999999992,0.21496394999999996,0.21598335416666656,2.0388083333331974,8.14004166666657
0.10766666666666666,0.20775366875,0.2126648083333333,0.22104879999999974,0.21685680416666653,0.21018894999999999,0.21961334999999993,0.21490114999999996,0.21587897708333326,1.9556541666665705,8.125308333333248
0.108,0.20768444999999996,0.21248729999999996,0.22093439999999973,0.21671084999999984,0.2101626,0.21957979999999994,0.21487119999999998,0.21579102499999991,1.8396499999998595,8.10657499999995
0.10833333333333332,0.2075775,0.21230979166666664,0.22081999999999974,0.2165648958333332,0.21013625,0.21954624999999992,0.21484124999999996,0.21570307291666657,1.7236458333332316,8.125572916666574
0.10866666666666666,0.207514225,0.21213228333333328,0.22070559999999972,0.2164189416666665,0.2101099,0.21951269999999992,0.21481129999999996,0.21561512083333323,1.6076416666665483,8.100895833333233
0.109,0.2074296763888889,0.21195477499999996,0.22059119999999974,0.21627298749999985,0.21008355,0.21947914999999993,0.21478134999999998,0.21552716874999991,1.491637499999865,8.097492361111014
0.10933333333333332,0.20733035000000002,0.21177726666666663,0.22047679999999972,0.21612703333333316,0.2100572,0.21944559999999994,0.21475139999999998,0.21543921666666657,1.3756333333331816,8.108866666666547
0.10966666666666666,0.20725906111111114,0.21159975833333328,0.22036239999999974,0.2159810791666665,0.21003085,0.21941204999999991,0.21472144999999995,0.21535126458333323,1.2596291666665538,8.092203472222087
0.11,0.2071587847222222,0.21142224999999995,0.22024799999999972,0.21583512499999985,0.21000449999999998,0.21937849999999992,0.21469149999999995,0.21526331249999991,1.1436249999998982,8.104527777777705
0.11033333333333332,0.2070582,0.21124474166666662,0.22013359999999974,0.21568917083333317,0.20997815,0.21934494999999993,0.21466154999999998,0.21517536041666657,1.027620833333187,8.117160416666575
0.11066666666666666,0.20696539999999997,0.21106723333333327,0.22001919999999975,0.2155432166666665,0.2099518,0.21931139999999993,0.21463159999999998,0.21508740833333323,0.9116166666665315,8.122008333333264
0.111,0.20688103888888887,0.21088972499999994,0.21990479999999973,0.21539726249999985,0.20992544999999999,0.2192778499999999,0.21460164999999995,0.2149994562499999,0.7956124999999037,8.11841736111102
0.11133333333333333,0.206795425,0.21071221666666662,0.21979039999999975,0.21525130833333317,0.2098991,0.21924429999999992,0.21457169999999998,0.21491150416666657,0.6796083333331926,8.116079166666568
0.11166666666666666,0.206687,0.2105347083333333,0.21967599999999973,0.2151053541666665,0.20987275,0.21921074999999993,0.21454174999999998,0.21482355208333326,0.563604166666537,8.136552083333248
0.112,0.2066191361111111,0.21047839999999998,0.21956159999999975,0.21501999999999988,0.2098464,0.21917719999999993,0.21451179999999997,0.21476589999999993,0.5081999999999032,8.146763888888826
0.11233333333333333,0.20653691249999998,0.21045155,0.21944719999999973,0.21494937499999986,0.20982005,0.2191436499999999,0.21448184999999997,0.21471561249999993,0.4675249999998854,8.178699999999955
0.11266666666666666,0.20644006666666664,0.2104247,0.21933279999999974,0.21487874999999987,0.2097937,0.21911009999999992,0.21445189999999997,0.2146653249999999,0.42684999999989537,8.225258333333263
0.11299999999999999,0.2063719625,0.21039785,0.21921839999999973,0.21480812499999985,0.20976735,0.21907654999999993,0.21442194999999997,0.2146150374999999,0.3861749999998776,8.243074999999905
0.11333333333333333,0.20629145833333334,0.21037099999999997,0.21910399999999974,0.21473749999999986,0.20974099999999998,0.21904299999999993,0.21439199999999997,0.21456474999999992,0.34549999999988756,8.273291666666571
0.11366666666666667,0.206195825,0.21034414999999998,0.21899759999999993,0.21467087499999996,0.20971465,0.2190094499999999,0.21436204999999997,0.21451646249999995,0.3088249999999848,8.32063749999995
0.11399999999999999,0.20611398750000004,0.21031729999999998,0.21897119999999995,0.21464424999999998,0.2096883,0.21897589999999992,0.21433209999999997,0.21448817499999998,0.31215000000001103,8.374187499999936
0.11433333333333333,0.20601753263888886,0.21029045,0.21894479999999994,0.21461762499999998,0.20966194999999999,0.21894234999999992,0.21430214999999997,0.21445988749999997,0.3154750000000095,8.442354861111113
0.11466666666666667,0.20592907777777775,0.2102636,0.21891839999999993,0.21459099999999998,0.2096356,0.21890879999999993,0.21427219999999997,0.21443159999999997,0.31880000000000797,8.502522222222225
0.11499999999999999,0.20584328125,0.21023675,0.21889199999999995,0.21456437499999997,0.20960925,0.2188752499999999,0.21424224999999997,0.21440331249999997,0.32212500000000643,8.56003124999996
0.11533333333333333,0.20572913194444445,0.21020989999999998,0.21886559999999994,0.21453774999999997,0.2095829,0.21884169999999992,0.21421229999999997,0.21437502499999997,0.3254500000000049,8.64589305555552
0.11566666666666667,0.20567211319444445,0.21018304999999998,0.21883919999999993,0.21451112499999997,0.20955654999999998,0.21880814999999992,0.21418234999999997,0.21434673749999997,0.32877500000000337,8.674624305555517
0.11599999999999999,0.2055717638888889,0.2101562,0.21881279999999995,0.21448449999999997,0.2095302,0.21877459999999993,0.21415239999999997,0.21431844999999997,0.33210000000000184,8.746686111111067
0.11633333333333333,0.2054825868055556,0.21012935,0.21878639999999994,0.21445787499999996,0.20950385,0.2187410499999999,0.21412244999999996,0.21429016249999996,0.3354250000000003,8.807575694444376
0.11666666666666667,0.20542,0.2101025,0.21875999999999993,0.21443124999999996,0.20947749999999998,0.21870749999999992,0.21409249999999996,0.21426187499999996,0.3387499999999988,8.841874999999972
0.11699999999999999,0.20530016805555557,0.21007564999999997,0.21873359999999994,0.21440462499999996,0.20945115,0.21867394999999992,0.21406254999999996,0.21423358749999996,0.34207499999999724,8.933419444444397
0.11733333333333333,0.20519186388888888,0.21004879999999998,0.21870719999999993,0.21437799999999996,0.2094248,0.21864039999999993,0.21403259999999996,0.21420529999999996,0.3453999999999957,9.013436111111078
0.11766666666666667,0.20512729375000002,0.21002194999999999,0.21868079999999995,0.21435137499999996,0.20939844999999999,0.2186068499999999,0.21400264999999996,0.21417701249999996,0.3487249999999942,9.049718749999936
0.118,0.2050319125,0.2099951,0.21865439999999994,0.21432474999999995,0.2093721,0.21857329999999991,0.21397269999999996,0.21414872499999996,0.35204999999999265,9.11681249999996
0.11833333333333333,0.20495065624999997,0.20996825,0.21862799999999993,0.21429812499999995,0.20934575,0.21853974999999992,0.21394274999999996,0.21412043749999995,0.3553749999999911,9.16978124999998
0.11866666666666666,0.20485586666666666,0.2099414,0.21860159999999995,0.21427149999999998,0.2093194,0.21850619999999993,0.21391279999999996,0.21409214999999998,0.35870000000001734,9.236283333333317
0.119,0.20476690625,0.20991454999999998,0.21857519999999994,0.21424487499999995,0.20929304999999998,0.2184726499999999,0.21388284999999996,0.21406386249999995,0.36202499999998805,9.29695624999996
0.11933333333333333,0.20465709861111112,0.20988769999999998,0.21854879999999993,0.21421824999999994,0.2092667,0.21843909999999991,0.21385289999999996,0.21403557499999995,0.3653499999999865,9.378476388888835
0.11966666666666666,0.20455958749999997,0.20986085,0.21852239999999995,0.21419162499999997,0.20924035,0.21840554999999992,0.21382294999999996,0.21400728749999998,0.36867500000001274,9.447700000000003
0.12,0.204468125,0.209834,0.21849599999999994,0.21416499999999997,0.20921399999999998,0.21837199999999993,0.21379299999999996,0.21397899999999997,0.3720000000000112,9.510874999999974
0.12033333333333333,0.20438269513888888,0.20980715,0.21846959999999993,0.21413837499999996,0.20918765,0.2183384499999999,0.21376304999999995,0.21395071249999997,0.3753250000000097,9.568017361111098
0.12066666666666666,0.20431434027777773,0.2097803,0.21844319999999995,0.21411175,0.2091613,0.2183048999999999,0.21373309999999995,0.21392242499999997,0.3786500000000359,9.608084722222243
0.121,0.20421098124999998,0.20975344999999998,0.21841679999999994,0.21408512499999996,0.20913495,0.21827134999999992,0.21370314999999995,0.21389413749999997,0.3819750000000066,9.68315624999999
0.12133333333333333,0.20411398055555555,0.20972659999999999,0.21839039999999993,0.21405849999999996,0.20910859999999998,0.21823779999999993,0.21367319999999995,0.21386584999999997,0.3853000000000051,9.751869444444422
0.12166666666666666,0.20402534374999998,0.20969975,0.21836399999999995,0.21403187499999998,0.20908225,0.21820424999999993,0.21364324999999995,0.21383756249999997,0.3886250000000313,9.81221874999999
0.122,0.20389477638888887,0.2096729,0.21833759999999994,0.21400524999999998,0.2090559,0.2181706999999999,0.21361329999999995,0.21380927499999997,0.3919500000000298,9.9144986111111
0.12233333333333334,0.20381383124999997,0.20964605,0.21831119999999993,0.21397862499999998,0.20902954999999998,0.21813714999999992,0.21358334999999995,0.21378098749999996,0.39527500000002824,9.967156249999999
0.12266666666666666,0.20373033611111108,0.20961919999999998,0.21828479999999995,0.21395199999999998,0.2090032,0.21810359999999993,0.21355339999999995,0.21375269999999996,0.3986000000000267,10.022363888888886
0.123,0.20361654305555554,0.20959234999999998,0.21825839999999994,0.21392537499999997,0.20897685,0.21807004999999993,0.21352344999999995,0.21372441249999996,0.4019250000000252,10.107869444444418
0.12333333333333332,0.20354031944444445,0.2095655,0.21823199999999995,0.21389874999999997,0.20895049999999998,0.2180364999999999,0.21349349999999995,0.21369612499999996,0.40525000000002365,10.155805555555508
0.12366666666666666,0.20343428194444446,0.20953865,0.21820559999999994,0.21387212499999997,0.20892415,0.21800294999999992,0.21346354999999995,0.21366783749999996,0.4085750000000221,10.233555555555496
0.124,0.203319025,0.2095118,0.21817919999999993,0.21384549999999997,0.2088978,0.21796939999999992,0.21343359999999995,0.21363954999999996,0.4119000000000206,10.32052499999997
0.12433333333333332,0.20324466874999997,0.20948495,0.21815279999999995,0.21381887499999996,0.20887145,0.21793584999999993,0.21340364999999994,0.21361126249999995,0.41522500000001905,10.366593749999986
0.12466666666666666,0.20313607500000003,0.20945809999999998,0.21812639999999994,0.21379224999999996,0.20884509999999998,0.2179022999999999,0.21337369999999994,0.21358297499999995,0.4185500000000175,10.446899999999925
0.125,0.2030176215277778,0.20943124999999999,0.21809999999999993,0.21376562499999996,0.20881875,0.21786874999999992,0.21334374999999994,0.21355468749999995,0.421875000000016,10.537065972222148
0.12533333333333332,0.20293824999999996,0.2094044,0.21807359999999995,0.21373899999999996,0.2087924,0.21783519999999992,0.21331379999999994,0.21352639999999995,0.42520000000001446,10.58814999999999
0.12566666666666665,0.20280093333333332,0.20937755,0.21804719999999994,0.21371237499999995,0.20876604999999998,0.21780164999999993,0.21328384999999994,0.21349811249999995,0.4285250000000129,10.697179166666626
0.126,0.2027240125,0.2093507,0.21802079999999993,0.21368574999999995,0.2087397,0.21778259999999997,0.21326114999999998,0.21347344999999995,0.42459999999996945,10.749437499999958
0.12633333333333333,0.20260269236111111,0.20932385,0.21799439999999995,0.21365912499999998,0.20871335,0.21776429999999997,0.21323882499999997,0.21344897499999999,0.42030000000001233,10.846282638888871
0.12666666666666665,0.20249579166666667,0.20929699999999998,0.21796799999999994,0.21363249999999995,0.20868699999999998,0.21774599999999994,0.21321649999999998,0.21342449999999996,0.41599999999997195,10.928708333333287
0.127,0.20241954791666666,0.20927015,0.21794159999999993,0.21360587499999995,0.20866065,0.21772769999999994,0.21319417499999999,0.21340002499999997,0.4116999999999593,10.980477083333302
0.12733333333333333,0.20228018749999999,0.2092433,0.21791519999999995,0.21357924999999997,0.2086343,0.21770939999999994,0.21317184999999997,0.21337554999999997,0.4074000000000022,11.095362499999982
0.12766666666666665,0.20221699652777778,0.20921645,0.21788879999999994,0.21355262499999997,0.20860795,0.21769109999999994,0.21314952499999995,0.21335107499999995,0.40310000000001733,11.13407847222217
0.128,0.20208955277777776,0.2091896,0.21786239999999993,0.21352599999999997,0.20858159999999998,0.21767279999999994,0.21312719999999996,0.21332659999999998,0.3988000000000047,11.237047222222213
0.12833333333333333,0.20198140625,0.20916274999999998,0.21783599999999995,0.21349937499999996,0.20855525,0.21765449999999995,0.21310487499999997,0.21330212499999995,0.3944999999999921,11.320718749999958
0.12866666666666665,0.2018577291666667,0.20913589999999999,0.21780959999999994,0.21347274999999996,0.2085289,0.21763619999999995,0.21308254999999998,0.21327764999999999,0.39019999999997945,11.419920833333292
0.129,0.20177808125000002,0.20910905,0.21778319999999995,0.213446125,0.20850254999999998,0.21761789999999995,0.21306022499999996,0.21325317499999996,0.38590000000002234,11.475093749999942
0.12933333333333333,0.20165914999999998,0.2090822,0.21775679999999994,0.21341949999999998,0.2084692,0.21759959999999995,0.21303439999999996,0.21322694999999997,0.3851000000000271,11.56779999999999
0.12966666666666665,0.20155873749999997,0.20905535,0.21773039999999994,0.21339287499999998,0.20843509999999998,0.21758129999999995,0.21300819999999998,0.21320053749999998,0.384675000000001,11.641800000000007
0.13,0.20143963194444445,0.2090285,0.21770399999999995,0.21336624999999998,0.20840099999999998,0.21756299999999995,0.21298199999999995,0.21317412499999996,0.3842500000000304,11.734493055555518
0.13033333333333333,0.20133093125,0.20900164999999998,0.21767759999999994,0.21333962499999998,0.2083669,0.21754469999999995,0.21295579999999997,0.21314771249999998,0.3838250000000043,11.816781249999963
0.13066666666666665,0.20123751944444443,0.2089748,0.21765119999999993,0.21331299999999997,0.20833279999999998,0.21752639999999995,0.21292959999999997,0.21312129999999996,0.38340000000000596,11.883780555555528
0.131,0.20111734583333335,0.20894795,0.21762479999999995,0.21328637499999997,0.20829869999999998,0.21750809999999995,0.21290339999999996,0.21309488749999997,0.3829750000000076,11.97754166666662
0.13133333333333333,0.20097294722222223,0.2089211,0.21759839999999994,0.21325974999999997,0.2082646,0.21748979999999996,0.2128772,0.21306847499999998,0.3825499999999815,12.095527777777754
0.13166666666666665,0.200869,0.20889425,0.21757199999999993,0.21323312499999997,0.20823049999999999,0.21747149999999996,0.21285099999999996,0.21304206249999996,0.38212500000001093,12.17306249999997
0.132,0.200742125,0.20886739999999998,0.21754559999999995,0.21320649999999997,0.20819639999999998,0.21745319999999996,0.21282479999999998,0.21301564999999997,0.38169999999998483,12.27352499999998
0.13233333333333333,0.20064421805555555,0.20884054999999999,0.21751919999999994,0.21317987499999996,0.2081623,0.21743489999999996,0.21279859999999998,0.21298923749999998,0.3812749999999865,12.34501944444444
0.13266666666666665,0.20053686805555557,0.2088137,0.21749279999999993,0.21315324999999996,0.20812819999999999,0.21741659999999996,0.21277239999999997,0.21296282499999997,0.38084999999998814,12.4259569444444
0.133,0.20040654444444445,0.20878685,0.21746639999999995,0.21312662499999996,0.2080941,0.21739829999999996,0.2127462,0.21293641249999998,0.38042499999996204,12.529868055555532
0.13333333333333333,0.20029986111111112,0.20876,0.21743999999999994,0.21309999999999996,0.20806,0.21737999999999996,0.21271999999999996,0.21290999999999996,0.37999999999999146,12.610138888888844
0.13366666666666666,0.20017853124999999,0.20873315,0.21741359999999993,0.21307337499999995,0.20802589999999999,0.21736169999999996,0.2126938,0.21288358749999997,0.37957499999996536,12.705056249999986
0.134,0.2000721597222222,0.20870629999999998,0.21738719999999995,0.21304674999999995,0.2079918,0.21734339999999994,0.21266759999999996,0.21285717499999995,0.37914999999999477,12.785015277777756
0.13433333333333333,0.19993572916666666,0.20867488333333334,0.21736079999999994,0.21301784166666665,0.2079577,0.21732509999999994,0.21264139999999998,0.21282962083333332,0.37644166666667145,12.893891666666658
0.13466666666666666,0.19980936666666665,0.20864206666666665,0.21733439999999996,0.2129882333333333,0.2079236,0.21730679999999994,0.21261519999999995,0.21280171666666664,0.37303333333335575,12.992349999999986
0.135,0.19968015625,0.20860925,0.21730799999999995,0.21295862499999996,0.2078895,0.21728849999999994,0.21258899999999997,0.21277381249999996,0.36962499999998455,13.093656249999974
0.13533333333333333,0.19955970555555552,0.20857643333333334,0.21728159999999994,0.21292901666666664,0.2078554,0.21727019999999994,0.21256279999999997,0.2127459083333333,0.36621666666666886,13.186202777777767
0.13566666666666666,0.19943541944444443,0.20854361666666665,0.21725519999999995,0.21289940833333332,0.2078213,0.21725189999999994,0.21253659999999996,0.21271800416666664,0.36280833333335316,13.282584722222213
0.13599999999999998,0.19933065277777778,0.2085108,0.21722879999999994,0.21286979999999997,0.2077872,0.21723359999999994,0.2125104,0.2126901,0.35939999999998196,13.35944722222221
0.13633333333333333,0.19919063750000002,0.20847798333333334,0.21720239999999993,0.21284019166666662,0.2077531,0.21721529999999994,0.21248419999999996,0.2126621958333333,0.35599166666666626,13.471558333333272
0.13666666666666666,0.19904293750000002,0.20844516666666665,0.21718533333333329,0.21281524999999996,0.207719,0.21719699999999995,0.21245799999999998,0.21263662499999997,0.35724999999997564,13.593687499999952
0.13699999999999998,0.19893333680555558,0.20841235,0.21716919999999998,0.212790775,0.2076849,0.21717869999999995,0.21243179999999998,0.21261128749999997,0.35897500000001137,13.677950694444386
0.13733333333333334,0.19881937142857145,0.20837953333333334,0.21715306666666664,0.2127663,0.2076508,0.21716039999999995,0.21240559999999997,0.21258594999999997,0.36070000000001934,13.766578571428518
0.13766666666666666,0.19867610277777778,0.20834671666666665,0.2171369333333333,0.212741825,0.2076167,0.21714209999999995,0.21237939999999997,0.21256061249999997,0.3624250000000273,13.884509722222187
0.13799999999999998,0.19852537916666665,0.2083139,0.21712079999999997,0.21271734999999997,0.2075826,0.21712379999999995,0.21235319999999996,0.21253527499999997,0.3641500000000075,14.009895833333314
0.13833333333333334,0.19840987499999999,0.20828108333333334,0.21710466666666664,0.212692875,0.2075485,0.21710549999999995,0.212327,0.2125099375,0.3658750000000155,14.10006250000001
0.13866666666666666,0.1983021722222222,0.20824826666666665,0.2170885333333333,0.21266839999999998,0.2075144,0.21708719999999995,0.21230079999999996,0.21248459999999997,0.36760000000002346,14.182427777777756
0.13899999999999998,0.19814979305555555,0.20821545,0.21707239999999997,0.21264392499999998,0.2074803,0.21706889999999995,0.21227459999999998,0.21245926249999997,0.3693250000000037,14.309469444444417
0.13933333333333334,0.1980123113095238,0.20818263333333334,0.21705626666666664,0.21261945,0.2074462,0.21705059999999995,0.21224839999999998,0.21243392499999997,0.37105000000001165,14.421613690476176
0.13966666666666666,0.19788575763888885,0.20814981666666665,0.2170401333333333,0.21259497499999996,0.2074121,0.21703229999999996,0.21222219999999997,0.21240858749999997,0.37277499999999186,14.522829861111115
0.13999999999999999,0.197755,0.208117,0.21702399999999997,0.2125705,0.207378,0.21701399999999996,0.212196,0.21238325,0.37449999999999983,14.628250000000008
0.14033333333333334,0.19760191180555553,0.20808418333333334,0.21700786666666663,0.21254602499999997,0.2073439,0.21699569999999996,0.21216979999999996,0.21235791249999997,0.3762250000000078,14.756000694444438
0.14066666666666666,0.19743651805555557,0.20805136666666665,0.2169917333333333,0.21252154999999998,0.2073098,0.21697739999999996,0.2121436,0.21233257499999997,0.377949999999988,14.896056944444403
0.141,0.19732011458333332,0.20801855,0.21697559999999996,0.21249707499999998,0.2072757,0.21695909999999996,0.21211739999999998,0.21230723749999997,0.379674999999996,14.987122916666651
0.14133333333333334,0.19718919166666665,0.20798573333333334,0.21695946666666663,0.21247259999999998,0.2072416,0.21694079999999996,0.21209119999999998,0.21228189999999997,0.38140000000000396,15.092708333333317
0.14166666666666666,0.19703821180555556,0.20795291666666665,0.2169433333333333,0.212448125,0.2072075,0.21692249999999996,0.21206499999999998,0.21225656249999997,0.38312500000001193,15.21835069444441
0.142,0.1968929402777778,0.2079201,0.21692719999999996,0.21242364999999996,0.2071734,0.21690419999999994,0.21203879999999997,0.21223122499999997,0.38484999999999214,15.338284722222179
0.14233333333333334,0.19676096875,0.20788728333333334,0.21691106666666662,0.212399175,0.2071393,0.21688589999999994,0.21201259999999997,0.21220588749999997,0.38657500000002787,15.444918749999982
0.14266666666666666,0.19662722222222223,0.20785446666666665,0.2168949333333333,0.21237469999999997,0.2071052,0.21686759999999994,0.21198639999999996,0.21218054999999997,0.3883000000000081,15.553327777777737
0.143,0.1964724205357143,0.20782165,0.21687879999999995,0.21235022499999998,0.2070711,0.21684929999999994,0.2119602,0.21215521249999997,0.3900249999999883,15.68279196428568
0.14333333333333334,0.19632319444444446,0.20778883333333334,0.21686266666666662,0.21232574999999998,0.207037,0.21683099999999994,0.21193399999999996,0.21212987499999997,0.391750000000024,15.806680555555507
0.14366666666666666,0.19615219166666667,0.20775601666666665,0.21684653333333329,0.21230127499999996,0.2070029,0.21681269999999994,0.21190779999999998,0.21210453749999997,0.3934749999999765,15.952345833333299
0.144,0.1960002611111111,0.2077232,0.21683039999999995,0.2122768,0.2069688,0.21679439999999994,0.21188159999999998,0.21207919999999997,0.3952000000000122,16.078938888888867
0.14433333333333334,0.19584465625,0.20769038333333334,0.21681426666666662,0.21225232499999996,0.2069347,0.21677609999999994,0.21185539999999997,0.21205386249999997,0.3969249999999924,16.20920624999997
0.14466666666666667,0.19570244444444446,0.20765756666666665,0.21679813333333328,0.21222784999999997,0.2069006,0.21675779999999994,0.21182919999999997,0.21202852499999997,0.3986500000000004,16.32608055555551
0.145,0.19554028472222224,0.20762475,0.21678199999999997,0.21220337499999997,0.2068665,0.21673949999999995,0.21180299999999996,0.21200318749999997,0.40037500000000836,16.46290277777773
0.14533333333333334,0.19543332777777775,0.2075919333333333,0.21676586666666664,0.21217889999999998,0.2068324,0.21672119999999995,0.2117768,0.21197784999999997,0.4020999999999886,16.54452222222222
0.14566666666666667,0.19526007777777776,0.20755911666666665,0.2167497333333333,0.21215442499999998,0.2067983,0.21670289999999995,0.21175059999999996,0.21195251249999997,0.4038250000000243,16.692434722222206
0.146,0.1951111347222222,0.2075263,0.21673359999999997,0.21212994999999998,0.2067642,0.21668459999999995,0.21172439999999998,0.21192717499999997,0.4055500000000045,16.816040277777777
0.14633333333333332,0.19493800486111115,0.20749348333333334,0.21671746666666664,0.212105475,0.2067301,0.21666629999999995,0.21169819999999998,0.21190183749999997,0.4072750000000125,16.963832638888814
0.14666666666666667,0.19476719444444446,0.20746066666666665,0.2167013333333333,0.21208099999999996,0.206696,0.21664799999999995,0.21167199999999997,0.21187649999999997,0.4089999999999927,17.10930555555551
0.147,0.19463540625,0.20742785,0.21668519999999997,0.212056525,0.2066619,0.21662969999999995,0.2116458,0.2118511625,0.4107250000000007,17.21575624999999
0.14733333333333332,0.1944676375,0.20739503333333334,0.21666906666666663,0.21203204999999997,0.2066278,0.21661139999999995,0.21161959999999996,0.21182582499999997,0.41245000000000864,17.358187499999957
0.14766666666666667,0.19429519513888885,0.20736221666666665,0.2166529333333333,0.21200757499999998,0.2065937,0.21659367499999996,0.21159368749999996,0.21180063124999998,0.4138875000000153,17.505436111111134
0.148,0.19412252500000002,0.2073294,0.21663679999999996,0.21198309999999998,0.2065596,0.21657689999999996,0.21156824999999999,0.211775675,0.4148499999999944,17.65314999999998
0.14833333333333332,0.19395006944444446,0.20729658333333334,0.21662066666666663,0.21195862499999998,0.2065255,0.21656012499999996,0.21154281249999998,0.21175071874999998,0.41581250000000125,17.800649305555527
0.14866666666666667,0.1937770392857143,0.20726376666666665,0.2166045333333333,0.21193415,0.2064914,0.21654334999999994,0.21151737499999995,0.21172576249999997,0.41677500000003587,17.94872321428567
0.149,0.19360740277777777,0.20723095,0.21658839999999996,0.21190967499999996,0.2064573,0.21652657499999994,0.21149193749999998,0.21170080624999998,0.4177374999999872,18.093403472222214
0.14933333333333332,0.19345433888888888,0.20719813333333334,0.21657226666666662,0.2118852,0.2064232,0.21650979999999995,0.21146649999999997,0.21167585,0.41870000000002183,18.221511111111116
0.14966666666666667,0.19330661875,0.20716531666666665,0.2165561333333333,0.21186072499999997,0.2063891,0.21649302499999995,0.21144106249999997,0.21165089374999996,0.41966250000000094,18.344274999999964
0.15,0.19313309027777775,0.2071325,0.21653999999999995,0.21183624999999998,0.206355,0.21647624999999995,0.211415625,0.21162593749999997,0.42062499999998004,18.49284722222222
0.15033333333333332,0.1929777173611111,0.20709968333333334,0.21652386666666662,0.21181177499999998,0.2063209,0.21645947499999996,0.2113901875,0.21160098125,0.4215874999999869,18.62326388888888
0.15066666666666667,0.19279629999999998,0.20706686666666665,0.21650773333333329,0.21178729999999996,0.206276,0.21644269999999996,0.21135934999999997,0.21157332499999998,0.4279499999999825,18.777025000000002
0.151,0.19262919375,0.20703405,0.21649159999999995,0.211762825,0.206214,0.21642592499999996,0.21131996249999999,0.21154139374999997,0.44286250000000194,18.912199999999963
0.15133333333333332,0.19244870833333338,0.2070012333333333,0.21647546666666662,0.21173834999999996,0.206152,0.21640914999999997,0.21128057499999997,0.21150946249999997,0.4577749999999936,19.060754166666584
0.15166666666666667,0.19226815625,0.20696841666666665,0.21645933333333328,0.21171387499999997,0.20609,0.21639237499999994,0.21124118749999998,0.21147753124999996,0.47268749999998527,19.209374999999973
0.152,0.19211137777777776,0.2069356,0.21644319999999995,0.21168939999999997,0.206028,0.21637559999999995,0.21120179999999997,0.21144559999999996,0.4876000000000047,19.3342222222222
0.15233333333333332,0.19192977083333337,0.2069027833333333,0.2164270666666666,0.21166492499999995,0.205966,0.21635882499999995,0.21116241249999998,0.21141366874999995,0.5025124999999686,19.483897916666574
0.15266666666666667,0.1917465875,0.20686996666666665,0.21641093333333328,0.21164044999999998,0.205904,0.21634204999999995,0.21112302499999996,0.21138173749999997,0.5174250000000158,19.635149999999964
0.153,0.19157480625000003,0.20683715,0.21639479999999994,0.21161597499999996,0.205842,0.21632527499999996,0.21108363749999998,0.21134980624999997,0.5323374999999797,19.77499999999993
0.15333333333333332,0.19140508333333336,0.2068043333333333,0.21637866666666664,0.2115915,0.20578,0.21630849999999996,0.21104425,0.211317875,0.5472499999999991,19.912791666666624
0.15366666666666667,0.19122969375,0.20677151666666665,0.2163625333333333,0.21156702499999996,0.205718,0.21629172499999996,0.2110048625,0.21128594374999998,0.562162499999963,20.05624999999997
0.154,0.19103597777777778,0.2067387,0.21634639999999997,0.21154255,0.205656,0.21627494999999997,0.21096547499999999,0.21125401249999998,0.5770750000000102,20.218034722222196
0.15433333333333332,0.19085808373015875,0.2067058833333333,0.21633026666666663,0.21151807499999997,0.205594,0.21625817499999994,0.21092608749999997,0.21122208124999997,0.5919875000000019,20.36399751984122
0.15466666666666667,0.19066595555555554,0.20667306666666665,0.2163141333333333,0.21149359999999998,0.205532,0.21624139999999994,0.21088669999999998,0.21119014999999997,0.6068999999999936,20.524194444444422
0.155,0.19048634374999998,0.20664025,0.21629799999999996,0.21146912499999998,0.20547,0.21622462499999995,0.2108473125,0.21115821875,0.6218124999999852,20.671875000000007
0.15533333333333332,0.19031176249999998,0.2066074333333333,0.21628186666666663,0.21144464999999996,0.205408,0.21620784999999995,0.21080792499999998,0.21112628749999995,0.6367249999999769,20.81452499999997
0.15566666666666665,0.19010430277777776,0.20657461666666666,0.2162657333333333,0.211420175,0.205346,0.21619107499999995,0.21076853749999996,0.21109435624999998,0.6516375000000241,20.990053472222215
0.156,0.18993252500000002,0.2065418,0.21624959999999996,0.21139569999999996,0.205284,0.21617429999999996,0.21072914999999998,0.21106242499999997,0.666549999999988,21.129899999999953
0.15633333333333332,0.18972886319444443,0.2065089833333333,0.21623346666666662,0.21137122499999997,0.20522200000000002,0.21615752499999996,0.2106897625,0.21103049375,0.6814624999999797,21.301630555555562
0.15666666666666665,0.1895332430555556,0.20645775,0.2162173333333333,0.21133754166666663,0.20516,0.21614074999999996,0.210650375,0.21099395833333331,0.6871666666666276,21.46071527777771
0.157,0.18932615000000003,0.206399575,0.21620119999999995,0.21130038749999996,0.205098,0.21612397499999997,0.21061098749999999,0.2109556875,0.6893999999999789,21.629537499999962
0.15733333333333333,0.18916340277777777,0.20634139999999998,0.21618506666666662,0.2112632333333333,0.205036,0.21610719999999994,0.21057159999999997,0.21091741666666664,0.6916333333333302,21.754013888888867
0.15766666666666665,0.18896650625000003,0.206283225,0.21616893333333329,0.21122607916666664,0.204974,0.21609042499999995,0.21053221249999998,0.2108791458333333,0.6938666666666538,21.91263958333328
0.158,0.18879105833333334,0.20622505,0.21615279999999995,0.21118892499999997,0.204912,0.21607364999999995,0.210492825,0.21084087499999998,0.6960999999999773,22.04981666666664
0.15833333333333333,0.18859812500000003,0.206166875,0.21613666666666662,0.2111517708333333,0.20485,0.21605687499999995,0.21045343749999998,0.21080260416666663,0.6983333333333286,22.204479166666598
0.15866666666666665,0.18838830555555555,0.2061087,0.21612053333333328,0.21111461666666664,0.204788,0.21604009999999996,0.21041404999999996,0.2107643333333333,0.7005666666666799,22.37602777777775
0.159,0.1882121951388889,0.20605052499999998,0.21610439999999995,0.21107746249999998,0.204726,0.21602332499999996,0.21037466249999998,0.21072606249999998,0.7028000000000034,22.51386736111108
0.15933333333333333,0.1880173472222222,0.20599235,0.2160850666666666,0.2110387083333333,0.204664,0.21600654999999996,0.210335275,0.21068699166666666,0.7034333333333087,22.66964444444447
0.15966666666666665,0.18784185694444447,0.205934175,0.21606453333333328,0.21099935416666665,0.204602,0.21598977499999997,0.2102958875,0.21064762083333333,0.7034666666666523,22.80576388888886
0.16,0.18763987301587298,0.205876,0.21604399999999993,0.21095999999999998,0.20454,0.21597299999999997,0.21025649999999999,0.21060825,0.7034999999999958,22.968376984127016
0.16033333333333333,0.18744937361111114,0.20581782499999998,0.2160234666666666,0.2109206458333333,0.204478,0.21595622499999995,0.21021711249999997,0.21056887916666664,0.7035333333333393,23.119505555555502
0.16066666666666665,0.18725329999999998,0.20575965,0.21600293333333329,0.21088129166666664,0.20441600000000001,0.21593944999999995,0.21017772499999998,0.2105295083333333,0.7035666666666551,23.276208333333326
0.161,0.18707095625,0.205701475,0.21598239999999994,0.21084193749999997,0.204354,0.21592267499999995,0.2101383375,0.21049013749999998,0.7035999999999709,23.419181249999976
0.16133333333333333,0.1868696,0.2056433,0.2159618666666666,0.2108025833333333,0.204292,0.21590589999999996,0.21009894999999998,0.21045076666666662,0.7036333333333145,23.581166666666626
0.16166666666666665,0.18667231250000002,0.205585125,0.2159413333333333,0.21076322916666665,0.20423,0.21588912499999996,0.21005956249999996,0.2104113958333333,0.7036666666666858,23.739083333333273
0.162,0.18650591388888887,0.20552694999999999,0.21592079999999994,0.21072387499999995,0.204168,0.21587234999999996,0.21002017499999998,0.21037202499999996,0.7036999999999738,23.86611111111109
0.16233333333333333,0.18630274722222223,0.205468775,0.21590026666666662,0.2106845208333333,0.204106,0.21585557499999997,0.2099807875,0.21033265416666663,0.7037333333333173,24.029906944444402
0.16266666666666665,0.18608970000000002,0.2054106,0.21587973333333327,0.21064516666666663,0.204044,0.21583879999999997,0.2099414,0.2102932833333333,0.7037666666666331,24.203583333333277
0.163,0.18588535000000003,0.205352425,0.21585919999999995,0.2106058125,0.203982,0.21582202499999995,0.20990201249999996,0.21025391249999997,0.7038000000000322,24.36856249999994
0.16333333333333333,0.18568830555555557,0.20529424999999998,0.21583866666666662,0.21056645833333332,0.20392,0.21580524999999995,0.20986262499999997,0.21021454166666664,0.703833333333348,24.52623611111107
0.16366666666666665,0.1854867859126984,0.205236075,0.21581813333333327,0.21052710416666665,0.203858,0.21578847499999995,0.20982323749999998,0.2101751708333333,0.7038666666666638,24.68838492063491
0.164,0.18531746666666665,0.2051779,0.21579759999999995,0.21048774999999997,0.203796,0.21577169999999996,0.20978385,0.21013579999999998,0.7038999999999795,24.81833333333333
0.16433333333333333,0.18510925625000002,0.205119725,0.21577706666666663,0.2104483958333333,0.203734,0.21575492499999996,0.20974446249999998,0.21009642916666665,0.7039333333333231,24.987172916666633
0.16466666666666666,0.18490633472222226,0.20506155,0.21575653333333328,0.21040904166666663,0.203672,0.21573814999999996,0.20970507499999996,0.2100570583333333,0.7039666666666666,25.150723611111037
0.165,0.18473565625000005,0.205003375,0.21573599999999996,0.21036968749999996,0.20360999999999999,0.21572137499999997,0.20966568749999998,0.21001768749999997,0.7039999999999824,25.28203124999992
0.16533333333333333,0.184502725,0.2049452,0.2157154666666666,0.21033033333333329,0.203548,0.21570459999999997,0.2096263,0.20997831666666664,0.7040333333332982,25.47559166666663
0.16566666666666666,0.18435143888888889,0.204887025,0.21569493333333328,0.21029097916666664,0.203486,0.21568782499999997,0.2095869125,0.20993894583333333,0.7040666666666417,25.58750694444445
0.16599999999999998,0.1841765138888889,0.20482885,0.21567439999999996,0.210251625,0.203424,0.21567104999999995,0.20954752499999996,0.20989957499999998,0.7041000000000408,25.723061111111083
0.16633333333333333,0.18396848055555556,0.20477067499999999,0.2156538666666666,0.2102122708333333,0.203362,0.21565427499999995,0.20950813749999997,0.20986020416666662,0.7041333333333288,25.891723611111058
0.16666666666666666,0.18375694444444446,0.2047125,0.2156333333333333,0.21017291666666665,0.2033,0.21563749999999995,0.20946874999999998,0.20982083333333332,0.7041666666666724,26.063888888888858
0.16699999999999998,0.1835589652777778,0.204654325,0.21561279999999997,0.21013356249999998,0.203238,0.21562072499999996,0.2094293625,0.2097814625,0.7041999999999882,26.222497222222195
0.16733333333333333,0.18336005,0.20459615,0.21559226666666662,0.2100942083333333,0.203176,0.21560394999999996,0.20938997499999998,0.20974209166666663,0.7042333333333317,26.382041666666634
0.16766666666666666,0.18316092361111116,0.204537975,0.2155717333333333,0.21005485416666664,0.203114,0.21558717499999996,0.20935058749999996,0.2097027208333333,0.7042666666666753,26.541797222222137
0.16799999999999998,0.18296213055555557,0.2044798,0.21555119999999994,0.21001549999999997,0.203052,0.21557039999999997,0.20931119999999998,0.20966334999999997,0.704299999999991,26.701219444444398
0.16833333333333333,0.18279126388888892,0.204421625,0.21553066666666662,0.2099761458333333,0.20299,0.21555362499999997,0.2092718125,0.20962397916666664,0.7043333333333068,26.832715277777723
0.16866666666666666,0.1826210805555556,0.20436345,0.2155101333333333,0.20993679166666665,0.202928,0.21553684999999997,0.209232425,0.2095846083333333,0.7043666666666504,26.963527777777717
0.16899999999999998,0.18244901944444447,0.204305275,0.21548959999999995,0.20989743749999998,0.202866,0.21552007499999995,0.20919303749999996,0.20954523749999998,0.7044000000000217,27.09621805555551
0.16933333333333334,0.18221265952380952,0.2042471,0.21546906666666663,0.2098580833333333,0.20280399999999998,0.21550329999999995,0.20915364999999997,0.20950586666666665,0.7044333333333375,27.293207142857128
0.16966666666666666,0.18199931944444447,0.204188925,0.21544853333333328,0.20981872916666663,0.202742,0.2154595749999999,0.20910078749999994,0.2094597583333333,0.7179416666666938,27.460438888888827
0.16999999999999998,0.18182434722222224,0.20413075,0.21542799999999995,0.209779375,0.20268,0.21540924999999989,0.20904462499999993,0.20941199999999996,0.7347500000000617,27.58765277777772
0.17033333333333334,0.18163237708333335,0.204072575,0.21540746666666663,0.20974002083333332,0.202618,0.2153589249999999,0.20898846249999994,0.20936424166666662,0.7515583333333742,27.731864583333266
0.17066666666666666,0.18144351111111115,0.2040144,0.21538693333333328,0.20970066666666665,0.20255599999999999,0.2153085999999999,0.20893229999999996,0.2093164833333333,0.7683666666666866,27.872972222222153
0.17099999999999999,0.18125817430555557,0.203956225,0.21536639999999996,0.20966131249999997,0.202494,0.2152582749999999,0.20887613749999995,0.20926872499999996,0.7851750000000268,28.010550694444387
0.17133333333333334,0.18108625138888887,0.20389805,0.2153458666666666,0.2096219583333333,0.202432,0.2152079499999999,0.20881997499999994,0.20922096666666662,0.801983333333367,28.13471527777775
0.17166666666666666,0.18088474999999998,0.203839875,0.21532533333333329,0.20958260416666663,0.20237,0.2151576249999999,0.20876381249999995,0.2091732083333333,0.8187916666666795,28.28845833333332
0.172,0.1806804,0.2037817,0.21530479999999996,0.20954325,0.202308,0.2151072999999999,0.20870764999999994,0.20912544999999996,0.8356000000000474,28.445049999999974
0.17233333333333334,0.18048776805555555,0.203723525,0.2152842666666666,0.2095038958333333,0.20220414999999997,0.2150569749999999,0.20863056249999995,0.20906722916666662,0.8733333333333371,28.579461111111065
0.17266666666666666,0.1802939875,0.20366535,0.2152637333333333,0.20946454166666664,0.2020941,0.21500664999999988,0.20855037499999995,0.20900745833333328,0.9141666666666881,28.713470833333282
0.173,0.18015268124999997,0.203607175,0.21524319999999997,0.2094251875,0.20198405,0.2149563249999999,0.20847018749999996,0.20894768749999998,0.9550000000000392,28.795006250000004
0.17333333333333334,0.17994663888888887,0.203549,0.21522266666666662,0.20938583333333333,0.201874,0.2149059999999999,0.20838999999999996,0.20888791666666665,0.9958333333333624,28.941277777777774
0.17366666666666666,0.17975189305555556,0.20349082500000001,0.2152021333333333,0.20934647916666665,0.20176395,0.21485567499999988,0.20830981249999994,0.2088281458333333,1.0366666666667135,29.076252777777757
0.174,0.1795918,0.20343265,0.21518159999999995,0.20930712499999998,0.2016539,0.2148053499999999,0.20822962499999995,0.20876837499999995,1.0775000000000368,29.176574999999954
0.17433333333333334,0.17938086180555557,0.203374475,0.21516106666666662,0.2092677708333333,0.20154385,0.2147550249999999,0.20814943749999995,0.20870860416666664,1.11833333333336,29.327742361111074
0.17466666666666666,0.179224275,0.2033163,0.2151405333333333,0.20922841666666664,0.2014338,0.2147046999999999,0.20806924999999993,0.20864883333333328,1.159166666666711,29.424558333333295
0.175,0.17904234375,0.203258125,0.21511999999999995,0.20918906249999997,0.20132375,0.2146543749999999,0.20798906249999993,0.20858906249999995,1.2000000000000344,29.54671874999995
0.17533333333333334,0.17885326944444443,0.20319995,0.21509946666666663,0.2091497083333333,0.2012137,0.2146040499999999,0.20790887499999994,0.20852929166666662,1.2408333333333577,29.67602222222218
0.17566666666666667,0.17866220138888889,0.203141775,0.2150789333333333,0.20911035416666665,0.20110365,0.2145537249999999,0.20782868749999994,0.2084695208333333,1.2816666666667087,29.807319444444424
0.176,0.17849927499999999,0.2030836,0.21505839999999996,0.20907099999999998,0.2009936,0.2145033999999999,0.20774849999999995,0.20840974999999995,1.322500000000032,29.910474999999963
0.17633333333333331,0.1783086041666667,0.203025425,0.21503786666666663,0.20903164583333333,0.20088355,0.2144530749999999,0.20766831249999995,0.20834997916666664,1.363333333333383,30.041374999999952
0.17666666666666667,0.178107,0.20296725000000002,0.21501733333333328,0.20899229166666666,0.2007735,0.2144027499999999,0.20758812499999996,0.2082902083333333,1.4041666666667063,30.183208333333322
0.177,0.17793095416666665,0.202909075,0.21499679999999996,0.2089529375,0.20066345,0.2143524249999999,0.20750793749999996,0.20823043749999998,1.4450000000000296,30.29948333333332
0.17733333333333332,0.17776574722222221,0.2028509,0.21497626666666664,0.20891358333333332,0.2005534,0.2143020999999999,0.20742774999999997,0.20817066666666664,1.4858333333333529,30.404919444444428
0.17766666666666667,0.17758689375000003,0.202792725,0.2149557333333333,0.20887422916666665,0.20044335,0.2142517749999999,0.20734756249999994,0.2081108958333333,1.526666666666704,30.52400208333328
0.178,0.17739370833333332,0.20273455,0.21493519999999997,0.20883487499999998,0.2003333,0.2142014499999999,0.20726737499999995,0.20805112499999995,1.5675000000000272,30.65741666666663
0.17833333333333332,0.17719434027777778,0.20267637500000002,0.21491466666666664,0.20879552083333333,0.20022325,0.21415112499999991,0.20718718749999995,0.20799135416666664,1.6083333333333782,30.797013888888863
0.17866666666666667,0.17703342777777775,0.2026182,0.2148941333333333,0.20875616666666663,0.2001132,0.2141007999999999,0.20710699999999993,0.20793158333333328,1.6491666666667015,30.89815555555553
0.179,0.1768542416666667,0.202527225,0.21487359999999997,0.2087004125,0.20000315,0.2140504749999999,0.20702681249999993,0.20786361249999996,1.6736000000000528,31.00937083333327
0.17933333333333332,0.17666786250000002,0.20242131666666668,0.21485306666666662,0.20863719166666667,0.1998931,0.21400014999999992,0.20694662499999994,0.2077919083333333,1.6905666666667263,31.12404583333328
0.17966666666666667,0.1764979354166667,0.20231540833333334,0.2148325333333333,0.20857397083333332,0.19978305,0.2139498249999999,0.20686643749999994,0.20772020416666664,1.707533333333372,31.222268749999948
0.18,0.17630166666666672,0.20220950000000001,0.21481199999999998,0.20851075,0.199673,0.2138994999999999,0.20678624999999995,0.20764849999999996,1.7245000000000454,31.34683333333324
0.18033333333333332,0.17612290277777784,0.20210359166666667,0.21479146666666663,0.20844752916666665,0.19956295,0.2138491749999999,0.20670606249999995,0.2075767958333333,1.7414666666666911,31.45389305555546
0.18066666666666667,0.1759588875,0.20199768333333334,0.2147709333333333,0.20838430833333332,0.1994529,0.2137988499999999,0.20662587499999996,0.20750509166666664,1.7584333333333646,31.546204166666648
0.181,0.17577740833333336,0.201891775,0.21475039999999995,0.20832108749999997,0.19934285,0.2137485249999999,0.20654568749999996,0.20743338749999995,1.7754000000000103,31.655979166666597
0.18133333333333332,0.17562985555555558,0.20178586666666667,0.21472986666666663,0.20825786666666665,0.1992328,0.2136981999999999,0.20646549999999994,0.2073616833333333,1.7923666666667115,31.73182777777772
0.18166666666666667,0.17545411805555555,0.20167995833333333,0.2147093333333333,0.2081946458333333,0.19912275,0.2136478749999999,0.20638531249999995,0.20728997916666664,1.8093333333333572,31.835861111111086
0.182,0.17526865000000003,0.20157405,0.21464479999999983,0.2081094249999999,0.1990127,0.2135975499999999,0.20630512499999995,0.2072072749999999,1.8042999999999532,31.938624999999888
0.18233333333333332,0.17510130000000004,0.20146814166666668,0.21454359999999983,0.20800587083333327,0.19890265000000001,0.2135472249999999,0.20622493749999996,0.20711540416666663,1.7809333333333177,32.014104166666584
0.18266666666666667,0.17492432777777778,0.20136223333333333,0.2144423999999998,0.2079023166666666,0.19879259999999999,0.2134968999999999,0.20614474999999993,0.20702353333333326,1.7575666666666545,32.099205555555486
0.183,0.17474510902777776,0.201256325,0.21434119999999982,0.2077987624999999,0.19868255,0.21344657499999992,0.20606456249999996,0.20693166249999995,1.7341999999999358,32.18655347222219
0.18333333333333332,0.1745626041666667,0.20115041666666666,0.21423999999999982,0.20769520833333324,0.1985725,0.2133962499999999,0.20598437499999994,0.2068397916666666,1.7108333333333003,32.27718749999992
0.18366666666666667,0.17437589166666667,0.20104450833333334,0.21413879999999982,0.20759165416666658,0.19846244999999998,0.2133459249999999,0.20590418749999995,0.20674792083333327,1.6874666666666371,32.37202916666659
0.184,0.174214875,0.2009386,0.21403759999999983,0.2074880999999999,0.1983524,0.21329559999999992,0.20582399999999995,0.20665604999999992,1.6640999999999462,32.44117499999993
0.18433333333333332,0.17405772083333332,0.20083269166666667,0.21393639999999983,0.20738454583333327,0.19824235,0.2132452749999999,0.20574381249999996,0.2065641791666666,1.6407333333333107,32.50645833333329
0.18466666666666667,0.17390603055555554,0.20072678333333333,0.2138351999999998,0.20728099166666658,0.1981323,0.2131949499999999,0.20566362499999996,0.20647230833333327,1.6173666666666198,32.566277777777735
0.185,0.17374814583333337,0.200620875,0.2137339999999998,0.2071774374999999,0.19802225,0.21314462499999992,0.20558343749999997,0.20638043749999993,1.5939999999999288,32.63229166666656
0.18533333333333332,0.173583725,0.20051496666666668,0.21363279999999982,0.20707388333333326,0.1979122,0.2130942999999999,0.20550324999999997,0.20628856666666662,1.5706333333332934,32.704841666666624
0.18566666666666667,0.17339241875,0.20040905833333333,0.21353159999999982,0.20697032916666658,0.19780215,0.2130439749999999,0.20542306249999998,0.20619669583333328,1.5472666666666024,32.804277083333275
0.186,0.17322908194444445,0.20030315,0.21343039999999983,0.20686677499999992,0.1976921,0.2129936499999999,0.20534287499999995,0.20610482499999994,1.523899999999967,32.87574305555549
0.18633333333333332,0.17304992152777782,0.20019724166666666,0.21332919999999983,0.20676322083333326,0.19758205,0.2129433249999999,0.20526268749999996,0.2060129541666666,1.5005333333333037,32.96303263888878
0.18666666666666665,0.1728901388888889,0.20009133333333334,0.21322799999999983,0.20665966666666657,0.197472,0.21289299999999992,0.20518249999999996,0.20592108333333325,1.4771666666666128,33.03094444444435
0.187,0.17270505069444442,0.199985425,0.2131267999999998,0.2065561124999999,0.19736195,0.2128426749999999,0.20510231249999994,0.20582921249999991,1.4537999999999496,33.124161805555495
0.18733333333333332,0.1725409486111111,0.19987951666666667,0.21302559999999982,0.20645255833333326,0.1972519,0.2127923499999999,0.20502212499999994,0.2057373416666666,1.4304333333333141,33.1963930555555
0.18766666666666665,0.17235083125,0.19977360833333335,0.21292439999999982,0.20634900416666657,0.19714185,0.21274202499999992,0.20494193749999995,0.20564547083333326,1.4070666666666232,33.29463958333326
0.188,0.17219894999999996,0.1996677,0.21282319999999982,0.2062454499999999,0.1970318,0.2126916999999999,0.20486174999999995,0.20555359999999995,1.38369999999996,33.354649999999985
0.18833333333333332,0.1720344409722222,0.19956179166666668,0.21272199999999983,0.20614189583333326,0.19692175,0.2126413749999999,0.20478156249999996,0.2054617291666666,1.3603333333332968,33.4272881944444
0.18866666666666665,0.1718769125,0.19945588333333333,0.21262079999999983,0.20603834166666657,0.1968117,0.21259104999999992,0.20470137499999996,0.20536985833333327,1.3369666666666058,33.49294583333326
0.189,0.17170907152777776,0.199349975,0.2125195999999998,0.2059347874999999,0.19670165,0.2125407249999999,0.20462118749999997,0.20527798749999993,1.3135999999999426,33.56891597222217
0.18933333333333333,0.1715569111111111,0.19924406666666666,0.2124183999999998,0.20583123333333325,0.1965916,0.2124903999999999,0.20454099999999997,0.2051861166666666,1.2902333333332794,33.629205555555515
0.18966666666666665,0.17138665972222225,0.19913815833333334,0.21231719999999982,0.20572767916666657,0.19648155,0.21244007499999992,0.20446081249999998,0.20509424583333327,1.2668666666665884,33.70758611111102
0.19,0.17121411111111112,0.19903225,0.21221599999999982,0.2056241249999999,0.1963715,0.2123897499999999,0.20438062499999995,0.20500237499999993,1.243499999999953,33.78826388888881
0.19033333333333333,0.17106043472222224,0.19892634166666667,0.21211479999999983,0.20552057083333325,0.19626145,0.21233942499999992,0.20430043749999996,0.20491050416666662,1.2201333333332898,33.85006944444438
0.19066666666666665,0.17089063055555556,0.19882043333333335,0.21201359999999983,0.2054170166666666,0.1961514,0.21228909999999993,0.20422024999999996,0.20481863333333328,1.1967666666666266,33.928002777777714
0.191,0.1707399923611111,0.198714525,0.2119123999999998,0.2053134624999999,0.19604135,0.2122387749999999,0.20414006249999994,0.20472676249999994,1.1733999999999634,33.98677013888884
0.19133333333333333,0.17054811250000002,0.19860861666666668,0.2118111999999998,0.20520990833333325,0.1959313,0.2121600999999997,0.20404569999999986,0.20462780416666654,1.1642083333333886,34.07969166666652
0.19166666666666665,0.17041171875,0.19850270833333333,0.21170999999999982,0.20510635416666656,0.19582125,0.2119862499999997,0.20390374999999986,0.2045050520833332,1.2026041666667042,34.0933333333332
0.192,0.17026840555555556,0.1983968,0.21160879999999982,0.20500279999999993,0.1957112,0.2118123999999997,0.20376179999999985,0.2043822999999999,1.2410000000000754,34.11389444444435
0.19233333333333333,0.17008393125000001,0.19829089166666666,0.21150759999999982,0.20489924583333324,0.19560115,0.2116385499999997,0.20361984999999985,0.20425954791666656,1.279395833333391,34.17561666666655
0.19266666666666665,0.16994552500000001,0.19818498333333334,0.21140639999999983,0.20479569166666658,0.19549110000000003,0.2114646999999997,0.20347789999999988,0.20413679583333322,1.3177916666667067,34.191270833333206
0.193,0.16977377152777778,0.198079075,0.21130519999999983,0.20469213749999993,0.19538105,0.2112908499999997,0.20333594999999985,0.20401404374999987,1.3561875000000778,34.24027222222209
0.19333333333333333,0.16960583333333334,0.19797316666666667,0.2112039999999998,0.20458858333333324,0.195271,0.21111699999999972,0.20319399999999987,0.20389129166666656,1.3945833333333657,34.28545833333321
0.19366666666666665,0.16946698749999997,0.19786725833333335,0.2111027999999998,0.20448502916666658,0.195145,0.21094314999999972,0.20304407499999988,0.20376455208333322,1.4409541666667025,34.29756458333325
0.194,0.16928923333333334,0.19776135,0.21100159999999982,0.20438147499999992,0.19499,0.21076929999999972,0.20287964999999986,0.2036305624999999,1.5018250000000677,34.34132916666655
0.19433333333333333,0.169158525,0.19765544166666668,0.21090039999999982,0.20427792083333324,0.194835,0.2105954499999997,0.20271522499999986,0.20349657291666656,1.5626958333333774,34.33804791666656
0.19466666666666665,0.168986525,0.19754953333333336,0.21079919999999983,0.2041743666666666,0.19468000000000002,0.2104215999999997,0.20255079999999986,0.20336258333333324,1.6235666666667425,34.37605833333323
0.195,0.16881084375,0.197443625,0.21069799999999983,0.20407081249999992,0.194525,0.2102477499999997,0.20238637499999984,0.20322859374999988,1.68443750000008,34.417749999999884
0.19533333333333333,0.16863719583333334,0.19733771666666666,0.21059679999999983,0.20396725833333323,0.19437000000000001,0.2100738999999997,0.20222194999999987,0.20309460416666655,1.7453083333333619,34.45740833333322
0.19566666666666666,0.16850379444444444,0.19723180833333334,0.21049559999999984,0.2038637041666666,0.19421500000000003,0.20990004999999973,0.20205752499999988,0.20296061458333325,1.806179166666727,34.456820138888816
0.19599999999999998,0.1683648527777778,0.19712590000000002,0.21039439999999981,0.20376014999999992,0.19406,0.20972619999999972,0.20189309999999988,0.2028266249999999,1.8670500000000367,34.4617722222221
0.19633333333333333,0.16819248402777784,0.19701999166666667,0.21029319999999982,0.20365659583333323,0.19390500000000002,0.20955234999999972,0.20172867499999986,0.20269263541666654,1.9279208333333742,34.5001513888887
0.19666666666666666,0.16804340972222223,0.19691408333333335,0.21019199999999982,0.2035530416666666,0.19375,0.20937849999999972,0.20156424999999986,0.20255864583333322,1.9887916666667393,34.51523611111099
0.19699999999999998,0.16790496666666668,0.19680817500000003,0.21009079999999983,0.20344948749999991,0.19359500000000002,0.20920464999999971,0.20139982499999987,0.2024246562499999,2.049662500000049,34.51968958333321
0.19733333333333333,0.1677467,0.19670226666666668,0.20998959999999983,0.20334593333333326,0.19344,0.2090307999999997,0.20123539999999984,0.20229066666666656,2.1105333333334144,34.54396666666656
0.19766666666666666,0.16759573541666667,0.19659635833333333,0.20988839999999984,0.2032423791666666,0.193285,0.2088569499999997,0.20107097499999987,0.20215667708333324,2.171404166666724,34.560941666666565
0.19799999999999998,0.16740870833333335,0.19649045,0.20978719999999984,0.2031388249999999,0.19313000000000002,0.20868309999999973,0.20090654999999988,0.2020226874999999,2.2322750000000333,34.61397916666656
0.19833333333333333,0.16727897569444447,0.1963845416666667,0.20968599999999982,0.20303527083333325,0.192975,0.2085092499999997,0.20074212499999985,0.20188869791666655,2.2931458333333987,34.60972222222208
0.19866666666666666,0.16715395555555557,0.19627863333333334,0.20958479999999982,0.2029317166666666,0.19282000000000002,0.20833539999999973,0.20057769999999986,0.20175470833333323,2.354016666666736,34.60075277777766
0.19899999999999998,0.1669855701388889,0.19617272500000002,0.20948359999999983,0.2028281624999999,0.192665,0.20816154999999972,0.20041327499999986,0.20162071874999987,2.414887500000046,34.63514861111097
0.19933333333333333,0.16681464999999998,0.19606681666666667,0.20938239999999983,0.20272460833333325,0.19251000000000001,0.20798769999999972,0.20024884999999987,0.20148672916666654,2.475758333333383,34.67207916666656
0.19966666666666666,0.16667863680555553,0.19596090833333335,0.20928119999999983,0.2026210541666666,0.192355,0.20781384999999972,0.20008442499999984,0.20135273958333322,2.5366291666667484,34.67410277777769
0.19999999999999998,0.16653222222222222,0.19585500000000003,0.20917999999999984,0.20251749999999993,0.1922,0.2076399999999997,0.19991999999999988,0.2012187499999999,2.597500000000058,34.68652777777767
0.20033333333333334,0.16636567152777776,0.19574909166666668,0.20907879999999981,0.20241394583333325,0.192045,0.2074661499999997,0.19975557499999985,0.20108476041666656,2.6583708333333957,34.719088888888805
0.20066666666666666,0.16621956249999997,0.19564318333333336,0.20897759999999982,0.2023103916666666,0.19189,0.2072922999999997,0.19959114999999986,0.20095077083333324,2.7192416666667327,34.731208333333264
0.20099999999999998,0.1660858375,0.195537275,0.20887639999999982,0.2022068374999999,0.19173500000000002,0.20711844999999973,0.19942672499999986,0.20081678124999988,2.7801125000000426,34.73094374999988
0.20133333333333334,0.16591251666666668,0.1954014,0.20877519999999983,0.20208829999999992,0.19158,0.2069445999999997,0.19926229999999984,0.2006752999999999,2.8260000000000787,34.76278333333321
0.20166666666666666,0.1657731458333333,0.19524925,0.20867399999999983,0.20196162499999992,0.191425,0.20677074999999973,0.19909787499999987,0.2005297499999999,2.8637500000000538,34.75660416666659
0.20199999999999999,0.1656448,0.19509710000000002,0.20857279999999984,0.20183494999999993,0.19127000000000002,0.20659689999999972,0.19893344999999987,0.2003841999999999,2.901500000000057,34.73939999999989
0.20233333333333334,0.1654915375,0.19494495,0.2084715999999998,0.2017082749999999,0.191115,0.20642304999999972,0.19876902499999988,0.2002386499999999,2.9392500000000323,34.7471124999999
0.20266666666666666,0.16532729444444444,0.19479280000000002,0.20837039999999982,0.20158159999999992,0.19096000000000002,0.20624919999999972,0.19860459999999985,0.20009309999999988,2.977000000000063,34.765805555555445
0.20299999999999999,0.16519853055555556,0.19464065000000003,0.20826919999999982,0.20145492499999992,0.190805,0.2060753499999997,0.19844017499999986,0.1999475499999999,3.014750000000066,34.749019444444336
0.20333333333333334,0.16503735416666665,0.1944885,0.20816799999999983,0.20132824999999993,0.19065,0.2059014999999997,0.19827574999999986,0.1998019999999999,3.052500000000069,34.76464583333325
0.20366666666666666,0.16491475625,0.19433635000000002,0.20806679999999983,0.2012015749999999,0.190495,0.2057276499999997,0.19811132499999984,0.19965644999999987,3.090250000000072,34.74169374999988
0.204,0.16475685555555555,0.1941842,0.20796559999999983,0.20107489999999992,0.19034,0.20555379999999973,0.19794689999999987,0.19951089999999988,3.128000000000047,34.754044444444325
0.20433333333333334,0.16460528124999999,0.19403205,0.2078643999999998,0.20094822499999992,0.190185,0.2053799499999997,0.19778247499999985,0.19936534999999989,3.1657500000000782,34.7600687499999
0.20466666666666666,0.1644781375,0.1938799,0.20773653333333303,0.2008082166666665,0.19003,0.20520609999999972,0.19761804999999988,0.19921313333333318,3.1901666666666326,34.73499583333317
0.205,0.16432165625,0.19372775,0.2075619999999997,0.20064487499999983,0.18987500000000002,0.20503224999999972,0.19745362499999985,0.19904924999999984,3.191249999999979,34.72759374999984
0.20533333333333334,0.1641552388888889,0.1935756,0.20738746666666635,0.20048153333333318,0.18972,0.20485839999999972,0.19728919999999986,0.1988853666666665,3.192333333333325,34.73012777777762
0.20566666666666666,0.16403103611111108,0.19342345,0.20721293333333302,0.2003181916666665,0.189565,0.20468454999999972,0.19712477499999986,0.19872148333333317,3.193416666666643,34.69044722222209
0.206,0.16389164305555556,0.1932713,0.2070383999999997,0.20015484999999986,0.18941,0.2045106999999997,0.19696034999999984,0.19855759999999983,3.1945000000000165,34.66595694444427
0.2063333333333333,0.16376396875000002,0.19311915000000002,0.20686386666666637,0.19999150833333318,0.189255,0.20433684999999974,0.19679592499999987,0.19839371666666653,3.1955833333333072,34.62974791666651
0.20666666666666667,0.163590125,0.192967,0.20668933333333303,0.19982816666666653,0.1891,0.2041629999999997,0.19663149999999985,0.1982298333333332,3.196666666666681,34.63970833333319
0.207,0.16344208055555554,0.19281485,0.2065147999999997,0.19966482499999985,0.188945,0.20398914999999973,0.19646707499999988,0.19806594999999988,3.1977499999999717,34.623869444444345
0.20733333333333331,0.16331291527777778,0.1926627,0.20634026666666636,0.19950148333333317,0.18879,0.20381529999999973,0.19630264999999986,0.19790206666666652,3.1988333333333174,34.58915138888874
0.20766666666666667,0.16318309444444445,0.19251055,0.20616573333333302,0.19933814166666652,0.188635,0.20364144999999972,0.19613822499999986,0.1977381833333332,3.199916666666663,34.555088888888754
0.208,0.16303690555555556,0.19235839999999998,0.20599119999999968,0.19917479999999982,0.18848,0.20346759999999972,0.19597379999999986,0.19757429999999984,3.200999999999954,34.53739444444429
0.20833333333333331,0.16288645833333332,0.19220625,0.20581666666666637,0.19901145833333317,0.18832500000000002,0.20329374999999972,0.19580937499999987,0.19741041666666653,3.2020833333332996,34.52395833333321
0.20866666666666667,0.1627668125,0.19205409999999998,0.20564213333333303,0.19884811666666652,0.18817,0.20311989999999971,0.19564494999999987,0.1972465333333332,3.203166666666646,34.4797208333332
0.209,0.1626256270833333,0.19190195,0.2054675999999997,0.19868477499999984,0.188015,0.20294604999999974,0.19548052499999985,0.19708264999999986,3.204249999999992,34.45702291666655
0.20933333333333332,0.16247608611111108,0.1917498,0.20529306666666636,0.19852143333333316,0.18786,0.20277219999999974,0.19531609999999988,0.19691876666666652,3.2053333333332823,34.44268055555544
0.20966666666666667,0.16232720902777775,0.19159764999999998,0.20511853333333302,0.19835809166666651,0.187705,0.20259834999999973,0.19515167499999986,0.19675488333333319,3.206416666666656,34.427674305555435
0.21,0.16218672222222222,0.1914455,0.20494399999999968,0.19819474999999984,0.18755,0.20242449999999973,0.19498724999999986,0.19659099999999985,3.2074999999999743,34.40427777777763
0.21033333333333332,0.16204696875,0.19129335,0.20476946666666637,0.1980314083333332,0.187395,0.20225064999999973,0.19482282499999987,0.1964271166666665,3.20858333333332,34.38014791666652
0.21066666666666667,0.16193580555555553,0.19114119999999998,0.20459493333333303,0.1978680666666665,0.18724,0.20207679999999972,0.19465839999999984,0.19626323333333318,3.2096666666666662,34.32742777777764
0.211,0.16177998055555554,0.19098905,0.2044203999999997,0.19770472499999986,0.187085,0.20190294999999972,0.19449397499999987,0.19609934999999987,3.2107499999999844,34.319369444444334
0.21133333333333332,0.1616244486111111,0.19083689999999998,0.20424586666666636,0.19754138333333315,0.18693,0.20172909999999974,0.19432954999999988,0.1959354666666665,3.211833333333275,34.311018055555394
0.21166666666666667,0.1615025833333333,0.19068475,0.20407133333333302,0.1973780416666665,0.186775,0.2015552499999997,0.19416512499999986,0.19577158333333317,3.212916666666649,34.268999999999856
0.212,0.1613727333333333,0.1905326,0.20389679999999968,0.19721469999999985,0.18662,0.20138139999999974,0.19400069999999986,0.19560769999999986,3.2139999999999946,34.23496666666656
0.21233333333333332,0.1612095222222222,0.19038044999999998,0.20372226666666637,0.19705135833333318,0.186465,0.20120754999999974,0.19383627499999986,0.19544381666666652,3.215083333333313,34.234294444444316
0.21266666666666667,0.1610779375,0.1902283,0.20354773333333304,0.1968880166666665,0.18631,0.20103369999999973,0.19367184999999987,0.19527993333333318,3.216166666666631,34.20199583333319
0.213,0.16095659791666667,0.19007614999999997,0.2033731999999997,0.19672467499999985,0.186155,0.20085984999999973,0.19350742499999984,0.19511604999999985,3.217250000000005,34.15945208333318
0.21333333333333332,0.16082822222222223,0.18992399999999998,0.20319866666666636,0.19656133333333317,0.186,0.20070799999999978,0.1933539999999999,0.19495766666666653,3.2073333333332843,34.129444444444296
0.21366666666666667,0.16068542986111112,0.18977184999999996,0.20302413333333302,0.1963979916666665,0.18584499999999998,0.20056769999999977,0.19320634999999986,0.19480217083333318,3.1916416666666336,34.11674097222206
0.214,0.160536725,0.18961969999999997,0.20284959999999969,0.19623464999999984,0.18569,0.20042739999999978,0.1930586999999999,0.19464667499999988,3.175949999999955,34.10994999999989
0.21433333333333332,0.16040521458333334,0.18946754999999998,0.20267506666666638,0.1960713083333332,0.185535,0.20028709999999977,0.1929110499999999,0.19449117916666653,3.1602583333333047,34.08596458333319
0.21466666666666667,0.16026407499999998,0.18931539999999997,0.20250053333333304,0.1959079666666665,0.18538,0.20014679999999976,0.19276339999999986,0.19433568333333318,3.144566666666626,34.071608333333195
0.215,0.16015067708333333,0.18916324999999998,0.2023259999999997,0.19574462499999984,0.185225,0.20000649999999978,0.1926157499999999,0.19418018749999988,3.1288749999999474,34.02951041666655
0.21533333333333332,0.16002979166666664,0.1890111,0.20215146666666636,0.1955812833333332,0.1850661,0.19986619999999977,0.1924661499999999,0.19402371666666654,3.1151333333332976,33.9939249999999
0.21566666666666667,0.15987173124999998,0.18885894999999997,0.20197693333333303,0.19541794166666648,0.18490645,0.19972589999999976,0.19231617499999987,0.19386705833333318,3.1017666666666166,33.995327083333194
0.216,0.159716375,0.18870679999999998,0.2018023999999997,0.19525459999999983,0.1847468,0.19958559999999978,0.1921661999999999,0.19371039999999987,3.0883999999999356,33.99402499999987
0.21633333333333332,0.15960260972222223,0.18855464999999996,0.20162786666666638,0.19509125833333318,0.18458715,0.19944529999999977,0.19201622499999987,0.19355374166666653,3.07503333333331,33.9511319444443
0.21666666666666665,0.1594875,0.18840249999999997,0.20145333333333304,0.1949279166666665,0.1844275,0.1993049999999998,0.1918662499999999,0.19339708333333322,3.0616666666666017,33.90958333333322
0.217,0.15932384374999997,0.18825034999999996,0.2012787999999997,0.19476457499999983,0.18426784999999998,0.19916469999999978,0.19171627499999988,0.19324042499999985,3.0482999999999483,33.916581249999886
0.21733333333333332,0.15917836944444444,0.18809819999999997,0.20110426666666636,0.19460123333333318,0.1841082,0.1990243999999998,0.1915662999999999,0.19308376666666655,3.0349333333332673,33.905397222222106
0.21766666666666665,0.15905633819444445,0.18794604999999998,0.20092973333333305,0.19443789166666653,0.18394855,0.19888409999999979,0.1914163249999999,0.1929271083333332,3.021566666666642,33.87077013888876
0.218,0.15891369583333334,0.18779389999999996,0.2007551999999997,0.19427454999999982,0.18378889999999998,0.19874379999999978,0.19126634999999986,0.19277044999999984,3.008199999999961,33.856754166666505
0.21833333333333332,0.1587864548611111,0.18764174999999997,0.20058066666666638,0.19411120833333317,0.18362925,0.1986034999999998,0.1911163749999999,0.19261379166666653,2.99483333333328,33.82733680555544
0.21866666666666665,0.1586723,0.18748959999999998,0.20040613333333304,0.19394786666666652,0.1834696,0.19846319999999978,0.1909663999999999,0.1924571333333332,2.981466666666627,33.78483333333321
0.219,0.15851701666666665,0.18733744999999996,0.2002315999999997,0.19378452499999982,0.18330995,0.19832289999999977,0.1908164249999999,0.19230047499999986,2.968099999999918,33.78345833333321
0.21933333333333332,0.15839545416666667,0.18718529999999997,0.20005706666666637,0.19362118333333317,0.1831503,0.1981825999999998,0.19066644999999988,0.19214381666666652,2.9547333333332926,33.74836249999985
0.21966666666666665,0.15823959375000005,0.18703314999999998,0.19988253333333306,0.19345784166666652,0.18299065,0.19804229999999978,0.1905164749999999,0.1919871583333332,2.9413666666666116,33.747564583333165
0.22,0.15812129166666666,0.18688099999999996,0.1997079999999997,0.1932944999999998,0.182831,0.19790199999999977,0.19036649999999988,0.19183049999999985,2.9279999999999307,33.70920833333319
0.22033333333333333,0.15799254305555555,0.18672884999999995,0.19953346666666638,0.19313115833333316,0.18267134999999998,0.1977616999999998,0.1902165249999999,0.1916738416666665,2.9146333333332777,33.68129861111097
0.22066666666666665,0.1578567819444444,0.18657669999999996,0.19935893333333304,0.19296781666666651,0.1825117,0.19762139999999978,0.1900665499999999,0.1915171833333332,2.9012666666666242,33.660401388888786
0.221,0.15769434375,0.18642454999999997,0.1991843999999997,0.19280447499999984,0.18235205,0.19748109999999977,0.18991657499999987,0.19136052499999984,2.887899999999971,33.666181249999845
0.22133333333333333,0.15758046388888888,0.18627239999999995,0.19900986666666637,0.19264113333333316,0.1821924,0.1973407999999998,0.1897665999999999,0.19120386666666653,2.8745333333332623,33.62340277777764
0.22166666666666665,0.15744737500000003,0.18612024999999996,0.19883533333333306,0.1924777916666665,0.18203275,0.19720049999999978,0.18961662499999987,0.1910472083333332,2.861166666666637,33.599833333333166
0.222,0.15733342499999997,0.18596809999999994,0.1986607999999997,0.1923144499999998,0.18187309999999998,0.19706019999999977,0.18946664999999988,0.19089054999999983,2.8477999999999284,33.55712499999986
0.22233333333333333,0.15717587013888887,0.18581594999999995,0.19848626666666638,0.19215110833333315,0.18171345,0.1969198999999998,0.18931667499999988,0.19073389166666652,2.834433333333275,33.55802152777765
0.22266666666666665,0.15703830277777775,0.18566379999999996,0.19831173333333305,0.1919877666666665,0.1815538,0.19677959999999978,0.18916669999999988,0.1905772333333332,2.8210666666666215,33.53893055555546
0.223,0.15689923263888889,0.18551164999999994,0.1981371999999997,0.19182442499999983,0.18139414999999998,0.19663929999999977,0.18901672499999989,0.19042057499999987,2.807699999999941,33.52134236111098
0.22333333333333333,0.15678952777777777,0.18535949999999995,0.19796266666666637,0.19166108333333315,0.1812345,0.19649899999999978,0.1888667499999999,0.19026391666666653,2.7943333333332596,33.47438888888876
0.22366666666666665,0.1566528930555556,0.18520371666666663,0.19778813333333306,0.19149592499999984,0.18107484999999998,0.19635869999999978,0.1887167749999999,0.19010634999999987,2.7791499999999525,33.45345694444426
0.224,0.15654415555555556,0.18504559999999995,0.1976135999999997,0.19132959999999982,0.1809152,0.19621839999999977,0.18856679999999987,0.18994819999999984,2.762799999999954,33.40404444444428
0.22433333333333333,0.1563894708333333,0.18488748333333327,0.19743906666666639,0.19116327499999983,0.18075555,0.19607809999999978,0.1884168249999999,0.18979004999999988,2.7464499999999283,33.40057916666658
0.22466666666666665,0.15625212916666664,0.18472936666666662,0.19726453333333305,0.19099694999999983,0.1805959,0.19593779999999977,0.18826684999999987,0.18963189999999985,2.7300999999999576,33.37977083333321
0.225,0.15612467013888887,0.18457124999999994,0.1970899999999997,0.1908306249999998,0.18043625,0.19579749999999976,0.18811687499999988,0.18947374999999983,2.7137499999999317,33.349079861110965
0.22533333333333333,0.1560047,0.18441313333333328,0.19691546666666637,0.19066429999999984,0.18027659999999998,0.19565719999999978,0.18796689999999988,0.18931559999999986,2.697399999999961,33.31089999999987
0.22566666666666665,0.15587142569444445,0.18425501666666663,0.19674093333333303,0.19049797499999982,0.18011695,0.19551689999999977,0.18781692499999988,0.18915744999999984,2.681049999999935,33.28602430555539
0.22599999999999998,0.15574032916666664,0.18409689999999995,0.19656639999999972,0.19033164999999985,0.1799573,0.1953765999999998,0.1876669499999999,0.18899929999999987,2.6646999999999643,33.25897083333324
0.22633333333333333,0.15559055624999996,0.18393878333333327,0.1963918666666664,0.19016532499999983,0.17979764999999998,0.19523629999999978,0.18751697499999986,0.18884114999999985,2.648349999999966,33.250593749999894
0.22666666666666666,0.1554585,0.18378066666666662,0.19621733333333305,0.18999899999999983,0.179638,0.19509599999999977,0.1873669999999999,0.18868299999999988,2.63199999999994,33.22449999999988
0.22699999999999998,0.15533222430555557,0.18362254999999997,0.1960427999999997,0.18983267499999984,0.17947835,0.1949556999999998,0.1872170249999999,0.18852484999999986,2.615649999999942,33.19262569444428
0.22733333333333333,0.1552113263888889,0.1834644333333333,0.19587893333333314,0.18967168333333323,0.1793187,0.19481539999999978,0.1870670499999999,0.18836936666666657,2.6046333333333282,33.15804027777766
0.22766666666666666,0.15508421249999998,0.1833063166666666,0.19576306666666649,0.18953469166666653,0.17915905,0.19467509999999977,0.18691707499999988,0.1882258833333332,2.6176166666666556,33.14167083333322
0.22799999999999998,0.15496404722222223,0.18314819999999996,0.19564719999999983,0.1893976999999999,0.1789994,0.19453479999999979,0.1867670999999999,0.1880823999999999,2.630599999999983,33.118352777777666
0.22833333333333333,0.15481952083333334,0.18299008333333328,0.19553133333333314,0.1892607083333332,0.17883975,0.19439449999999978,0.18661712499999988,0.18793891666666654,2.6435833333333103,33.1193958333332
0.22866666666666666,0.1546755625,0.18283196666666662,0.19541546666666648,0.18912371666666655,0.17868009999999998,0.1942541999999998,0.1864671499999999,0.1877954333333332,2.6565666666666656,33.1198708333332
0.22899999999999998,0.154535425,0.18267384999999994,0.19529959999999982,0.18898672499999988,0.17852045,0.19411389999999978,0.1863171749999999,0.1876519499999999,2.669549999999993,33.116524999999896
0.22933333333333333,0.15441530555555555,0.1825157333333333,0.19518373333333314,0.18884973333333321,0.17836079999999999,0.19397359999999977,0.18616719999999987,0.18750846666666654,2.682533333333348,33.093161111110994
0.22966666666666666,0.154293725,0.1823576166666666,0.19506786666666648,0.18871274166666654,0.17820114999999997,0.1938332999999998,0.1860172249999999,0.18736498333333323,2.6955166666666477,33.07125833333324
0.22999999999999998,0.15417010416666665,0.18219949999999996,0.19495199999999982,0.18857574999999988,0.1780415,0.19369299999999978,0.18586724999999987,0.18722149999999987,2.7085000000000026,33.05139583333322
0.23033333333333333,0.15402613125,0.18204138333333328,0.19483613333333313,0.1884387583333332,0.17788184999999998,0.19355269999999977,0.18571727499999988,0.18707801666666654,2.72148333333333,33.051885416666536
0.23066666666666666,0.15389414166666665,0.18188326666666663,0.19472026666666647,0.18830176666666654,0.1777222,0.1934123999999998,0.18556729999999988,0.1869345333333332,2.7344666666666573,33.04039166666656
0.23099999999999998,0.15377840625,0.18172514999999995,0.19460439999999982,0.1881647749999999,0.17756254999999999,0.19327209999999978,0.18541732499999988,0.1867910499999999,2.747450000000012,33.0126437499999
0.23133333333333334,0.1536534486111111,0.1815670333333333,0.19448853333333316,0.18802778333333323,0.17740289999999997,0.19313179999999977,0.1852673499999999,0.18664756666666654,2.7604333333333395,32.99411805555544
0.23166666666666666,0.15350195833333335,0.18140891666666661,0.19437266666666647,0.18789079166666656,0.17724325,0.1929914999999998,0.1851173749999999,0.18650408333333324,2.773416666666667,33.00212499999988
0.23199999999999998,0.15337620277777778,0.18125079999999996,0.1942567999999998,0.1877537999999999,0.17708359999999998,0.19285119999999978,0.1849673999999999,0.18636059999999988,2.786399999999994,32.9843972222221
0.23233333333333334,0.15326440625,0.18109268333333328,0.19414093333333315,0.18761680833333322,0.17692394999999997,0.19271089999999977,0.18481742499999987,0.18621711666666654,2.7993833333333495,32.952710416666534
0.23266666666666666,0.15312589999999998,0.18093456666666663,0.1940250666666665,0.18747981666666658,0.17676429999999999,0.1925705999999998,0.1846674499999999,0.18607363333333324,2.812366666666677,32.947733333333254
0.23299999999999998,0.15298522777777776,0.18077644999999995,0.1939091999999998,0.18734282499999988,0.17660464999999997,0.19243029999999978,0.18451747499999988,0.18593014999999988,2.8253500000000042,32.94492222222212
0.23333333333333334,0.15287041666666665,0.18061833333333327,0.19379333333333315,0.1872058333333332,0.176445,0.19228999999999977,0.18436749999999988,0.18578666666666654,2.8383333333333316,32.9162499999999
0.23366666666666666,0.15274101319444444,0.18046021666666662,0.1936774666666665,0.18706884166666654,0.17628534999999998,0.19214969999999978,0.18421752499999988,0.1856431833333332,2.851316666666659,32.90217013888877
0.23399999999999999,0.15262690555555555,0.18030209999999997,0.19356159999999983,0.1869318499999999,0.1761257,0.19200939999999977,0.18406754999999989,0.18549969999999988,2.8643000000000143,32.872794444444324
0.23433333333333334,0.15250685069444445,0.18014398333333329,0.19344573333333315,0.1867948583333332,0.17596604999999998,0.19186909999999976,0.1839175749999999,0.18535621666666655,2.8772833333333137,32.8493659722221
0.23466666666666666,0.1523907,0.1799858666666666,0.1933298666666665,0.18665786666666656,0.17580639999999997,0.19172879999999978,0.18376759999999986,0.1852127333333332,2.8902666666666965,32.82203333333322
0.235,0.1522547048611111,0.17982774999999995,0.19321399999999983,0.1865208749999999,0.17564675,0.19159049999999983,0.18361862499999992,0.18506974999999992,2.9022499999999676,32.815045138888834
0.23533333333333334,0.1521274472222222,0.17966963333333327,0.19309813333333314,0.18638388333333322,0.17548709999999998,0.1914745999999998,0.1834808499999999,0.18493236666666657,2.9030333333333322,32.80491944444436
0.23566666666666666,0.15198096874999997,0.17951151666666662,0.19298226666666649,0.18624689166666655,0.17532745,0.19135869999999983,0.1833430749999999,0.18479498333333322,2.903816666666642,32.81401458333325
0.236,0.15185325,0.17935339999999994,0.19286639999999983,0.18610989999999988,0.17516779999999998,0.19124279999999982,0.1832052999999999,0.1846575999999999,2.9045999999999794,32.8043499999999
0.2363333333333333,0.1517288173611111,0.1791952833333333,0.19275053333333317,0.18597290833333324,0.17500815,0.19112689999999982,0.1830675249999999,0.18452021666666657,2.9053833333333445,32.791399305555466
0.23666666666666666,0.1516071875,0.1790371666666666,0.19263466666666648,0.18583591666666655,0.17485199999999998,0.19101099999999982,0.1829314999999999,0.18438370833333323,2.9044166666666316,32.77652083333324
0.237,0.15148571875,0.17887904999999996,0.19251879999999982,0.1856989249999999,0.17470319999999998,0.19089509999999982,0.1827991499999999,0.1842490374999999,2.8997749999999933,32.76331874999991
0.2373333333333333,0.1513568027777778,0.1787209333333333,0.19240293333333316,0.18556193333333323,0.1745544,0.19077919999999982,0.1826667999999999,0.18411436666666658,2.8951333333333276,32.75756388888878
0.23766666666666666,0.15123965625,0.17856281666666662,0.19228706666666648,0.18542494166666657,0.1744056,0.1906632999999998,0.1825344499999999,0.18397969583333323,2.8904916666666614,32.74003958333324
0.238,0.15111622916666667,0.17840469999999994,0.19217119999999982,0.18528794999999987,0.1742568,0.1905473999999998,0.1824020999999999,0.18384502499999988,2.8858499999999676,32.728795833333216
0.2383333333333333,0.15101089236111112,0.1782465833333333,0.19205533333333316,0.18515095833333323,0.17410799999999998,0.19043149999999984,0.1822697499999999,0.18371035416666656,2.8812083333333294,32.699461805555444
0.23866666666666667,0.150891425,0.1780884666666666,0.1919394666666665,0.18501396666666656,0.17395919999999998,0.19031559999999983,0.1821373999999999,0.18357568333333324,2.8765666666666636,32.68425833333325
0.239,0.15074909930555552,0.17793034999999996,0.19182359999999982,0.1848769749999999,0.17381039999999998,0.19019969999999983,0.1820050499999999,0.1834410124999999,2.8719249999999974,32.69191319444437
0.23933333333333331,0.15063944583333333,0.17777223333333328,0.19170773333333316,0.18473998333333322,0.1736616,0.19008379999999983,0.18187269999999991,0.18330634166666657,2.8672833333333037,32.666895833333236
0.23966666666666667,0.15049247777777777,0.17761411666666663,0.1915918666666665,0.18460299166666655,0.17351279999999997,0.18996789999999983,0.18174034999999988,0.18317167083333322,2.8626416666666654,32.679193055555444
0.24,0.1503710694444444,0.17745599999999995,0.19147599999999984,0.1844659999999999,0.173364,0.18985199999999983,0.1816079999999999,0.1830369999999999,2.8579999999999997,32.6659305555555
0.24033333333333332,0.15024745,0.1772978833333333,0.19136013333333318,0.18432900833333324,0.17321519999999999,0.18973609999999982,0.1814756499999999,0.18290232916666657,2.8533583333333334,32.65487916666657
0.24066666666666667,0.15014131805555553,0.17713976666666661,0.1912442666666665,0.18419201666666657,0.17306639999999998,0.18962019999999982,0.1813432999999999,0.18276765833333325,2.8487166666666672,32.62634027777772
0.241,0.15002609305555556,0.17698164999999996,0.19112839999999984,0.1840550249999999,0.17291759999999998,0.18950429999999982,0.1812109499999999,0.1826329874999999,2.8440750000000015,32.60689444444434
0.24133333333333332,0.14994005833333335,0.17682353333333328,0.19101253333333318,0.18391803333333323,0.1727688,0.18938839999999985,0.18107859999999992,0.18249831666666658,2.8394333333333077,32.55825833333323
0.24166666666666667,0.14977984374999997,0.1766654166666666,0.1908966666666665,0.18378104166666653,0.17261999999999997,0.18927249999999982,0.1809462499999999,0.1823636458333332,2.834791666666642,32.583802083333225
0.242,0.14970039999999998,0.17650729999999995,0.19078079999999983,0.1836440499999999,0.1724712,0.18915659999999984,0.18081389999999992,0.1822289749999999,2.8301499999999757,32.52857499999992
0.24233333333333332,0.1495543701388889,0.1763491833333333,0.19066493333333318,0.18350705833333325,0.1723224,0.18904069999999984,0.1806815499999999,0.18209430416666658,2.8255083333333375,32.53993402777769
0.24266666666666667,0.14947355,0.17619106666666662,0.1905490666666665,0.18337006666666655,0.17217359999999998,0.18892479999999984,0.1805491999999999,0.18195963333333323,2.8208666666666438,32.48608333333322
0.243,0.14935774791666667,0.17603294999999997,0.19043319999999983,0.1832330749999999,0.17202479999999998,0.18880889999999984,0.1804168499999999,0.1818249624999999,2.8162250000000055,32.46721458333324
0.24333333333333332,0.14925595138888892,0.17587483333333329,0.19031733333333317,0.18309608333333321,0.17187599999999997,0.18869299999999983,0.1802844999999999,0.18169029166666656,2.811583333333312,32.43434027777764
0.24366666666666667,0.14913451527777777,0.1757167166666666,0.1902014666666665,0.18295909166666657,0.17172719999999997,0.18857709999999983,0.1801521499999999,0.18155562083333324,2.8069416666666736,32.42110555555547
0.244,0.14900987499999999,0.17555859999999995,0.19008559999999983,0.18282209999999988,0.1715784,0.18846119999999983,0.1800197999999999,0.1814209499999999,2.80229999999998,32.4110749999999
0.24433333333333332,0.14890440763888887,0.1754004833333333,0.18996973333333317,0.18268510833333323,0.1714296,0.18834529999999983,0.1798874499999999,0.18128627916666656,2.7976583333333416,32.38187152777769
0.24466666666666667,0.14876604166666665,0.17524236666666662,0.1898538666666665,0.18254811666666657,0.17128079999999998,0.18822939999999982,0.1797550999999999,0.18115160833333321,2.7930166666666754,32.38556666666656
0.245,0.14865959374999999,0.17508424999999994,0.18973799999999985,0.1824111249999999,0.17113199999999998,0.18811349999999985,0.17962274999999991,0.18101693749999992,2.7883749999999816,32.357343749999934
0.24533333333333332,0.14856170000000005,0.1749261333333333,0.18962213333333316,0.18227413333333323,0.17098319999999997,0.18799759999999985,0.1794903999999999,0.18088226666666657,2.783733333333316,32.32056666666652
0.24566666666666667,0.14845894652777777,0.1747680166666666,0.1895062666666665,0.18213714166666656,0.17083439999999997,0.18788169999999985,0.1793580499999999,0.18074759583333322,2.77909166666665,32.288649305555445
0.246,0.1483420513888889,0.17461754999999995,0.18939039999999985,0.1820039749999999,0.1706856,0.18776579999999984,0.17922569999999993,0.1806148374999999,2.7782749999999687,32.27278611111101
0.24633333333333332,0.14821896875,0.17447285833333329,0.1892745333333332,0.18187369583333324,0.1705368,0.18764989999999984,0.17909334999999993,0.18048352291666658,2.7803458333333086,32.26455416666657
0.24666666666666665,0.14811472222222224,0.17432816666666665,0.1891586666666665,0.18174341666666657,0.17038799999999998,0.18753399999999984,0.17896099999999993,0.18035220833333326,2.7824166666666486,32.23748611111102
0.247,0.14801814027777777,0.17418347499999995,0.18904279999999984,0.1816131374999999,0.17023919999999998,0.18741809999999984,0.17882864999999992,0.18022089374999992,2.784487499999988,32.20275347222215
0.24733333333333332,0.14789769305555558,0.1740387833333333,0.18892693333333319,0.18148285833333325,0.17009039999999997,0.18730219999999984,0.17869629999999992,0.18008957916666657,2.7865583333333275,32.19188611111098
0.24766666666666665,0.14779335,0.17389409166666664,0.18881106666666653,0.18135257916666658,0.1699416,0.18718629999999986,0.17856394999999992,0.17995826458333325,2.7886291666666674,32.16491458333326
0.248,0.1476956583333333,0.17374939999999997,0.18869519999999984,0.1812222999999999,0.16979279999999997,0.18707039999999983,0.1784315999999999,0.1798269499999999,2.7906999999999793,32.13129166666659
0.24833333333333332,0.1475737083333333,0.1736047083333333,0.18857933333333318,0.18109202083333326,0.169644,0.18695449999999986,0.1782992499999999,0.17969563541666658,2.7927708333333467,32.121927083333276
0.24866666666666665,0.1474893375,0.17346001666666663,0.18846346666666652,0.18096174166666656,0.16949519999999998,0.18683859999999985,0.1781668999999999,0.17956432083333324,2.7948416666666587,32.07498333333322
0.249,0.14739887083333333,0.17331532499999996,0.18834759999999984,0.1808314624999999,0.16934639999999998,0.18672269999999985,0.1780345499999999,0.17943300624999992,2.7969124999999986,32.03413541666658
0.24933333333333332,0.14730023611111112,0.1731706333333333,0.18823173333333318,0.18070118333333324,0.16919759999999998,0.18660679999999985,0.1779021999999999,0.17930169166666657,2.798983333333338,32.001455555555445
0.24966666666666665,0.14715951249999998,0.17302594166666663,0.18811586666666652,0.18057090416666657,0.1690488,0.18649089999999985,0.17776984999999992,0.17917037708333325,2.80105416666665,32.01086458333327
0.25,0.14704878472222224,0.17288124999999996,0.18799999999999983,0.1804406249999999,0.16889999999999997,0.18637499999999985,0.1776374999999999,0.1790390624999999,2.8031250000000174,31.99027777777766
0.25033333333333335,0.14695014236111112,0.1727365583333333,0.18787533333333317,0.18030594583333323,0.16875119999999996,0.18625909999999984,0.1775051499999999,0.17890554791666657,2.800795833333342,31.955405555555455
0.25066666666666665,0.14685353055555558,0.17259186666666665,0.1877506666666665,0.18017126666666658,0.16860239999999999,0.18614319999999987,0.17737279999999994,0.17877203333333325,2.798466666666638,31.918502777777665
0.251,0.14677028749999999,0.17244717499999995,0.18762599999999985,0.1800365874999999,0.16845359999999998,0.18602729999999984,0.1772404499999999,0.17863851874999992,2.7961374999999897,31.868231249999933
0.2513333333333333,0.14667880000000003,0.1723024833333333,0.1875013333333332,0.17990190833333325,0.1683048,0.18591139999999987,0.17710809999999994,0.1785050041666666,2.793808333333314,31.826204166666567
0.25166666666666665,0.14657662500000002,0.17215779166666664,0.1873766666666665,0.17976722916666657,0.16815599999999997,0.18579549999999986,0.17697574999999993,0.17837148958333326,2.7914791666666385,31.79486458333325
0.252,0.14647637500000002,0.17201309999999997,0.18725199999999984,0.1796325499999999,0.16800719999999997,0.18567959999999986,0.17684339999999993,0.1782379749999999,2.7891499999999625,31.76159999999989
0.2523333333333333,0.1463820506944445,0.1718684083333333,0.18712733333333317,0.17949787083333324,0.1678584,0.18556369999999986,0.17671104999999993,0.17810446041666658,2.7868208333333144,31.722409722222096
0.25266666666666665,0.1462842986111111,0.17172371666666664,0.1870026666666665,0.1793631916666666,0.1677096,0.18544779999999986,0.17657869999999992,0.17797094583333326,2.7844916666666664,31.686647222222142
0.253,0.14618496180555554,0.17157902499999997,0.18687799999999985,0.1792285124999999,0.16756079999999998,0.18533189999999986,0.17644634999999992,0.1778374312499999,2.7821624999999903,31.65246944444436
0.2533333333333333,0.1460845,0.17143433333333333,0.1867533333333332,0.17909383333333326,0.16741199999999998,0.18521599999999988,0.17631399999999992,0.17770391666666657,2.7798333333333423,31.619416666666567
0.25366666666666665,0.14599869305555557,0.17128964166666666,0.1866286666666665,0.17895915416666658,0.16726319999999997,0.18510009999999985,0.1761816499999999,0.17757040208333325,2.7775041666666667,31.571709027777672
0.254,0.14590986805555559,0.17114494999999996,0.18650399999999984,0.1788244749999999,0.16711439999999997,0.18498419999999985,0.1760492999999999,0.17743688749999992,2.775174999999991,31.52701944444433
0.2543333333333333,0.14583166250000001,0.17100025833333332,0.18637933333333317,0.17868979583333325,0.1669656,0.18486829999999987,0.17591694999999993,0.1773033729166666,2.772845833333315,31.471710416666575
0.25466666666666665,0.14571975,0.17085556666666665,0.1862546666666665,0.17855511666666657,0.1668168,0.18475239999999987,0.17578459999999993,0.17716985833333326,2.770516666666639,31.450108333333255
0.255,0.14563129861111113,0.17071087499999998,0.18612999999999985,0.17842043749999992,0.16666799999999998,0.18463649999999987,0.17565224999999993,0.17703634374999994,2.768187499999991,31.40504513888881
0.2553333333333333,0.14555299166666666,0.17056618333333332,0.1860053333333332,0.17828575833333327,0.16651919999999998,0.18452059999999987,0.17551989999999992,0.1769028291666666,2.765858333333343,31.34983749999995
0.25566666666666665,0.14546615000000002,0.17042149166666665,0.1858806666666665,0.17815107916666656,0.16637039999999997,0.18440469999999987,0.17538754999999992,0.17676931458333323,2.7635291666666397,31.30316458333321
0.256,0.1453662777777778,0.17027679999999998,0.18575599999999984,0.1780163999999999,0.16622159999999997,0.18428879999999986,0.17525519999999992,0.1766357999999999,2.7611999999999917,31.269522222222097
0.2563333333333333,0.14526722083333335,0.17013210833333334,0.18563133333333318,0.17788172083333326,0.1660728,0.18417289999999986,0.17512284999999994,0.1765022854166666,2.7588708333333156,31.235064583333248
0.25666666666666665,0.14517142361111113,0.16998741666666664,0.18550666666666651,0.17774704166666658,0.165924,0.18405699999999986,0.17499049999999994,0.17636877083333324,2.7565416666666396,31.197347222222117
0.257,0.14506995,0.16984272499999997,0.18538199999999985,0.1776123624999999,0.16577519999999998,0.18393102499999983,0.1748531124999999,0.1762327374999999,2.759249999999991,31.1627874999999
0.2573333333333333,0.14497898333333337,0.16969803333333333,0.1852573333333332,0.17747768333333325,0.16562639999999998,0.18379529999999986,0.17471084999999992,0.17609426666666658,2.7668333333333295,31.115283333333217
0.25766666666666665,0.14491716875,0.16955334166666666,0.1851326666666665,0.1773430041666666,0.16547759999999997,0.18365957499999985,0.17456858749999993,0.17595579583333326,2.774416666666668,31.03862708333327
0.258,0.1448243111111111,0.16940864999999997,0.18500799999999984,0.1772083249999999,0.16532879999999997,0.18352384999999985,0.1744263249999999,0.1758173249999999,2.7819999999999787,30.99301388888881
0.2583333333333333,0.14472439236111115,0.16926395833333333,0.18488333333333318,0.17707364583333324,0.16519124999999998,0.18338812499999985,0.1742896874999999,0.17568166666666657,2.783958333333336,30.957274305555423
0.25866666666666666,0.144644575,0.16911926666666666,0.18475866666666652,0.1769389666666666,0.1650564,0.18325239999999984,0.17415439999999993,0.17554668333333326,2.7845666666666546,30.90210833333326
0.259,0.14455065,0.168974575,0.18463399999999985,0.17680428749999993,0.16492154999999997,0.18311667499999984,0.1740191124999999,0.17541169999999992,2.7851750000000286,30.861049999999917
0.2593333333333333,0.1444563638888889,0.16882988333333332,0.1845093333333332,0.17666960833333326,0.16478669999999998,0.18298094999999986,0.17388382499999994,0.1752767166666666,2.7857833333333195,30.8203527777777
0.25966666666666666,0.14437928819444443,0.16868519166666665,0.1843846666666665,0.17653492916666658,0.16465185,0.18284522499999986,0.1737485374999999,0.17514173333333324,2.7863916666666655,30.762445138888815
0.26,0.14430583333333333,0.16854049999999998,0.18425999999999984,0.17640024999999993,0.16451699999999997,0.18270949999999983,0.17361324999999989,0.1750067499999999,2.7870000000000394,30.70091666666658
0.2603333333333333,0.14422286874999998,0.16839580833333334,0.18413533333333318,0.17626557083333327,0.16438215,0.18257377499999985,0.17347796249999992,0.1748717666666666,2.787608333333358,30.648897916666613
0.26066666666666666,0.14414660833333334,0.16825111666666664,0.18401066666666652,0.17613089166666657,0.16424729999999998,0.18243804999999985,0.17334267499999992,0.17473678333333326,2.7882166666666484,30.590174999999913
0.261,0.14406023125,0.16810642499999998,0.18388599999999986,0.17599621249999992,0.16411244999999997,0.18230232499999985,0.17320738749999992,0.17460179999999992,2.788824999999995,30.541568749999914
0.2613333333333333,0.14398270277777778,0.16796173333333334,0.1837613333333332,0.17586153333333326,0.1639776,0.18216659999999985,0.17307209999999992,0.17446681666666658,2.789433333333341,30.484113888888803
0.26166666666666666,0.14390925694444445,0.16781704166666667,0.1836366666666665,0.17572685416666659,0.16384274999999998,0.18203087499999984,0.17293681249999993,0.17433183333333324,2.790041666666659,30.42257638888879
0.262,0.1438092,0.16767235,0.18351199999999984,0.1755921749999999,0.1637079,0.18189514999999984,0.1728015249999999,0.1741968499999999,2.7906500000000056,30.387649999999905
0.2623333333333333,0.14370769791666668,0.16752765833333333,0.18338733333333318,0.17545749583333325,0.16357305,0.18175942499999986,0.17266623749999993,0.1740618666666666,2.791258333333324,30.35416874999991
0.26266666666666666,0.14363058888888888,0.16738296666666666,0.18326266666666652,0.1753228166666666,0.16343819999999998,0.18162369999999986,0.1725309499999999,0.17392688333333325,2.791866666666698,30.29629444444437
0.263,0.14358094999999998,0.167238275,0.18313799999999986,0.17518813749999992,0.16330334999999999,0.18148797499999983,0.1723956624999999,0.17379189999999992,2.7924750000000165,30.21094999999993
0.2633333333333333,0.1435113125,0.16709358333333335,0.1830133333333332,0.17505345833333327,0.1631685,0.18135224999999985,0.1722603749999999,0.1736569166666666,2.793083333333363,30.14560416666662
0.26366666666666666,0.1434307347222222,0.16694889166666665,0.18288866666666653,0.1749187791666666,0.16303364999999997,0.18121652499999985,0.1721250874999999,0.17352193333333327,2.793691666666681,30.091198611111064
0.264,0.1433420111111111,0.16680419999999999,0.18276399999999984,0.17478409999999991,0.16289879999999998,0.18108079999999985,0.17198979999999991,0.17338694999999993,2.7943,30.044938888888815
0.2643333333333333,0.14326514305555554,0.16665950833333334,0.18263933333333318,0.17464942083333326,0.16276395,0.18094507499999984,0.17185451249999992,0.1732519666666666,2.7949083333333458,29.986823611111046
0.26466666666666666,0.1431860375,0.16651481666666668,0.18251466666666652,0.17451474166666658,0.1626291,0.18080934999999984,0.17171922499999992,0.17311698333333325,2.795516666666664,29.93094583333325
0.265,0.14311253125,0.16637012499999998,0.18238999999999986,0.17438006249999993,0.16249424999999998,0.18067362499999984,0.1715839374999999,0.1729819999999999,2.796125000000038,29.869468749999907
0.2653333333333333,0.14303660833333331,0.16622543333333334,0.1822653333333332,0.17424538333333328,0.1623594,0.18053789999999986,0.17144864999999992,0.1728470166666666,2.7967333333333566,29.81040833333329
0.26566666666666666,0.14296676041666667,0.16608074166666667,0.18214066666666653,0.1741107041666666,0.16222455,0.18040217499999986,0.17131336249999993,0.17271203333333326,2.797341666666675,29.745272916666593
0.266,0.14289086805555556,0.16593605,0.18201599999999984,0.17397602499999992,0.16208969999999998,0.18026644999999986,0.17117807499999993,0.17257704999999993,2.7979499999999935,29.68618194444436
0.2663333333333333,0.14279655000000002,0.16579135833333333,0.18189133333333318,0.17384134583333327,0.16195484999999998,0.18013072499999985,0.1710427874999999,0.1724420666666666,2.7985583333333675,29.645516666666566
0.26666666666666666,0.142730625,0.16564666666666666,0.18176666666666652,0.1737066666666666,0.16182,0.17999499999999985,0.17090749999999993,0.17230708333333328,2.7991666666666584,29.576458333333278
0.267,0.14266954305555554,0.165501975,0.18164199999999986,0.1735719874999999,0.16168514999999997,0.17985927499999985,0.1707722124999999,0.1721720999999999,2.7997750000000043,29.50255694444437
0.2673333333333333,0.14259265555555556,0.16535728333333335,0.1815173333333332,0.17343730833333326,0.1615503,0.17972354999999987,0.17063692499999994,0.1720371166666666,2.800383333333323,29.444461111111043
0.26766666666666666,0.14251510624999997,0.16521259166666669,0.18139266666666654,0.1733026291666666,0.16141545,0.17958782499999984,0.17050163749999991,0.17190213333333326,2.8009916666666967,29.387027083333294
0.268,0.1424279638888889,0.1650679,0.18126799999999985,0.1731679499999999,0.16128059999999997,0.17945209999999984,0.1703663499999999,0.1717671499999999,2.801600000000015,29.339186111110998
0.2683333333333333,0.14234934375,0.164931125,0.18114333333333318,0.17303722916666658,0.16114575,0.17931637499999986,0.17023106249999992,0.17163414583333325,2.806166666666665,29.284802083333254
0.26866666666666666,0.14228779583333334,0.16480135,0.18101866666666652,0.17291000833333325,0.16101089999999998,0.17918064999999986,0.17009577499999992,0.1715028916666666,2.8142333333333323,29.215095833333258
0.269,0.1422167125,0.164671575,0.18089399999999986,0.17278278749999992,0.16087605,0.17904492499999985,0.16996048749999992,0.17137163749999992,2.8223,29.154924999999913
0.2693333333333333,0.14213190000000003,0.16454180000000002,0.1807693333333332,0.1726555666666666,0.1607412,0.17890919999999985,0.16982519999999993,0.17124038333333325,2.8303666666666674,29.10848333333321
0.26966666666666667,0.14208198125,0.16441202500000002,0.18064466666666654,0.17252834583333326,0.16060634999999998,0.17877347499999985,0.16968991249999993,0.1711091291666666,2.8384333333333345,29.027147916666607
0.27,0.14202415277777777,0.16428225,0.18051999999999985,0.17240112499999993,0.1604715,0.17863774999999985,0.1695546249999999,0.17097787499999992,2.8465000000000296,28.953722222222144
0.2703333333333333,0.14193160069444447,0.16415247500000002,0.18039533333333319,0.1722739041666666,0.16033665,0.17850202499999987,0.16941933749999993,0.17084662083333327,2.854566666666669,28.915020138888803
0.27066666666666667,0.14186695,0.1640227,0.18027066666666652,0.17214668333333327,0.16020179999999998,0.17836629999999987,0.1692840499999999,0.1707153666666666,2.8626333333333642,28.848416666666598
0.271,0.14179946180555555,0.163892925,0.18014599999999986,0.17201946249999994,0.16006694999999999,0.17823057499999984,0.1691487624999999,0.17058411249999994,2.8707000000000313,28.784650694444387
0.2713333333333333,0.1417284125,0.16376315000000002,0.1800213333333332,0.1718922416666666,0.1599321,0.17809484999999986,0.1690134749999999,0.17045285833333326,2.878766666666699,28.724445833333252
0.27166666666666667,0.14164789583333331,0.163633375,0.17989666666666654,0.17176502083333328,0.15979725,0.17795912499999986,0.16887818749999994,0.1703216041666666,2.8868333333333385,28.6737083333333
0.27199999999999996,0.14159385,0.16350360000000003,0.17977199999999988,0.17163779999999995,0.1596624,0.17782339999999988,0.16874289999999995,0.17019034999999993,2.894900000000006,28.596499999999942
0.2723333333333333,0.14151196875,0.163373825,0.17964733333333321,0.17151057916666662,0.15952755,0.17768767499999985,0.16860761249999992,0.17005909583333328,2.9029666666667007,28.54712708333329
0.27266666666666667,0.14144167500000002,0.16324405,0.17952266666666652,0.17138335833333326,0.1593927,0.17755194999999985,0.16847232499999992,0.16992784166666658,2.9110333333333402,28.486166666666563
0.27299999999999996,0.14137911666666664,0.16311427500000003,0.17939919999999987,0.17125673749999995,0.15925785,0.17741622499999987,0.16833703749999995,0.16979688749999994,2.919699999999997,28.4177708333333
0.2733333333333333,0.141317625,0.1629845,0.17927599999999988,0.17113024999999993,0.15912300000000001,0.17728049999999987,0.16820174999999993,0.16966599999999993,2.9285000000000005,28.348374999999926
0.27366666666666667,0.14125449375,0.162854725,0.17915279999999986,0.17100376249999993,0.15898815,0.17714477499999987,0.16806646249999993,0.16953511249999992,2.937300000000004,28.28061874999993
0.27399999999999997,0.14116736805555558,0.16272495,0.17902959999999987,0.17087727499999994,0.1588533,0.17700904999999986,0.16793117499999993,0.16940422499999994,2.946100000000007,28.236856944444362
0.2743333333333333,0.14111186875,0.162595175,0.17890639999999985,0.17075078749999995,0.15871845,0.17687332499999986,0.16779588749999994,0.16927333749999995,2.95490000000001,28.161468749999948
0.27466666666666667,0.14105585,0.1624654,0.17878319999999986,0.17062429999999995,0.1585836,0.17673759999999986,0.16766059999999994,0.16914244999999994,2.9637000000000135,28.086599999999933
0.27499999999999997,0.14097078125000004,0.162335625,0.17865999999999987,0.17049781249999996,0.15844875,0.17660187499999988,0.16752531249999994,0.16901156249999993,2.972500000000017,28.040781249999895
0.2753333333333333,0.140895475,0.16220585,0.17853679999999986,0.17037132499999993,0.1583139,0.17646614999999988,0.16739002499999994,0.16888067499999992,2.981299999999992,27.98519999999993
0.27566666666666667,0.14085376249999998,0.16207607500000001,0.17841359999999987,0.17024483749999994,0.15817905,0.17633042499999985,0.16725473749999992,0.16874978749999991,2.990100000000023,27.896024999999934
0.27599999999999997,0.14077744999999997,0.16194630000000002,0.17829039999999988,0.17011834999999995,0.15804420000000002,0.17619469999999987,0.16711944999999995,0.16861889999999996,2.998899999999999,27.84144999999999
0.2763333333333333,0.14070967013888885,0.16181652500000002,0.17816719999999986,0.16999186249999992,0.15790935,0.17605897499999987,0.16698416249999992,0.16848801249999992,3.007700000000002,27.77834236111107
0.27666666666666667,0.14065828472222222,0.16168675,0.17804399999999987,0.16986537499999993,0.15777449999999998,0.17592324999999986,0.16684887499999992,0.16835712499999994,3.016500000000005,27.69884027777772
0.27699999999999997,0.14058193125,0.16155697500000002,0.17792079999999988,0.16973888749999994,0.15763965000000002,0.17578752499999986,0.16671358749999993,0.16822623749999993,3.0253000000000085,27.644306249999946
0.2773333333333333,0.14051216388888887,0.16142720000000002,0.17779759999999986,0.16961239999999994,0.1575048,0.17565179999999986,0.16657829999999993,0.16809534999999992,3.034100000000012,27.583186111111047
0.2776666666666667,0.1404441125,0.161297425,0.17767439999999987,0.16948591249999995,0.15736995,0.17551607499999985,0.16644301249999993,0.16796446249999994,3.042900000000015,27.520349999999944
0.27799999999999997,0.14040865,0.16116765000000002,0.17755119999999988,0.16935942499999995,0.15723510000000002,0.17538034999999988,0.16630772499999996,0.16783357499999996,3.0516999999999905,27.424924999999963
0.2783333333333333,0.1403300208333333,0.161037875,0.17742799999999986,0.16923293749999993,0.15710025,0.17524462499999988,0.16617243749999994,0.16770268749999995,3.060499999999994,27.372666666666657
0.2786666666666667,0.14025736944444445,0.1609081,0.17730479999999987,0.16910644999999994,0.1569654,0.17510889999999985,0.1660371499999999,0.16757179999999994,3.069300000000025,27.31443055555549
0.27899999999999997,0.14019800625,0.16077832500000003,0.17718159999999988,0.16897996249999997,0.15683055,0.1750002499999999,0.16591539999999996,0.16744768124999998,3.0645625000000063,27.249674999999975
0.2793333333333333,0.14013433611111112,0.16064855,0.17705839999999987,0.16885347499999992,0.1566957,0.1748934999999999,0.16579459999999996,0.16732403749999994,3.058874999999961,27.18970138888882
0.2796666666666667,0.14008129375,0.160518775,0.17693519999999985,0.16872698749999993,0.15657075,0.17478674999999988,0.16567874999999993,0.16720286874999993,3.048237499999995,27.121574999999925
0.27999999999999997,0.14001049999999998,0.160389,0.17681199999999989,0.16860049999999993,0.15647,0.1746799999999999,0.16557499999999994,0.16708774999999992,3.0254999999999868,27.077249999999943
0.2803333333333333,0.13992916249999998,0.160259225,0.17668879999999987,0.16847401249999994,0.15636925000000002,0.1745732499999999,0.16547124999999996,0.16697263124999995,3.002762499999978,27.043468749999967
0.2806666666666667,0.13988192222222223,0.16012945,0.17656559999999985,0.16834752499999994,0.1562685,0.17446649999999989,0.16536749999999995,0.16685751249999994,2.9800249999999973,26.975590277777712
0.28099999999999997,0.13983678819444445,0.159999675,0.17644239999999986,0.16822103749999995,0.15616775,0.1743597499999999,0.16526374999999993,0.16674239374999994,2.9572875000000165,26.90560555555549
0.2813333333333333,0.139766525,0.1598699,0.17631919999999987,0.16809454999999995,0.156067,0.1742529999999999,0.16515999999999997,0.16662727499999996,2.9345499999999802,26.86074999999996
0.2816666666666667,0.13969938194444442,0.159740125,0.17619599999999985,0.16796806249999993,0.15596625,0.1741462499999999,0.16505624999999996,0.16651215624999993,2.9118124999999715,26.812774305555507
0.282,0.13964559999999998,0.15961035,0.17607279999999986,0.16784157499999994,0.15586550000000002,0.1740394999999999,0.16495249999999995,0.16639703749999996,2.889074999999991,26.751437499999973
0.2823333333333333,0.1395642875,0.159480575,0.17594959999999987,0.16771508749999994,0.15576475,0.17393274999999989,0.16484874999999993,0.16628191874999992,2.86633750000001,26.71763124999993
0.2826666666666667,0.13951702500000002,0.15935080000000001,0.17582639999999986,0.16758859999999992,0.155664,0.1738259999999999,0.16474499999999995,0.16616679999999995,2.8435999999999737,26.64977499999993
0.283,0.13945256875,0.15922102500000002,0.17570319999999987,0.16746211249999993,0.15556325000000001,0.1737192499999999,0.16464124999999996,0.16605168124999994,2.8208624999999654,26.59911249999994
0.2833333333333333,0.13938944444444445,0.15909125000000002,0.17557999999999988,0.16733562499999993,0.1554625,0.1736124999999999,0.16453749999999995,0.16593656249999994,2.7981249999999847,26.547118055555487
0.2836666666666667,0.13932789375000001,0.158961475,0.17545679999999986,0.16720913749999994,0.15536175,0.17350574999999988,0.16443374999999993,0.16582144374999994,2.775387500000004,26.49354999999992
0.284,0.13928942777777775,0.15883170000000002,0.17533359999999987,0.16708264999999994,0.155261,0.1733989999999999,0.16432999999999995,0.16570632499999993,2.7526499999999956,26.41689722222218
0.2843333333333333,0.13920536458333335,0.15870192500000002,0.17521039999999988,0.16695616249999995,0.15516025,0.1732922499999999,0.16422624999999996,0.16559120624999996,2.729912499999987,26.385841666666604
0.2846666666666667,0.1391619,0.15857215,0.17508719999999986,0.16682967499999993,0.1550595,0.17318549999999988,0.16412249999999995,0.16547608749999992,2.707174999999978,26.314187499999917
0.285,0.1390889375,0.15844237500000002,0.17496399999999987,0.16670318749999996,0.15495875,0.1730787499999999,0.16401874999999994,0.16536096874999995,2.6844375000000253,26.272031249999937
0.2853333333333333,0.13902257499999998,0.1583126,0.17484079999999985,0.1665766999999999,0.154858,0.1729719999999999,0.16391499999999995,0.16524584999999992,2.6616999999999615,26.223274999999933
0.2856666666666667,0.13896633888888887,0.158182825,0.17471759999999986,0.16645021249999992,0.15475724999999999,0.1728652499999999,0.16381124999999994,0.16513073124999994,2.6389624999999803,26.164392361111066
0.286,0.13892848472222222,0.15805305000000003,0.17459439999999987,0.16632372499999995,0.1546565,0.1727584999999999,0.16370749999999995,0.16501561249999996,2.616225,26.087127777777745
0.28633333333333333,0.13885355000000002,0.157923275,0.17447119999999985,0.16619723749999993,0.15455575,0.17265174999999988,0.16360374999999994,0.16490049374999993,2.5934874999999913,26.04694374999991
0.2866666666666667,0.13878237499999999,0.1577935,0.17434799999999986,0.16607074999999993,0.154455,0.1725449999999999,0.16349999999999995,0.16478537499999996,2.5707499999999825,26.00299999999997
0.287,0.13874549375,0.157663725,0.17422479999999987,0.16594426249999994,0.15435425,0.1724382499999999,0.16339624999999997,0.16467025624999995,2.5480124999999743,25.924762499999947
0.28733333333333333,0.13867819999999997,0.15753395,0.17410159999999986,0.16581777499999995,0.15425350000000002,0.1723314999999999,0.16329249999999995,0.16455513749999995,2.5252749999999935,25.876937499999976
0.2876666666666667,0.1386271125,0.157404175,0.17397839999999987,0.16569128749999995,0.15415275,0.1722247499999999,0.16318874999999994,0.16444001874999994,2.5025375000000127,25.812906249999934
0.288,0.13857868888888886,0.1572744,0.17385519999999988,0.16556479999999996,0.15405200000000002,0.1721179999999999,0.16308499999999998,0.16432489999999997,2.4797999999999765,25.746211111111112
0.28833333333333333,0.13851012152777778,0.157144625,0.17373199999999986,0.16543831249999993,0.15395125,0.1720112499999999,0.16298124999999997,0.16420978124999996,2.457062499999968,25.699659722222183
0.2886666666666667,0.13845,0.15701485,0.17360879999999987,0.16531182499999994,0.1538505,0.17190449999999988,0.16287749999999995,0.16409466249999993,2.434324999999987,25.644662499999942
0.289,0.13840787708333332,0.156885075,0.17348559999999988,0.16518533749999995,0.15374975000000002,0.1717977499999999,0.16277374999999994,0.16397954374999996,2.4115875000000067,25.57166666666663
0.28933333333333333,0.13833104999999998,0.15675530000000001,0.17336239999999986,0.16505884999999992,0.153649,0.1716909999999999,0.16266999999999995,0.16386442499999992,2.3888499999999704,25.533374999999943
0.2896666666666667,0.13827996250000002,0.156625525,0.17323919999999987,0.16493236249999993,0.15354825,0.17158424999999988,0.16256624999999994,0.16374930624999995,2.366112499999989,25.46934374999993
0.29,0.13823122222222223,0.15649575000000002,0.17311599999999988,0.16480587499999994,0.15344750000000001,0.1714774999999999,0.16246249999999995,0.16363418749999994,2.343374999999981,25.402965277777717
0.29033333333333333,0.13816637638888887,0.15636597500000002,0.17299279999999986,0.16467938749999994,0.15334675,0.1713707499999999,0.16235874999999994,0.16351906874999994,2.3206375,25.352692361111067
0.2906666666666667,0.138125,0.15625233333333333,0.17286959999999985,0.16456096666666659,0.153246,0.1712639999999999,0.16225499999999993,0.16340798333333326,2.305966666666659,25.28298333333326
0.291,0.1380650798611111,0.156155375,0.17274639999999988,0.16445088749999995,0.15314525,0.1711572499999999,0.16215124999999997,0.16330106874999994,2.299637499999979,25.235988888888837
0.29133333333333333,0.13799999999999998,0.15605841666666667,0.17262319999999987,0.16434080833333325,0.1530445,0.17105049999999988,0.16204749999999996,0.1631941541666666,2.2933083333332993,25.19415416666662
0.29166666666666663,0.13797638888888888,0.15596145833333336,0.17249999999999988,0.16423072916666662,0.15294375000000002,0.1709437499999999,0.16194374999999994,0.16308723958333327,2.286979166666675,25.11085069444438
0.292,0.13789914999999997,0.15586450000000002,0.17237679999999986,0.16412064999999992,0.152843,0.1708369999999999,0.16183999999999996,0.16298032499999993,2.2806499999999676,25.081174999999956
0.29233333333333333,0.13783626805555554,0.15576754166666668,0.17225359999999987,0.16401057083333326,0.15274225,0.1707302499999999,0.16173624999999994,0.1628734104166666,2.2743208333333156,25.03714236111104
0.29266666666666663,0.1377819625,0.15567058333333333,0.17213039999999988,0.1639004916666666,0.1526415,0.1706234999999999,0.16163249999999996,0.16276649583333327,2.2679916666666355,24.98453333333328
0.293,0.1377200819444444,0.155573625,0.17200719999999986,0.16379041249999993,0.15254075,0.1705167499999999,0.16152874999999994,0.16265958124999993,2.2616624999999835,24.93949930555553
0.29333333333333333,0.13767500000000002,0.15547666666666668,0.17188399999999987,0.16368033333333326,0.15244000000000002,0.1704099999999999,0.16142499999999996,0.16255266666666662,2.2553333333333034,24.877666666666602
0.29366666666666663,0.1376306791666667,0.15537970833333334,0.17176079999999988,0.1635702541666666,0.15233925,0.1703032499999999,0.16132124999999997,0.16244575208333328,2.249004166666624,24.815072916666598
0.294,0.13755445555555554,0.15528275,0.17163759999999986,0.16346017499999993,0.15223850000000003,0.1701964999999999,0.16121749999999996,0.16233883749999994,2.2426749999999718,24.784381944444405
0.29433333333333334,0.13751986875,0.15518579166666666,0.17151439999999987,0.16335009583333326,0.15213775000000002,0.1700897499999999,0.16111374999999994,0.1622319229166666,2.2363458333333197,24.712054166666608
0.29466666666666663,0.13745485,0.15508883333333334,0.17139119999999988,0.1632400166666666,0.15203700000000003,0.1699829999999999,0.16101,0.1621250083333333,2.230016666666612,24.670158333333305
0.295,0.13740248958333334,0.154991875,0.17126799999999986,0.16312993749999993,0.15193625000000002,0.1698762499999999,0.16090624999999997,0.16201809374999995,2.22368749999996,24.61560416666661
0.29533333333333334,0.13734972638888887,0.15489491666666666,0.17114479999999987,0.16301985833333327,0.1518355,0.16976949999999988,0.16080249999999996,0.1619111791666666,2.217358333333308,24.561452777777742
0.29566666666666663,0.13728758819444445,0.15479795833333335,0.17104586666666657,0.16292191249999996,0.15173475000000003,0.1696627499999999,0.16069874999999995,0.16181033124999994,2.223162500000014,24.52274305555549
0.296,0.137270275,0.154701,0.1709607999999999,0.16283089999999995,0.15163400000000002,0.1695559999999999,0.16059499999999996,0.16171294999999997,2.235899999999985,24.44267499999997
0.29633333333333334,0.13720897569444446,0.15460404166666666,0.17087573333333325,0.16273988749999996,0.15153325,0.16944924999999988,0.16049124999999995,0.16161556874999994,2.2486375000000116,24.406593055555483
0.29666666666666663,0.137154,0.15450708333333335,0.1707906666666666,0.16264887499999997,0.15143250000000003,0.1693424999999999,0.16038749999999996,0.16151818749999997,2.26137500000001,24.364187499999968
0.297,0.1371029125,0.154410125,0.1707055999999999,0.16255786249999996,0.15133175000000001,0.1692357499999999,0.16028374999999995,0.16142080624999994,2.274112500000008,24.317893749999932
0.29733333333333334,0.1370367361111111,0.15431316666666667,0.17062053333333324,0.16246684999999994,0.151231,0.1691289999999999,0.16017999999999993,0.16132342499999994,2.286850000000007,24.286688888888825
0.29766666666666663,0.137,0.15421620833333335,0.17053546666666658,0.16237583749999995,0.15113025000000002,0.1690222499999999,0.16007624999999998,0.16122604374999996,2.2995874999999777,24.226043749999953
0.298,0.13695921527777777,0.15411925,0.17045039999999992,0.16228482499999997,0.1510295,0.16891549999999989,0.15997249999999996,0.16112866249999996,2.312325000000004,24.169447222222196
0.29833333333333334,0.1368641875,0.15402229166666667,0.17036533333333323,0.16219381249999995,0.15092875,0.1688087499999999,0.15986874999999995,0.16103128124999994,2.3250625000000023,24.167093749999925
0.29866666666666664,0.13685,0.15392533333333333,0.1702802666666666,0.16210279999999996,0.15082800000000002,0.1687019999999999,0.15976499999999996,0.16093389999999996,2.337800000000001,24.083899999999964
0.299,0.13678714305555556,0.153828375,0.1701951999999999,0.16201178749999995,0.15072725,0.1685952499999999,0.15966124999999995,0.16083651874999993,2.3505374999999997,24.049375694444375
0.29933333333333334,0.1367335875,0.15373141666666668,0.17011013333333325,0.16192077499999996,0.15062650000000002,0.1684884999999999,0.15955749999999996,0.16073913749999996,2.363274999999998,24.00554999999996
0.29966666666666664,0.1367040826388889,0.15363445833333333,0.17002506666666659,0.16182976249999997,0.15052575,0.1683817499999999,0.15945374999999995,0.16064175624999996,2.3760125000000243,23.93767361111107
0.3,0.13661819444444445,0.1535375,0.16993999999999992,0.16173874999999996,0.15042500000000003,0.1682749999999999,0.15934999999999996,0.16054437499999996,2.388749999999995,23.92618055555551
0.30033333333333334,0.13659758125,0.15344054166666665,0.16985493333333324,0.16164773749999994,0.15032425000000002,0.16816824999999988,0.15924624999999995,0.16044699374999993,2.401487499999994,23.849412499999943
0.30066666666666664,0.1365205902777778,0.15334358333333334,0.16976986666666657,0.16155672499999996,0.1502235,0.16807304999999992,0.15914827499999995,0.16035249999999995,2.4084500000000064,23.831909722222157
0.301,0.13646760624999998,0.153246625,0.1696847999999999,0.16146571249999997,0.15012275000000003,0.16799832499999992,0.1590605375,0.16026312499999998,2.4051749999999816,23.795518749999996
0.30133333333333334,0.13642500000000002,0.15314966666666666,0.16959973333333325,0.16137469999999995,0.15002200000000002,0.16792359999999992,0.15897279999999997,0.16017374999999995,2.4018999999999844,23.74874999999993
0.30166666666666664,0.136369125,0.15305270833333334,0.1695146666666666,0.16128368749999997,0.14992125000000003,0.16784887499999993,0.15888506249999998,0.16008437499999997,2.3986249999999876,23.715249999999966
0.302,0.136325,0.15295575,0.1694295999999999,0.16119267499999995,0.14982050000000002,0.16777414999999993,0.158797325,0.15999499999999997,2.395349999999963,23.66999999999997
0.30233333333333334,0.1362948875,0.15285879166666666,0.16934453333333324,0.16110166249999996,0.14971975,0.16769942499999993,0.15870958749999997,0.15990562499999997,2.3920749999999935,23.610737499999978
0.30266666666666664,0.1362243777777778,0.15276183333333335,0.16925946666666658,0.16101064999999998,0.14961900000000003,0.16762469999999993,0.15862184999999998,0.15981625,2.3887999999999963,23.5918722222222
0.303,0.136175,0.152664875,0.16917439999999992,0.16091963749999996,0.14951825000000002,0.16754997499999993,0.1585341125,0.159726875,2.385524999999972,23.551875
0.30333333333333334,0.13612538194444443,0.15256791666666666,0.16908933333333326,0.16082862499999995,0.1494175,0.16747524999999994,0.15844637499999997,0.15963749999999996,2.3822499999999747,23.512118055555533
0.30366666666666664,0.136075,0.15247095833333332,0.1690042666666666,0.16073761249999996,0.14931675000000003,0.16740052499999994,0.15835863749999998,0.15954812499999999,2.3789749999999774,23.473124999999982
0.304,0.1360457,0.152374,0.1689191999999999,0.16064659999999997,0.14921600000000002,0.16732579999999994,0.1582709,0.15945874999999998,2.3756999999999806,23.41304999999999
0.30433333333333334,0.13600668125,0.15227704166666667,0.16883413333333325,0.16055558749999996,0.14911525,0.16725107499999992,0.15818316249999997,0.15936937499999998,2.372424999999984,23.36269374999997
0.30466666666666664,0.1359449263888889,0.15218008333333333,0.1687490666666666,0.16046457499999994,0.14901450000000002,0.16717634999999995,0.15809542499999998,0.15927999999999998,2.3691499999999586,23.335073611111092
0.305,0.13589771875,0.15208312499999999,0.16866399999999993,0.16037356249999996,0.14891375,0.16710162499999992,0.15800768749999997,0.15919062499999997,2.3658749999999893,23.292906249999966
0.30533333333333335,0.13585710833333334,0.15198616666666664,0.16857893333333324,0.16028254999999994,0.148813,0.16702689999999992,0.15791994999999998,0.15910124999999997,2.362599999999965,23.244141666666636
0.30566666666666664,0.13580086527777777,0.15188920833333333,0.1684938666666666,0.16019153749999998,0.14871225000000002,0.16695217499999992,0.15783221249999996,0.15901187499999997,2.359325000000023,23.211009722222204
0.306,0.13575708749999998,0.15179225,0.16840879999999991,0.16010052499999994,0.1486115,0.16687744999999993,0.15774447499999997,0.15892249999999997,2.3560499999999704,23.16541249999998
0.30633333333333335,0.13570088124999996,0.15169529166666665,0.16832373333333325,0.16000951249999995,0.14851075,0.16680272499999993,0.15765673749999998,0.15883312499999996,2.3527749999999736,23.132243750000004
0.30666666666666664,0.135656,0.15159833333333333,0.1682386666666666,0.15991849999999996,0.14841000000000001,0.16672799999999993,0.15756899999999996,0.15874374999999996,2.3495000000000044,23.087749999999964
0.307,0.1356422506944444,0.151501375,0.16815359999999993,0.15982748749999998,0.14830925,0.16665327499999993,0.15748126249999997,0.15865437499999996,2.3462250000000076,23.01212430555555
0.30733333333333335,0.13556320138888886,0.15140441666666665,0.16806853333333324,0.15973647499999993,0.14820850000000002,0.16657854999999994,0.15739352499999998,0.15856499999999996,2.342949999999955,23.001798611111095
0.30766666666666664,0.135525,0.15130745833333334,0.16798346666666658,0.15964546249999995,0.14810775,0.16650382499999994,0.15730578749999996,0.15847562499999995,2.3396749999999855,22.950624999999945
0.308,0.1354749388888889,0.1512105,0.16789839999999992,0.15955444999999996,0.148007,0.16642909999999994,0.15721804999999997,0.15838624999999995,2.3363999999999887,22.911311111111054
0.30833333333333335,0.1354190625,0.15111354166666666,0.16781333333333326,0.15946343749999997,0.14790625000000002,0.16635437499999992,0.15713031249999998,0.15829687499999998,2.3331249999999915,22.877812499999983
0.30866666666666664,0.1353683625,0.15101658333333334,0.1677282666666666,0.15937242499999998,0.1478055,0.16627964999999995,0.15704257499999996,0.15820749999999997,2.329850000000022,22.839137499999968
0.309,0.13532706041666667,0.150919625,0.1676431999999999,0.15928141249999994,0.14770475000000002,0.16620492499999992,0.15695483749999997,0.15811812499999994,2.32657499999997,22.79106458333327
0.30933333333333335,0.13528915,0.15082266666666666,0.16755813333333325,0.15919039999999995,0.147604,0.16613019999999992,0.15686709999999998,0.15802874999999997,2.3232999999999726,22.73959999999997
0.30966666666666665,0.13525221249999997,0.15072570833333332,0.1674730666666666,0.15909938749999997,0.14750325000000003,0.16605547499999992,0.15677936249999996,0.15793937499999997,2.3200250000000033,22.687162499999996
0.31,0.1352032777777778,0.15062874999999998,0.16738799999999993,0.15900837499999995,0.14740250000000002,0.16598074999999993,0.15669162499999997,0.15784999999999996,2.3167499999999785,22.646722222222166
0.31033333333333335,0.1351663736111111,0.15053179166666666,0.16730293333333326,0.15891736249999996,0.14730175,0.16590602499999993,0.15660388749999998,0.157760625,2.3134749999999817,22.594251388888875
0.31066666666666665,0.1350851777777778,0.15043483333333332,0.1672178666666666,0.15882634999999995,0.14720100000000003,0.16583129999999993,0.15651614999999997,0.15767124999999996,2.3101999999999845,22.58607222222217
0.311,0.13507080625,0.15033787499999998,0.16713279999999991,0.15873533749999996,0.14710025000000002,0.16575657499999993,0.15642841249999997,0.15758187499999998,2.3069249999999872,22.511068749999975
0.3113333333333333,0.13502068888888885,0.15024091666666667,0.16704773333333325,0.15864432499999997,0.14699950000000003,0.16568184999999994,0.15634067499999998,0.15749249999999998,2.3036499999999904,22.47181111111113
0.31166666666666665,0.1349536388888889,0.15014395833333333,0.1669626666666666,0.15855331249999996,0.14689875000000002,0.16560712499999994,0.15625293749999997,0.15740312499999998,2.3003749999999936,22.449486111111085
0.312,0.134928975,0.15004699999999999,0.16687759999999993,0.15846229999999994,0.146798,0.16553239999999994,0.15616519999999998,0.15731374999999997,2.2970999999999684,22.38477499999997
0.3123333333333333,0.13488322777777778,0.14995004166666667,0.16679253333333327,0.15837128749999996,0.14669725000000003,0.16545767499999994,0.15607746249999999,0.15722437499999997,2.2938249999999716,22.34114722222219
0.31266666666666665,0.1348448875,0.14985308333333333,0.16670746666666658,0.15828027499999997,0.14659650000000002,0.16538294999999995,0.15598972499999997,0.15713499999999997,2.2905500000000023,22.29011249999996
0.313,0.13478316875000002,0.14975477499999998,0.16662239999999992,0.15818858749999995,0.14649575,0.16530822499999995,0.15590198749999998,0.15704528749999996,2.286599999999972,22.26211874999995
0.3133333333333333,0.13475225,0.14965483333333332,0.16653733333333326,0.1580960833333333,0.14639500000000003,0.16523349999999995,0.15581425,0.15695516666666665,2.2818333333333163,22.202916666666656
0.31366666666666665,0.13469962361111112,0.14955489166666666,0.1664522666666666,0.15800357916666663,0.14629425000000001,0.16515877499999995,0.15572651249999997,0.1568650458333333,2.2770666666666606,22.165422222222176
0.314,0.13465025555555554,0.14945494999999998,0.16636719999999994,0.15791107499999996,0.1461935,0.16508404999999993,0.15563877499999995,0.15677492499999995,2.272300000000005,22.12466944444441
0.3143333333333333,0.13461071805555555,0.14935500833333334,0.16628213333333328,0.1578185708333333,0.14609275000000002,0.16500932499999996,0.1555510375,0.15668480416666664,2.267533333333321,22.074086111111086
0.31466666666666665,0.13455465,0.14925506666666666,0.1661970666666666,0.1577260666666666,0.145992,0.16493459999999993,0.15546329999999997,0.1565946833333333,2.262766666666638,22.04003333333329
0.315,0.13452380555555554,0.149155125,0.16611199999999993,0.15763356249999996,0.14589125,0.16485987499999993,0.15537556249999995,0.15650456249999994,2.2580000000000098,21.9807569444444
0.3153333333333333,0.13446295,0.14905518333333334,0.16602693333333327,0.15754105833333332,0.14579050000000002,0.16478514999999994,0.155287825,0.15641444166666665,2.2532333333333265,21.951491666666655
0.31566666666666665,0.13445000000000001,0.14895524166666665,0.1659418666666666,0.15744855416666664,0.14568975,0.16471042499999994,0.15520008749999997,0.1563243208333333,2.248466666666671,21.874320833333293
0.316,0.13440666666666667,0.1488553,0.16585679999999992,0.15735604999999997,0.145589,0.16463569999999994,0.15511234999999995,0.15623419999999996,2.243700000000015,21.82753333333329
0.3163333333333333,0.13435520555555555,0.14875535833333334,0.16577173333333328,0.1572635458333333,0.14548825,0.16456097499999994,0.1550246125,0.15614407916666664,2.238933333333304,21.788873611111093
0.31666666666666665,0.13431062500000002,0.14865541666666665,0.1656866666666666,0.15717104166666662,0.1453875,0.16448624999999995,0.15493687499999997,0.1560539583333333,2.234166666666648,21.743333333333283
0.317,0.13427664375,0.148555475,0.16560159999999993,0.15707853749999995,0.14528675,0.16441152499999995,0.15484913749999996,0.15596383749999995,2.2293999999999925,21.687193749999945
0.3173333333333333,0.134234775,0.14845553333333333,0.16551653333333327,0.1569860333333333,0.145186,0.16433679999999995,0.1547614,0.15587371666666666,2.2246333333333093,21.63894166666666
0.31766666666666665,0.13416098194444445,0.14835559166666665,0.1654314666666666,0.15689352916666663,0.14508525,0.16426207499999995,0.15467366249999998,0.1557835958333333,2.219866666666653,21.622613888888836
0.318,0.13415,0.14825565,0.16534639999999992,0.15680102499999996,0.14498450000000002,0.16418734999999993,0.15458592499999996,0.15569347499999997,2.215099999999998,21.54347499999998
0.3183333333333333,0.1340893759920635,0.14815570833333333,0.16526866666666662,0.1567121875,0.14488375,0.16411262499999996,0.1544981875,0.1556051875,2.2139999999999938,21.515811507936494
0.31866666666666665,0.13405182222222223,0.14805576666666667,0.1651997333333333,0.15662774999999998,0.144783,0.16403789999999993,0.15441044999999998,0.15551909999999997,2.217300000000005,21.46727777777774
0.319,0.1340123875,0.14795582499999999,0.16513079999999994,0.15654331249999998,0.14468225,0.16396317499999993,0.15432271249999996,0.15543301249999997,2.220600000000017,21.420624999999973
0.3193333333333333,0.13397908749999998,0.14785588333333333,0.1650618666666666,0.15645887499999997,0.1445815,0.16388844999999994,0.15423497499999997,0.15534692499999997,2.223900000000001,21.367837499999986
0.31966666666666665,0.1339352125,0.14775594166666667,0.16499293333333329,0.15637443749999996,0.14448075000000002,0.16381372499999994,0.15414723749999998,0.15526083749999997,2.2271999999999847,21.32562499999996
0.32,0.133903,0.14765599999999998,0.16492399999999993,0.15628999999999996,0.14438,0.16373899999999994,0.15405949999999996,0.15517474999999997,2.2304999999999966,21.27174999999998
0.3203333333333333,0.13384486874999998,0.14755605833333332,0.1648550666666666,0.15620556249999995,0.14427925000000003,0.16366427499999994,0.1539717625,0.15508866249999997,2.2337999999999525,21.24379374999999
0.32066666666666666,0.13378819999999997,0.14745611666666666,0.16478613333333328,0.15612112499999997,0.14417850000000001,0.16358954999999994,0.15388402499999998,0.15500257499999998,2.237099999999992,21.214375000000008
0.321,0.13375449374999998,0.14735617499999998,0.16471719999999995,0.15603668749999997,0.14407775,0.16351482499999995,0.15379628749999996,0.15491648749999998,2.2404000000000037,21.161993749999997
0.3213333333333333,0.13369543888888888,0.14725623333333332,0.16464826666666663,0.15595224999999996,0.14397700000000002,0.16344009999999995,0.15370855,0.15483039999999998,2.2436999999999596,21.1349611111111
0.32166666666666666,0.133675,0.14715629166666666,0.16457933333333327,0.15586781249999998,0.14387625,0.16336537499999995,0.15362081249999998,0.15474431249999998,2.246999999999999,21.06931249999999
0.322,0.1336412,0.14705634999999997,0.16451039999999995,0.15578337499999995,0.1437755,0.16329064999999995,0.15353307499999996,0.15465822499999995,2.250299999999983,21.01702499999997
0.3223333333333333,0.13360761666666668,0.14695640833333332,0.16444146666666662,0.15569893749999997,0.14367475000000002,0.16321592499999996,0.1534453375,0.15457213749999998,2.2535999999999667,20.964520833333307
0.32266666666666666,0.13354818333333335,0.14685646666666666,0.1643725333333333,0.1556145,0.14357040000000001,0.16314599999999996,0.1533582,0.15448635,2.256299999999989,20.938166666666646
0.323,0.13350748125,0.14675652499999997,0.16430359999999994,0.15553006249999995,0.1434557,0.16307737499999994,0.15326653749999997,0.15439829999999996,2.2635249999999885,20.890818749999955
0.3233333333333333,0.13346588194444442,0.14665658333333334,0.1642346666666666,0.15544562499999998,0.14334100000000002,0.16300874999999995,0.153174875,0.15431024999999998,2.270749999999988,20.844368055555563
0.32366666666666666,0.1334334611111111,0.14655664166666665,0.16416573333333329,0.15536118749999997,0.1432263,0.16294012499999996,0.15308321249999998,0.15422219999999998,2.2779749999999876,20.78873888888888
0.324,0.13339195277777777,0.1464567,0.16409679999999993,0.15527674999999996,0.1431116,0.16287149999999995,0.15299154999999998,0.15413414999999997,2.2851999999999872,20.742197222222202
0.3243333333333333,0.13332619791666667,0.14635675833333334,0.1640278666666666,0.15519231249999998,0.1429969,0.16280287499999996,0.1528998875,0.1540461,2.292424999999987,20.719902083333324
0.32466666666666666,0.1333,0.14625681666666665,0.16395893333333328,0.15510787499999995,0.14288220000000001,0.16273424999999994,0.15280822499999996,0.15395804999999996,2.2996499999999864,20.658049999999957
0.325,0.13328234375,0.146156875,0.16388999999999995,0.15502343749999997,0.1427675,0.16266562499999995,0.15271656249999999,0.15386999999999998,2.306874999999986,20.587656249999974
0.3253333333333333,0.13322665,0.14605693333333333,0.16382106666666663,0.154939,0.1426528,0.16259699999999996,0.15262489999999998,0.15378195,2.314100000000013,20.5553
0.32566666666666666,0.13316945555555554,0.14595699166666665,0.16375213333333327,0.15485456249999996,0.1425381,0.16252837499999995,0.15253323749999997,0.15369389999999997,2.321324999999985,20.524444444444427
0.326,0.13315,0.14585705,0.16368319999999995,0.15477012499999998,0.1424234,0.16245974999999996,0.152441575,0.15360585,2.328549999999985,20.455849999999998
0.3263333333333333,0.13310451527777778,0.14575710833333333,0.16361426666666662,0.15468568749999997,0.1423087,0.16239112499999997,0.1523499125,0.15351779999999998,2.3357749999999844,20.4132847222222
0.32666666666666666,0.133043625,0.14565716666666664,0.1635453333333333,0.15460124999999997,0.142194,0.16232249999999995,0.15225824999999998,0.15342974999999998,2.342999999999984,20.38612499999998
0.327,0.13301345625,0.14555722499999998,0.16347639999999994,0.15451681249999996,0.1420793,0.16225387499999996,0.15216658749999998,0.15334169999999997,2.3502249999999836,20.328243749999974
0.3273333333333333,0.13296645,0.14545728333333333,0.1634074666666666,0.15443237499999996,0.1419646,0.16218524999999995,0.15207492499999997,0.15325364999999996,2.357449999999983,20.28719999999995
0.32766666666666666,0.13293877222222222,0.14535734166666664,0.16333853333333329,0.15434793749999998,0.1418499,0.16211662499999996,0.1519832625,0.15316559999999999,2.3646749999999828,20.22682777777776
0.328,0.13289768333333335,0.14525739999999998,0.16326959999999996,0.15426349999999997,0.14173519999999998,0.16204799999999994,0.15189159999999996,0.15307754999999995,2.37190000000001,20.1798666666666
0.3283333333333333,0.1328475625,0.14515745833333332,0.16320066666666663,0.15417906249999996,0.1416205,0.16197937499999995,0.15179993749999998,0.15298949999999997,2.379124999999982,20.141937499999983
0.32866666666666666,0.1328076125,0.14505751666666666,0.16313173333333328,0.15409462499999999,0.1415058,0.16191074999999996,0.15170827499999998,0.15290145,2.386350000000009,20.09383749999999
0.329,0.13278961666666667,0.14495757499999998,0.16306279999999995,0.15401018749999995,0.1413911,0.16184212499999995,0.15161661249999997,0.15281339999999996,2.393574999999981,20.023783333333295
0.3293333333333333,0.13273412777777777,0.14485763333333332,0.16299386666666663,0.15392574999999997,0.1412764,0.16177349999999996,0.15152495,0.15272534999999998,2.4007999999999807,19.991222222222216
0.32966666666666666,0.13269035624999997,0.14475769166666666,0.16292493333333327,0.15384131249999997,0.1411617,0.16170487499999997,0.15143328749999999,0.15263729999999998,2.4080249999999803,19.946943750000003
0.33,0.1326576111111111,0.14465774999999997,0.16285599999999995,0.15375687499999996,0.14104699999999998,0.16163624999999995,0.15134162499999998,0.15254924999999997,2.41524999999998,19.891638888888867
0.3303333333333333,0.13262536666666666,0.14455780833333332,0.16278706666666662,0.15367243749999998,0.1409323,0.16156762499999996,0.1512499625,0.1524612,2.4224749999999795,19.83583333333333
0.33066666666666666,0.132582475,0.14445786666666666,0.1627181333333333,0.15358799999999997,0.1408176,0.16149899999999995,0.15115829999999997,0.15237314999999996,2.4297000000000066,19.79067499999995
0.331,0.13255857847222222,0.14435792499999997,0.16264919999999994,0.15350356249999997,0.1407029,0.16143037499999996,0.1510666375,0.15228509999999998,2.4369249999999787,19.726521527777763
0.3313333333333333,0.13249468888888888,0.1442579833333333,0.1625802666666666,0.15341912499999996,0.1405882,0.16136174999999997,0.15097497499999998,0.15219704999999997,2.4441499999999783,19.702361111111095
0.33166666666666667,0.13246834375,0.14415804166666665,0.16251133333333329,0.15333468749999996,0.1404735,0.16129312499999995,0.15088331249999998,0.15210899999999997,2.451374999999978,19.64065624999997
0.33199999999999996,0.132433425,0.1440581,0.16244239999999996,0.15325024999999998,0.1403588,0.16122449999999997,0.15079165,0.15202095,2.4585999999999775,19.587524999999996
0.3323333333333333,0.13238238541666666,0.1439581583333333,0.16237346666666663,0.15316581249999997,0.1402441,0.16115587499999998,0.1506999875,0.15193289999999998,2.465824999999977,19.550514583333317
0.33266666666666667,0.132325,0.14385821666666665,0.16230453333333328,0.15308137499999996,0.1401294,0.16108724999999996,0.150608325,0.15184484999999998,2.4730499999999767,19.519849999999977
0.33299999999999996,0.13230311041666667,0.143758275,0.16223559999999995,0.15299693749999999,0.1400147,0.16101862499999997,0.15051666249999998,0.15175679999999997,2.4802750000000042,19.453689583333293
0.3333333333333333,0.1322625,0.14365833333333333,0.16216666666666663,0.15291249999999998,0.1399,0.16094999999999995,0.15042499999999998,0.15166874999999996,2.4875000000000034,19.406249999999957
0.33366666666666667,0.13222681111111112,0.14355839166666665,0.16209773333333327,0.15282806249999997,0.1397853,0.16088137499999997,0.1503333375,0.15158069999999998,2.4947249999999754,19.353888888888864
0.33399999999999996,0.13219625555555556,0.14345845,0.16202879999999995,0.15274362499999997,0.1396706,0.16081274999999998,0.150241675,0.15149264999999998,2.501949999999975,19.29639444444442
0.3343333333333333,0.13213885625,0.14335850833333333,0.16195986666666662,0.15265918749999996,0.13955589999999998,0.16074412499999996,0.15015001249999999,0.15140459999999997,2.5091749999999746,19.26574374999998
0.33466666666666667,0.1321,0.14325856666666664,0.1618909333333333,0.15257474999999998,0.1394412,0.16067549999999997,0.15005834999999998,0.15131655,2.5164000000000017,19.216549999999998
0.33499999999999996,0.13208097569444444,0.14315862499999998,0.16182199999999997,0.15249031249999997,0.1393265,0.16060687499999998,0.14996668749999997,0.1512285,2.523625000000002,19.147524305555553
0.3353333333333333,0.1320344625,0.14305498333333333,0.1617530666666666,0.15240402499999997,0.1392118,0.16053824999999997,0.149875025,0.151139525,2.528999999999976,19.105062499999992
0.33566666666666667,0.1319789215277778,0.14294609166666664,0.16168413333333329,0.15231511249999996,0.13909709999999997,0.16046962499999995,0.14978336249999996,0.15104923749999996,2.5317499999999993,19.07031597222217
0.33599999999999997,0.13195,0.1428372,0.16161519999999996,0.15222619999999998,0.1389824,0.16040099999999996,0.14969169999999998,0.15095894999999998,2.534499999999995,19.00894999999997
0.3363333333333333,0.13191815416666663,0.14272830833333333,0.16154626666666663,0.1521372875,0.13886769999999998,0.16033237499999997,0.14960003749999998,0.15086866249999997,2.537250000000019,18.95050833333334
0.33666666666666667,0.13187500000000002,0.14261941666666664,0.16147733333333328,0.15204837499999996,0.138753,0.16026374999999995,0.14950837499999997,0.15077837499999996,2.5399999999999867,18.903374999999944
0.33699999999999997,0.1318539798611111,0.142510525,0.16140839999999995,0.15195946249999998,0.1386383,0.16019512499999997,0.1494167125,0.15068808749999998,2.5427499999999825,18.834107638888874
0.3373333333333333,0.131787225,0.14240163333333333,0.16133946666666663,0.15187055,0.1385236,0.16012649999999998,0.14932505,0.1505978,2.545500000000006,18.810574999999996
0.33766666666666667,0.13175855625,0.14229274166666664,0.16127053333333327,0.15178163749999996,0.13840889999999997,0.16005787499999996,0.14923338749999998,0.15050751249999997,2.548249999999974,18.748956249999978
0.33799999999999997,0.13174878888888888,0.14218385,0.16120159999999994,0.15169272499999997,0.1382942,0.15998924999999997,0.149141725,0.150417225,2.55099999999997,18.668436111111102
0.3383333333333333,0.13169727083333335,0.14207495833333333,0.16113266666666662,0.1516038125,0.13817949999999998,0.15992062499999996,0.14905006249999997,0.15032693749999998,2.5537500000000213,18.629666666666626
0.33866666666666667,0.131675,0.14196606666666664,0.1610637333333333,0.15151489999999995,0.1380648,0.15985199999999997,0.1489584,0.15023664999999997,2.5564999999999616,18.561649999999986
0.33899999999999997,0.13161068035714282,0.141857175,0.16099479999999997,0.15142598749999997,0.1379501,0.15978337499999998,0.14886673749999998,0.15014636249999996,2.5592499999999854,18.53568214285714
0.3393333333333333,0.13157112222222223,0.14174828333333334,0.1609258666666666,0.151337075,0.1378354,0.15971474999999996,0.14877507499999998,0.15005607499999998,2.5620000000000087,18.484952777777757
0.3396666666666667,0.13152692777777775,0.14163939166666664,0.16085693333333329,0.15124816249999995,0.13772069999999997,0.15964612499999997,0.14868341249999997,0.14996578749999995,2.564749999999977,18.4388597222222
0.33999999999999997,0.131525,0.1415305,0.16078799999999996,0.15115924999999997,0.137606,0.15957749999999998,0.14859175,0.1498755,2.5674999999999724,18.350499999999993
0.3403333333333333,0.1314512,0.14142160833333334,0.16071906666666663,0.15107033749999998,0.13749129999999998,0.15950887499999997,0.1485000875,0.1497852125,2.570249999999996,18.334012499999996
0.3406666666666667,0.1314067875,0.14131271666666664,0.16065013333333328,0.15098142499999995,0.1373766,0.15944024999999998,0.14840842499999998,0.14969492499999998,2.572999999999964,18.28813749999997
0.34099999999999997,0.13137777222222222,0.141203825,0.16058119999999995,0.15089251249999996,0.1372619,0.15937162499999996,0.14831676249999998,0.14960463749999997,2.5757499999999878,18.226865277777755
0.3413333333333333,0.1313489,0.1410949333333333,0.16051226666666663,0.15080359999999998,0.1371472,0.15930299999999997,0.1482251,0.14951435,2.5784999999999836,18.16545
0.3416666666666667,0.13130203125,0.14098604166666664,0.1604433333333333,0.15071468749999997,0.13703249999999997,0.15923437499999996,0.14813343749999996,0.14942406249999995,2.581250000000007,18.12203124999995
0.34199999999999997,0.1312556861111111,0.14087715,0.16037439999999997,0.150625775,0.13691779999999998,0.15916574999999997,0.148041775,0.149333775,2.584000000000003,18.0780888888889
0.3423333333333333,0.131225,0.1407682583333333,0.16030546666666662,0.15053686249999998,0.13680309999999998,0.15909712499999998,0.14795011249999998,0.1492434875,2.5867499999999986,18.018487499999985
0.3426666666666667,0.13118517500000001,0.14065936666666665,0.1602365333333333,0.15044794999999997,0.1366884,0.15902849999999996,0.14785844999999997,0.14915319999999999,2.589499999999995,17.968024999999972
0.34299999999999997,0.13116548125,0.140550475,0.16016759999999997,0.1503590375,0.1365737,0.15895987499999997,0.1477667875,0.14906291249999998,2.59224999999999,17.897431249999983
0.3433333333333333,0.13109793749999998,0.14044158333333331,0.1600986666666666,0.15027012499999998,0.13645899999999997,0.15889124999999998,0.14767512499999996,0.14897262499999997,2.595000000000014,17.874687499999986
0.3436666666666667,0.131075,0.14033269166666665,0.16002973333333328,0.15018121249999997,0.13634429999999997,0.15882262499999997,0.14758346249999998,0.14888233749999996,2.597749999999982,17.807337499999964
0.344,0.13102904999999998,0.1402238,0.15996079999999996,0.15009229999999998,0.13622959999999998,0.15875399999999998,0.14749179999999998,0.14879204999999998,2.6005000000000056,17.763
0.3443333333333333,0.13099999999999998,0.14011490833333332,0.15989186666666663,0.15000338749999997,0.13614364999999998,0.15868374999999996,0.14741369999999998,0.14870854374999998,2.589687499999993,17.70854375
0.3446666666666667,0.13096395535714284,0.14000601666666665,0.15982293333333328,0.14991447499999996,0.13606769999999999,0.15860749999999996,0.14733759999999996,0.14862603749999997,2.5768750000000065,17.662082142857138
0.345,0.13092620486111112,0.139897125,0.15975399999999995,0.14982556249999998,0.13599175,0.15853124999999998,0.1472615,0.14854353124999997,2.5640624999999915,17.617326388888856
0.3453333333333333,0.13088355,0.13978823333333332,0.15968506666666663,0.14973664999999997,0.13591579999999998,0.15845499999999996,0.14718539999999997,0.14846102499999997,2.551250000000005,17.577474999999982
0.3456666666666667,0.13085711666666666,0.13967934166666665,0.1596161333333333,0.1496477375,0.13583984999999998,0.15837874999999996,0.14710929999999997,0.14837851874999997,2.5384375000000183,17.521402083333303
0.346,0.1308067625,0.13957045,0.15954719999999997,0.149558825,0.1357639,0.15830249999999998,0.14703319999999998,0.1482960125,2.5256250000000313,17.489249999999984
0.3463333333333333,0.130775,0.13946155833333332,0.15947826666666662,0.14946991249999997,0.13568794999999997,0.15822624999999996,0.14695709999999995,0.14821350624999996,2.5128125000000168,17.438506249999957
0.3466666666666667,0.13074606944444445,0.13935266666666665,0.1594093333333333,0.14938099999999999,0.13561199999999998,0.15814999999999996,0.14688099999999998,0.14813099999999998,2.500000000000002,17.38493055555554
0.347,0.13070228750000001,0.13924377500000001,0.15934039999999997,0.1492920875,0.13553605,0.15807374999999999,0.1468049,0.14804849375,2.487187500000015,17.346206249999994
0.3473333333333333,0.13065841250000002,0.13913488333333332,0.1592714666666666,0.14920317499999997,0.13546009999999997,0.15799749999999996,0.14672879999999996,0.14796598749999995,2.474375000000001,17.307574999999936
0.3476666666666667,0.13063477222222222,0.13902599166666665,0.15920253333333328,0.14911426249999998,0.13538414999999998,0.15792124999999996,0.14665269999999997,0.14788348124999998,2.461562500000014,17.248709027777753
0.348,0.130599025,0.13891710000000002,0.15913359999999996,0.14902535,0.1353082,0.15784499999999999,0.1465766,0.147800975,2.4487499999999995,17.201949999999993
0.34833333333333333,0.1305510625,0.13880820833333332,0.15906466666666663,0.14893643749999996,0.13523225,0.15776874999999996,0.14650049999999998,0.14771846874999997,2.435937499999985,17.16740624999996
0.3486666666666667,0.13050832222222222,0.13869931666666666,0.15899573333333328,0.14884752499999998,0.13515629999999998,0.15769249999999996,0.14642439999999995,0.14763596249999997,2.423125000000026,17.127640277777743
0.349,0.13049319375,0.13859042500000002,0.15892679999999995,0.1487586125,0.13508035,0.15761624999999999,0.1463483,0.14755345625,2.4103125000000114,17.06026249999998
0.34933333333333333,0.130444675,0.13848153333333332,0.15885786666666663,0.14866969999999996,0.1350044,0.15753999999999996,0.14627219999999996,0.14747094999999996,2.397499999999997,17.026274999999952
0.3496666666666667,0.13041710625,0.13837264166666666,0.1587889333333333,0.14858078749999998,0.13492844999999998,0.15746374999999996,0.14619609999999997,0.14738844375,2.38468750000001,16.97133749999999
0.35,0.13036163194444444,0.13826375000000002,0.15871999999999997,0.148491875,0.1348525,0.15738749999999999,0.14611999999999997,0.14730593749999998,2.3718750000000233,16.944305555555538
0.35033333333333333,0.130325,0.13815485833333332,0.15865106666666662,0.14840296249999996,0.13477655,0.15731124999999996,0.14604389999999998,0.14722343124999998,2.3590624999999807,16.898431249999984
0.3506666666666667,0.13029554999999998,0.13804596666666666,0.1585821333333333,0.14831404999999998,0.13470059999999998,0.15723499999999996,0.14596779999999998,0.14714092499999998,2.346249999999994,16.845374999999997
0.351,0.13026188402777777,0.13793707500000002,0.15851319999999997,0.1482251375,0.13462464999999998,0.15715874999999999,0.14589169999999999,0.14705841874999998,2.3334375000000076,16.7965347222222
0.35133333333333333,0.1302081375,0.13782818333333333,0.15844426666666664,0.14813622499999998,0.1345487,0.15708249999999996,0.1458156,0.14697591249999997,2.3206249999999926,16.767774999999986
0.3516666666666666,0.13018884375,0.1377192916666667,0.1583753333333333,0.1480473125,0.13447275,0.15700624999999999,0.1457395,0.14689340625,2.307812500000006,16.70456249999999
0.352,0.13015159999999998,0.13761040000000002,0.15830639999999996,0.1479584,0.13439679999999998,0.15693,0.1456634,0.1468109,2.2949999999999915,16.659300000000016
0.35233333333333333,0.13011275625000002,0.13750150833333333,0.15823746666666663,0.14786948749999998,0.13432085,0.15685374999999996,0.14558729999999998,0.14672839374999996,2.2821875000000045,16.61563749999995
0.35266666666666663,0.13009077638888888,0.1373926166666667,0.1581685333333333,0.147780575,0.1342449,0.1567775,0.1455112,0.14664588750000002,2.2693749999999904,16.55511111111113
0.353,0.13003354375,0.137283725,0.15809959999999995,0.1476916625,0.13416894999999998,0.15670125,0.14543509999999998,0.14656338124999999,2.2565625000000034,16.529837499999978
0.35333333333333333,0.13001544444444443,0.13717483333333333,0.15803066666666662,0.14760274999999998,0.134093,0.15662499999999996,0.14535899999999996,0.14648087499999995,2.2437500000000163,16.46543055555552
0.35366666666666663,0.12997741249999997,0.1370659416666667,0.1579617333333333,0.1475138375,0.13401705,0.15654875,0.1452829,0.14639836875,2.2309375000000022,16.420956250000035
0.354,0.1299412875,0.13695705,0.15789279999999997,0.14742492499999998,0.1339411,0.15647249999999996,0.14520679999999997,0.14631586249999998,2.2181250000000152,16.374574999999975
0.35433333333333333,0.12990298888888888,0.13684815833333333,0.15782386666666662,0.14733601249999997,0.13386515,0.15639624999999996,0.14513069999999997,0.14623335624999997,2.2053125000000007,16.330367361111097
0.35466666666666663,0.12984128888888888,0.1367392666666667,0.1577549333333333,0.1472471,0.1337892,0.15632,0.14505459999999998,0.14615085,2.192500000000014,16.30956111111112
0.355,0.12980840624999998,0.136630375,0.15768599999999997,0.14715818749999998,0.13371325,0.15624374999999996,0.14497849999999998,0.14606834375,2.179687499999999,16.259937500000017
0.35533333333333333,0.1297953625,0.13652148333333333,0.15761706666666664,0.147069275,0.1336373,0.15616749999999996,0.1449024,0.1459858375,2.1668750000000125,16.19047499999998
0.35566666666666663,0.12974901249999998,0.1364125916666667,0.1575481333333333,0.14698036250000002,0.13356135,0.15609125,0.1448263,0.14590333125,2.154062500000026,16.15431875000001
0.356,0.129700525,0.1363037,0.15747919999999996,0.14689144999999998,0.1334854,0.15601499999999996,0.1447502,0.145820825,2.1412499999999834,16.120299999999975
0.35633333333333334,0.12967390416666666,0.13619480833333333,0.15741026666666663,0.1468025375,0.13340944999999998,0.15593874999999996,0.14467409999999997,0.14573831874999998,2.1284375000000244,16.064414583333324
0.35666666666666663,0.129625,0.1360859166666667,0.1573413333333333,0.14671362500000001,0.1333335,0.1558625,0.144598,0.1456558125,2.11562500000001,16.030812500000017
0.357,0.1296040375,0.135977025,0.15727239999999998,0.14662471249999998,0.13325755,0.15578624999999996,0.14452189999999998,0.14557330624999998,2.1028124999999953,15.969268749999987
0.35733333333333334,0.1295493138888889,0.13586813333333334,0.15720346666666662,0.1465358,0.13318159999999998,0.15570999999999996,0.14444579999999996,0.14549079999999998,2.0900000000000363,15.94148611111107
0.35766666666666663,0.12950718125000005,0.13577375833333336,0.1571345333333333,0.14645414583333333,0.13310565,0.15563375,0.1443697,0.14541192291666666,2.084445833333337,15.904741666666611
0.358,0.12949726250000002,0.13570365,0.15706559999999997,0.146384625,0.1330297,0.15555749999999996,0.14429359999999997,0.14533911249999998,2.091025000000024,15.841849999999964
0.35833333333333334,0.12945593749999998,0.13563354166666666,0.15699666666666662,0.14631510416666665,0.13295374999999998,0.15548124999999996,0.14421749999999997,0.1452663020833333,2.0976041666666836,15.81036458333332
0.35866666666666663,0.12942499999999998,0.13556343333333334,0.1569277333333333,0.14624558333333332,0.1328778,0.155405,0.14414139999999998,0.14519349166666665,2.1041833333333426,15.768491666666662
0.359,0.12939675416666666,0.135493325,0.15685879999999996,0.14617606249999998,0.13280185,0.15532874999999996,0.14406529999999998,0.14512068125,2.1107625000000017,15.723927083333338
0.35933333333333334,0.12933258749999998,0.13542321666666668,0.15678986666666664,0.14610654166666664,0.1327259,0.15525249999999996,0.14398919999999998,0.14504787083333331,2.117341666666661,15.71528333333333
0.35966666666666663,0.1293203375,0.13535310833333333,0.1567209333333333,0.1460370208333333,0.13264995000000002,0.15517625,0.14391310000000002,0.14497506041666666,2.1239208333332926,15.65472291666667
0.36,0.12925855555555554,0.13528300000000001,0.15665199999999996,0.14596749999999997,0.132574,0.15509999999999996,0.143837,0.14490224999999998,2.1304999999999796,15.643694444444439
0.36033333333333334,0.12924658125,0.13521289166666667,0.15658306666666663,0.14589797916666664,0.13249805,0.15502374999999996,0.14376089999999997,0.1448294395833333,2.1370791666666666,15.582858333333311
0.36066666666666664,0.1291902888888889,0.13514278333333335,0.1565141333333333,0.14582845833333333,0.13242210000000001,0.1549475,0.1436848,0.14475662916666665,2.1436583333333257,15.566340277777757
0.361,0.12914861875,0.135072675,0.15644519999999998,0.1457589375,0.13234615,0.15487124999999996,0.14360869999999998,0.14468381874999997,2.1502375000000127,15.535199999999971
0.36133333333333334,0.12910744999999998,0.13500256666666666,0.15637626666666662,0.14568941666666663,0.1322702,0.15479499999999996,0.14353259999999998,0.1446110083333333,2.1568166666666446,15.503558333333306
0.36166666666666664,0.12907952777777779,0.13493245833333334,0.1563073333333333,0.14561989583333332,0.13219425,0.15471875,0.1434565,0.14453819791666667,2.1633958333333316,15.45867013888888
0.362,0.1290096875,0.13486235,0.15623839999999997,0.14555037499999998,0.1321183,0.15464249999999996,0.14338039999999996,0.1444653875,2.1699750000000186,15.45569999999999
0.36233333333333334,0.12899956875,0.13479224166666667,0.15616946666666665,0.14548085416666667,0.13204235,0.15456624999999996,0.1433043,0.14439257708333333,2.1765541666666777,15.393008333333347
0.36266666666666664,0.12895742500000001,0.13472213333333333,0.15610053333333332,0.14541133333333334,0.1319664,0.15449,0.1432282,0.14431976666666668,2.1831333333333367,15.362341666666667
0.363,0.12892348125,0.134652025,0.15603159999999996,0.1453418125,0.13189045,0.15441374999999996,0.14315209999999998,0.14424695625,2.1897125000000237,15.323475000000004
0.36333333333333334,0.1288854375,0.13458191666666666,0.15596266666666664,0.14527229166666666,0.1318145,0.15433749999999996,0.14307599999999998,0.14417414583333332,2.196291666666683,15.288708333333318
0.36366666666666664,0.12883431319444444,0.13451180833333334,0.15589359999999997,0.14520270416666664,0.13173855,0.15426125,0.1429999,0.14410130208333333,2.2028041666666276,15.26698888888889
0.364,0.128824975,0.1344417,0.15582319999999997,0.14513244999999997,0.1316626,0.15418499999999996,0.1429238,0.14402812499999998,2.2086499999999787,15.20314999999997
0.36433333333333334,0.12876136249999998,0.13437159166666665,0.15575279999999997,0.1450621958333333,0.13158665,0.15410874999999996,0.14284769999999997,0.14395494791666663,2.2144958333333298,15.193585416666656
0.36466666666666664,0.12873527499999998,0.13430148333333333,0.15568239999999997,0.14499194166666665,0.1315107,0.1540325,0.1427716,0.1438817708333333,2.220341666666653,15.14649583333333
0.365,0.12868271874999998,0.13423137499999999,0.15561199999999997,0.14492168749999998,0.13143475,0.15395624999999996,0.14269549999999998,0.14380859375,2.2261875000000044,15.125875000000011
0.36533333333333334,0.12865359999999998,0.13416126666666667,0.15554159999999997,0.14485143333333333,0.1313588,0.15387999999999996,0.14261939999999998,0.14373541666666667,2.232033333333355,15.081816666666692
0.36566666666666664,0.12862538124999998,0.13409115833333335,0.15547119999999998,0.14478117916666666,0.13129265,0.15380374999999996,0.14254819999999999,0.14366468958333334,2.2329791666666763,15.039308333333363
0.366,0.128577475,0.13402105,0.15540079999999998,0.144710925,0.1312601,0.15372749999999996,0.14249379999999998,0.14360236249999997,2.2171250000000144,15.024887499999974
0.36633333333333334,0.12850866875,0.13395094166666666,0.15533039999999998,0.14464067083333332,0.13122755,0.15365417499999998,0.1424408625,0.14354076666666665,2.1998083333333307,15.032097916666654
0.36666666666666664,0.1285,0.13388083333333334,0.15525999999999998,0.14457041666666665,0.131195,0.15358249999999998,0.14238875,0.14347958333333333,2.1816666666666373,14.979583333333323
0.367,0.12847945624999998,0.133810725,0.15518959999999998,0.14450016249999997,0.13116245,0.15351082499999996,0.14233663749999997,0.14341839999999997,2.1635249999999995,14.93894374999999
0.36733333333333335,0.12843482083333332,0.13374061666666665,0.15511919999999996,0.1444299083333333,0.1311299,0.15343914999999997,0.142284525,0.14335721666666665,2.145383333333306,14.922395833333324
0.36766666666666664,0.12841586875,0.13367050833333333,0.1550488,0.14435965416666666,0.13109735,0.15336747499999998,0.1422324125,0.14329603333333332,2.1272416666666683,14.880164583333327
0.368,0.1283393638888889,0.1336004,0.15497839999999996,0.14428939999999998,0.1310648,0.15329579999999998,0.14218029999999998,0.14323484999999997,2.1091000000000024,14.895486111111078
0.36833333333333335,0.12832500000000002,0.13353029166666666,0.15490799999999996,0.1442191458333333,0.13103225,0.15322412499999996,0.14212818749999998,0.14317366666666664,2.090958333333337,14.84866666666662
0.36866666666666664,0.1283017375,0.13346018333333334,0.15483759999999996,0.14414889166666667,0.1309997,0.15315244999999997,0.14207607499999997,0.14311248333333332,2.072816666666699,14.810745833333305
0.369,0.12825678819444442,0.133390075,0.15476719999999997,0.1440786375,0.13096715,0.15308077499999997,0.1420239625,0.1430513,2.054675000000006,14.794511805555576
0.36933333333333335,0.12820065,0.13331996666666665,0.15469679999999997,0.14400838333333332,0.1309346,0.15300909999999998,0.14197185,0.14299011666666667,2.0365333333333124,14.789466666666668
0.36966666666666664,0.1281658375,0.13324985833333333,0.15462639999999997,0.14393812916666665,0.13090205,0.152937425,0.14191973749999998,0.1429289333333333,2.0183916666666746,14.763095833333322
0.37,0.1281273888888889,0.13317974999999999,0.15455599999999997,0.14386787499999998,0.1308695,0.15286574999999997,0.141867625,0.14286775,2.000249999999981,14.740361111111099
0.37033333333333335,0.12810839375,0.13310964166666667,0.15448559999999997,0.1437976208333333,0.13083695,0.15279407499999997,0.1418155125,0.14280656666666663,1.9821083333333156,14.69817291666664
0.37066666666666664,0.1280782,0.13303953333333332,0.15441519999999997,0.14372736666666663,0.13080440000000002,0.15272239999999998,0.14176339999999998,0.1427453833333333,1.96396666666665,14.667183333333305
0.371,0.12802605625000002,0.132969425,0.15434479999999998,0.1436571125,0.13077185,0.15265072499999996,0.14171128749999998,0.14268419999999998,1.9458250000000121,14.658143749999963
0.37133333333333335,0.1280087888888889,0.13289931666666666,0.15427439999999998,0.14358685833333332,0.1307393,0.15257904999999997,0.14165917499999997,0.14262301666666666,1.9276833333333465,14.614227777777767
0.37166666666666665,0.12795893749999998,0.13282920833333334,0.15420399999999998,0.14351660416666667,0.13070675,0.15250737499999997,0.1416070625,0.14256183333333333,1.909541666666681,14.602895833333351
0.372,0.1279088,0.1327591,0.15413359999999998,0.14344635,0.1306742,0.15243569999999998,0.14155494999999998,0.14250065,1.8914000000000153,14.591850000000017
0.3723333333333333,0.12787700624999998,0.13268899166666667,0.15406319999999998,0.14337609583333333,0.13064165,0.152364025,0.14150283749999998,0.14243946666666665,1.8732583333333497,14.562460416666672
0.37266666666666665,0.12784355,0.13261888333333333,0.15399279999999999,0.14330584166666666,0.1306091,0.15229234999999997,0.141450725,0.14237828333333333,1.8551166666666563,14.534733333333328
0.373,0.12779908888888888,0.13254877499999998,0.1539224,0.14323558749999998,0.13057655,0.15222067499999997,0.1413986125,0.14231709999999997,1.8369749999999907,14.51801111111109
0.3733333333333333,0.12777533333333332,0.13247866666666666,0.153852,0.1431653333333333,0.130544,0.15214899999999998,0.14134649999999999,0.14225591666666665,1.818833333333325,14.480583333333325
0.37366666666666665,0.1277231236111111,0.13240855833333331,0.1537816,0.14309507916666664,0.13051145,0.15207732499999999,0.1412943875,0.14219473333333332,1.8006916666666317,14.471609722222222
0.374,0.1276774125,0.13233845,0.15371119999999996,0.14302482499999997,0.1304789,0.15200564999999996,0.14124227499999997,0.14213354999999997,1.7825499999999939,14.456137499999965
0.3743333333333333,0.12764324583333334,0.13226834166666665,0.1536408,0.14295457083333332,0.13044635000000002,0.15193397499999997,0.1411901625,0.14207236666666667,1.7644083333333282,14.429120833333336
0.37466666666666665,0.12758062777777776,0.13219823333333333,0.15357039999999997,0.14288431666666665,0.1304138,0.15186229999999998,0.14113805,0.14201118333333332,1.7462666666666626,14.430555555555557
0.375,0.127575,0.13212812499999999,0.15349999999999997,0.14281406249999998,0.13038125,0.15179062499999996,0.14108593749999998,0.14194999999999997,1.728124999999997,14.374999999999972
0.3753333333333333,0.1275257125,0.13205801666666667,0.15342959999999997,0.14274380833333333,0.1303487,0.15171894999999996,0.141033825,0.14188881666666667,1.7099833333333314,14.363104166666668
0.37566666666666665,0.12747781875,0.13198790833333332,0.15335919999999997,0.14267355416666666,0.13031615000000002,0.15164727499999997,0.1409817125,0.14182763333333331,1.6918416666666658,14.349814583333314
0.376,0.127438325,0.13191779999999997,0.15328879999999998,0.1426033,0.1302836,0.15157559999999998,0.1409296,0.14176645,1.6737000000000002,14.328124999999996
0.3763333333333333,0.1273940875,0.13184769166666666,0.15321839999999998,0.14253304583333332,0.13025105,0.15150392499999998,0.1408774875,0.14170526666666666,1.6555583333333068,14.31117916666666
0.37666666666666665,0.12733627083333332,0.1317775833333333,0.15314799999999998,0.14246279166666664,0.13021850000000001,0.15143224999999996,0.14082537499999997,0.1416440833333333,1.637416666666669,14.307812499999988
0.377,0.127325,0.131707475,0.15307759999999998,0.14239253749999997,0.13018595,0.15136057499999997,0.1407732625,0.14158289999999998,1.6192749999999756,14.25789999999999
0.3773333333333333,0.127303225,0.13163736666666664,0.15300719999999998,0.1423222833333333,0.1301534,0.15128889999999998,0.14072115,0.14152171666666663,1.60113333333331,14.218491666666639
0.37766666666666665,0.1272542736111111,0.13156725833333333,0.15293679999999998,0.14225202916666665,0.13012085,0.15121722499999998,0.14066903749999998,0.1414605333333333,1.5829916666666721,14.206259722222198
0.378,0.1272052625,0.13149714999999998,0.15286639999999999,0.14218177499999998,0.13008830000000002,0.15114554999999996,0.140616925,0.14139934999999998,1.5648499999999788,14.19408749999998
0.3783333333333333,0.12715286805555553,0.13142704166666666,0.152796,0.14211152083333334,0.13005575,0.15107387499999997,0.14056481249999997,0.14133816666666665,1.5467083333333687,14.185298611111119
0.37866666666666665,0.12712500000000002,0.13135693333333331,0.1527256,0.14204126666666667,0.1300232,0.15100219999999998,0.1405127,0.14127698333333333,1.5285666666666753,14.151983333333312
0.379,0.12710600555555557,0.13128682499999997,0.1526552,0.1419710125,0.12999065,0.15093052499999995,0.14046058749999998,0.1412158,1.5104250000000097,14.109794444444434
0.3793333333333333,0.12705718333333332,0.13121671666666665,0.1525848,0.14190075833333332,0.12995810000000002,0.15085885,0.140408475,0.14115461666666668,1.4922833333333163,14.097433333333353
0.37966666666666665,0.12700566875000002,0.1311466083333333,0.1525144,0.14183050416666665,0.12992555,0.15078717499999997,0.1403563625,0.14109343333333332,1.4741416666666507,14.087764583333302
0.38,0.126980125,0.1310895,0.15244399999999997,0.14176675,0.129893,0.15071549999999997,0.14030425,0.14103549999999998,1.4625000000000055,14.05537499999998
0.3803333333333333,0.1269506673611111,0.131058175,0.1523736,0.1417158875,0.12986045000000002,0.15064382499999998,0.14025213749999998,0.14098401249999998,1.4637500000000137,14.033345138888876
0.38066666666666665,0.1268905111111111,0.13102685,0.15230319999999997,0.141665025,0.1298279,0.15057214999999996,0.14020002499999998,0.14093252499999998,1.4650000000000218,14.04201388888887
0.381,0.12685974375,0.130995525,0.15223279999999997,0.14161416249999997,0.12979535,0.15050047499999997,0.14014791249999997,0.14088103749999997,1.4662500000000023,14.02129374999997
0.3813333333333333,0.12682464999999998,0.1309642,0.15216239999999998,0.1415633,0.1297628,0.15042879999999997,0.1400958,0.14082955,1.4675000000000105,14.004900000000015
0.38166666666666665,0.1267854722222222,0.130932875,0.15209199999999998,0.14151243749999998,0.12973025000000002,0.15035712499999998,0.1400436875,0.1407780625,1.4687499999999631,13.9925902777778
0.382,0.12673809999999996,0.13090154999999998,0.15202159999999998,0.14146157499999998,0.1296977,0.15028544999999996,0.13999157499999998,0.14072657499999996,1.469999999999999,13.988475000000001
0.3823333333333333,0.12670179652777777,0.13087022499999998,0.15195119999999998,0.14141071249999998,0.12966515,0.15021377499999997,0.1399394625,0.1406750875,1.4712499999999795,13.97329097222222
0.38266666666666665,0.1266590222222222,0.13083889999999998,0.15188079999999998,0.14135984999999998,0.12963260000000001,0.15014209999999997,0.13988735,0.1406236,1.4724999999999877,13.964577777777793
0.383,0.12661779791666666,0.13080757499999998,0.15181039999999998,0.14130898749999998,0.12960005,0.15007042499999998,0.1398352375,0.14057211249999998,1.473749999999996,13.954314583333321
0.3833333333333333,0.12657961805555557,0.13077624999999998,0.15173999999999999,0.14125812499999998,0.1295675,0.14999875,0.139783125,0.140520625,1.4749999999999763,13.941006944444446
0.38366666666666666,0.12653351875,0.13074492499999998,0.1516696,0.14120726249999999,0.12953495,0.14992707499999997,0.13973101249999997,0.14046913749999998,1.4762500000000123,13.935618749999989
0.384,0.1265070888888889,0.13071359999999999,0.1515992,0.1411564,0.12950240000000002,0.14985539999999997,0.1396789,0.14041765,1.4774999999999927,13.910561111111107
0.3843333333333333,0.12647306458333332,0.130682275,0.1515288,0.1411055375,0.12946985,0.14978372499999998,0.1396267875,0.1403661625,1.478750000000001,13.89309791666668
0.38466666666666666,0.1264294,0.13065095,0.1514584,0.141054675,0.1294373,0.14971204999999996,0.13957467499999998,0.140314675,1.480000000000009,13.885275000000002
0.385,0.12638341666666666,0.130619625,0.151388,0.1410038125,0.12940475,0.14964037499999996,0.1395225625,0.1402631875,1.4812499999999895,13.879770833333332
0.3853333333333333,0.126358925,0.1305883,0.1513176,0.14095295,0.12937220000000002,0.14956869999999997,0.13947045,0.1402117,1.4824999999999977,13.852774999999983
0.38566666666666666,0.12632201875000001,0.130556975,0.1512472,0.1409020875,0.12933965,0.14949702499999998,0.1394183375,0.1401602125,1.483750000000006,13.838193749999977
0.386,0.12627500000000003,0.13052565,0.15117679999999997,0.14085122499999997,0.1293071,0.14942534999999996,0.13936622499999998,0.140108725,1.4849999999999863,13.833724999999964
0.3863333333333333,0.1262415548611111,0.130494325,0.1511064,0.1408003625,0.12927455000000002,0.14935367499999996,0.13931411249999998,0.1400572375,1.4862500000000223,13.815682638888882
0.38666666666666666,0.1262008888888889,0.130463,0.15104133333333333,0.14075216666666668,0.129242,0.14928199999999997,0.139262,0.14000708333333334,1.4901666666666813,13.806194444444447
0.387,0.12613433125,0.130431675,0.1509768,0.1407042375,0.12920945,0.14921032499999998,0.1392098875,0.1399570625,1.4943500000000054,13.822731249999997
0.3873333333333333,0.1261087875,0.13040035,0.15091226666666666,0.1406563083333333,0.12917800000000002,0.14913864999999998,0.139158325,0.13990731666666667,1.4979833333333137,13.798529166666656
0.38766666666666666,0.12608324375,0.130369025,0.15084773333333332,0.14060837916666666,0.129147,0.14906697499999996,0.1391069875,0.13985768333333332,1.5013916666666571,13.774439583333326
0.388,0.12602902777777775,0.1303377,0.15078319999999998,0.14056045,0.129116,0.14899599999999996,0.13905599999999999,0.139808225,1.5044500000000183,13.779197222222262
0.3883333333333333,0.12598413888888887,0.130306375,0.15071866666666667,0.14051252083333332,0.129085,0.14893499999999998,0.13901,0.13976126041666664,1.5025208333333262,13.77712152777777
0.38866666666666666,0.125975,0.13027505,0.15065413333333333,0.14046459166666667,0.129054,0.14887399999999998,0.13896399999999998,0.13971429583333334,1.5005916666666896,13.739295833333331
0.389,0.12591769791666665,0.130243725,0.1505896,0.1404166625,0.129023,0.14881299999999997,0.13891799999999999,0.13966733125,1.4986625000000253,13.749633333333344
0.3893333333333333,0.12585865000000004,0.1302124,0.15052506666666665,0.14036873333333333,0.12899200000000002,0.14875199999999997,0.138872,0.13962036666666666,1.4967333333333332,13.761716666666619
0.38966666666666666,0.12583498333333332,0.130181075,0.1504605333333333,0.14032080416666665,0.12896100000000002,0.14869099999999996,0.138826,0.13957340208333333,1.4948041666666412,13.738418750000008
0.39,0.1257814236111111,0.13014975,0.15039599999999997,0.140272875,0.12893000000000002,0.14862999999999996,0.13878,0.1395264375,1.4928750000000046,13.745013888888879
0.3903333333333333,0.12573514375,0.130118425,0.15033146666666666,0.14022494583333334,0.128899,0.14856899999999998,0.138734,0.13947947291666668,1.4909458333333403,13.744329166666681
0.39066666666666666,0.1257096,0.13008709999999998,0.15026693333333332,0.14017701666666665,0.128868,0.14850799999999997,0.13868799999999998,0.13943250833333332,1.489016666666676,13.722908333333312
0.391,0.1256453236111111,0.13005577499999998,0.15020239999999999,0.14012908749999997,0.128837,0.14844699999999997,0.138642,0.13938554374999998,1.487087499999984,13.74022013888887
0.3913333333333333,0.12558534444444444,0.13002444999999999,0.15013786666666665,0.14008115833333332,0.128806,0.14838599999999996,0.138596,0.13933857916666664,1.4851583333333196,13.753234722222201
0.39166666666666666,0.12555796875,0.129993125,0.15007333333333334,0.14003322916666666,0.128775,0.14832499999999998,0.13855,0.13929161458333333,1.4832291666666553,13.733645833333336
0.39199999999999996,0.12553381666666666,0.1299618,0.1500088,0.13998529999999998,0.12874400000000003,0.14826399999999998,0.13850400000000002,0.13924465,1.4812999999999632,13.710833333333339
0.3923333333333333,0.12546668402777778,0.129930475,0.14994426666666666,0.13993737083333332,0.12871300000000002,0.14820299999999997,0.138458,0.13919768541666666,1.4793708333333266,13.731001388888886
0.39266666666666666,0.12541892500000001,0.12989915,0.14987973333333332,0.13988944166666667,0.12868200000000002,0.14814199999999997,0.13841199999999998,0.13915072083333332,1.47744166666669,13.73179583333331
0.39299999999999996,0.12539959444444443,0.129867825,0.1498152,0.1398415125,0.12865100000000002,0.148081,0.138366,0.13910375625,1.475512499999998,13.70416180555556
0.3933333333333333,0.12536338888888887,0.1298365,0.14975066666666667,0.13979358333333333,0.12862,0.14801999999999998,0.13832,0.13905679166666668,1.4735833333333337,13.693402777777807
0.39366666666666666,0.12530265625,0.129805175,0.14968613333333333,0.13974565416666668,0.128589,0.14795899999999998,0.138274,0.13900982708333334,1.4716541666666694,13.707170833333338
0.39399999999999996,0.12526203333333333,0.12977385,0.1496216,0.139697725,0.128558,0.14789799999999997,0.138228,0.1389628625,1.469725000000005,13.700829166666677
0.3943333333333333,0.12525,0.129742525,0.14955706666666665,0.1396497958333333,0.128527,0.14783699999999997,0.13818199999999997,0.13891589791666664,1.4677958333333407,13.665897916666642
0.39466666666666667,0.1251827972222222,0.1297112,0.14949253333333332,0.13960186666666666,0.128496,0.14777599999999996,0.13813599999999998,0.13886893333333333,1.4658666666666764,13.686136111111136
0.39499999999999996,0.12513690625,0.129679875,0.149428,0.1395539375,0.12846500000000002,0.14771499999999999,0.13809,0.13882196875,1.463937500000012,13.685062499999983
0.3953333333333333,0.12509090694444447,0.12964855,0.14936346666666667,0.13950600833333332,0.12843400000000002,0.14765399999999998,0.138044,0.13877500416666666,1.46200833333332,13.684097222222192
0.39566666666666667,0.12504423333333334,0.129617225,0.14929893333333333,0.13945807916666667,0.12840300000000002,0.14759299999999997,0.137998,0.13872803958333335,1.4600791666666557,13.683806250000014
0.39599999999999996,0.1250134,0.1295859,0.1492344,0.13941015,0.128372,0.14753199999999997,0.137952,0.138681075,1.4581500000000192,13.66767499999999
0.3963333333333333,0.12496633750000001,0.129554575,0.14916986666666665,0.13936222083333333,0.128341,0.14747099999999996,0.13790599999999997,0.13863411041666665,1.4562208333333548,13.66777291666664
0.39666666666666667,0.12490568749999999,0.12952325,0.1491053333333333,0.13931429166666665,0.12831,0.14740999999999996,0.13785999999999998,0.13858714583333331,1.4542916666666628,13.681458333333326
0.39699999999999996,0.12486176875000003,0.129491925,0.1490408,0.13926636250000002,0.128279,0.14734899999999998,0.137814,0.13854018125,1.4523625000000262,13.678412499999974
0.3973333333333333,0.12481773055555558,0.1294606,0.14897626666666666,0.13921843333333334,0.128248,0.14728799999999997,0.137768,0.13849321666666667,1.4504333333333341,13.675486111111093
0.39766666666666667,0.12478449444444445,0.129429275,0.14891173333333332,0.13917050416666665,0.128217,0.14722699999999997,0.13772199999999998,0.13844625208333333,1.4485041666666698,13.661757638888883
0.39799999999999996,0.12475005138888888,0.12939795,0.14884719999999999,0.139122575,0.12818600000000002,0.147166,0.13767600000000002,0.13839928750000002,1.4465749999999777,13.649236111111144
0.3983333333333333,0.1246941875,0.129366625,0.14878266666666665,0.13907464583333334,0.12815500000000002,0.14710499999999999,0.13763,0.13835232291666666,1.4446458333333412,13.658135416666662
0.39866666666666667,0.12464622499999999,0.12933530000000001,0.14871813333333334,0.13902671666666666,0.12812400000000002,0.14704399999999998,0.13758399999999998,0.13830535833333332,1.4427166666666769,13.659133333333337
0.39899999999999997,0.12459662291666668,0.12930397500000002,0.1486536,0.1389787875,0.128093,0.14698299999999997,0.137538,0.13825839374999999,1.4407875000000125,13.661770833333309
0.3993333333333333,0.12455184583333334,0.12927265000000002,0.14858906666666666,0.13893085833333335,0.128062,0.14692199999999997,0.137492,0.13821142916666668,1.4388583333333482,13.659583333333336
0.39966666666666667,0.12448358472222222,0.129241325,0.14852453333333332,0.13888292916666667,0.128031,0.14686099999999996,0.13744599999999998,0.1381644645833333,1.436929166666684,13.680879861111093
0.39999999999999997,0.12443812500000001,0.12921000000000002,0.14846,0.13883500000000001,0.128,0.14679999999999999,0.1374,0.1381175,1.4350000000000196,13.679374999999993
0.4003333333333333,0.12440154236111112,0.129178675,0.14839546666666667,0.13878707083333333,0.127969,0.14673899999999998,0.13735399999999998,0.13807053541666664,1.4330708333333553,13.668993055555523
0.40066666666666667,0.12434461250000002,0.12914735,0.14833093333333333,0.13873914166666668,0.127938,0.14667799999999998,0.13730799999999999,0.13802357083333333,1.431141666666691,13.678958333333311
0.40099999999999997,0.12431461875,0.129116025,0.1482664,0.1386912125,0.12790700000000002,0.14661699999999997,0.137262,0.13797660625,1.4292124999999989,13.6619875
0.4013333333333333,0.12427380833333335,0.1290847,0.14820186666666665,0.1386432833333333,0.12787600000000002,0.14655599999999996,0.137216,0.13792964166666666,1.4272833333333068,13.655833333333312
0.40166666666666667,0.12421721527777776,0.129053375,0.14813733333333332,0.13859535416666666,0.12784500000000001,0.14649499999999996,0.13717,0.13788267708333332,1.4253541666666703,13.665461805555557
0.40199999999999997,0.12416432222222222,0.12902205,0.1480728,0.138547425,0.127814,0.14643399999999998,0.137124,0.13783571249999998,1.423425000000006,13.671390277777764
0.4023333333333333,0.1241280125,0.12899116666666668,0.14800826666666667,0.13849971666666666,0.127783,0.14637299999999998,0.13707799999999998,0.13778885833333332,1.4217166666666836,13.660845833333324
0.4026666666666667,0.1240738,0.12896133333333334,0.14794373333333333,0.13845253333333335,0.127752,0.14631199999999997,0.137032,0.13774226666666667,1.4205333333333625,13.66846666666667
0.40299999999999997,0.12402156874999999,0.1289315,0.1478792,0.13840534999999998,0.127721,0.14625099999999996,0.136986,0.137695675,1.419349999999986,13.674106249999998
0.4033333333333333,0.12396393750000001,0.12890166666666666,0.14781466666666665,0.13835816666666667,0.12769,0.14619,0.13694,0.13764908333333334,1.4181666666666648,13.685145833333328
0.4036666666666667,0.12392495208333332,0.12887183333333332,0.1477501333333333,0.1383109833333333,0.127659,0.14612899999999998,0.136894,0.13760249166666666,1.416983333333316,13.677539583333342
0.40399999999999997,0.1238739277777778,0.128842,0.1476856,0.1382638,0.12762800000000002,0.14606799999999998,0.136848,0.1375559,1.4157999999999948,13.681972222222214
0.4043333333333333,0.12381543125000001,0.12881216666666667,0.14762106666666666,0.13821661666666668,0.12759700000000002,0.14600699999999997,0.13680199999999998,0.13750930833333333,1.4146166666667015,13.69387708333332
0.4046666666666667,0.12376565972222221,0.12878233333333333,0.14755653333333332,0.1381694333333333,0.127566,0.14594599999999996,0.136756,0.13746271666666665,1.4134333333333249,13.697056944444439
0.40499999999999997,0.12371746875000002,0.12875250000000002,0.14749199999999998,0.13812225,0.127535,0.145885,0.13671,0.137416125,1.4122500000000038,13.698656249999983
0.4053333333333333,0.12368474722222222,0.12872266666666668,0.14742746666666667,0.1380750666666667,0.127504,0.14582399999999998,0.136664,0.13736953333333335,1.4110666666666827,13.684786111111125
0.4056666666666667,0.1236265125,0.12869283333333334,0.14736293333333333,0.13802788333333332,0.127473,0.14576299999999998,0.136618,0.13732294166666664,1.4098833333333338,13.696429166666649
0.40599999999999997,0.12358269305555557,0.128663,0.1472984,0.1379807,0.127442,0.14570199999999997,0.13657199999999997,0.13727635,1.4087000000000405,13.693656944444424
0.4063333333333333,0.12353791597222223,0.12863316666666666,0.14723386666666666,0.13793351666666664,0.127411,0.14564099999999996,0.13652599999999998,0.1372297583333333,1.4075166666666639,13.691842361111082
0.4066666666666667,0.123476375,0.12860333333333335,0.14716933333333332,0.13788633333333333,0.12738,0.14557999999999996,0.13648,0.13718316666666666,1.4063333333333428,13.706791666666662
0.407,0.1234377875,0.1285735,0.1471048,0.13783915000000002,0.12734900000000002,0.14551899999999998,0.136434,0.137136575,1.4051500000000217,13.698787500000003
0.4073333333333333,0.12338726527777778,0.12854366666666667,0.14704026666666667,0.13779196666666665,0.12731800000000001,0.14545799999999998,0.136388,0.13708998333333333,1.403966666666645,13.702718055555549
0.4076666666666667,0.12334124375000001,0.12851383333333333,0.14697573333333333,0.13774478333333334,0.127287,0.14539699999999997,0.136342,0.13704339166666668,1.4027833333333517,13.702147916666672
0.408,0.12329569444444445,0.12848400000000001,0.1469112,0.1376976,0.127256,0.14533599999999997,0.13629599999999997,0.13699679999999997,1.4016000000000306,13.701105555555523
0.4083333333333333,0.12323656250000001,0.12845416666666667,0.14684666666666665,0.13765041666666666,0.127225,0.14527499999999996,0.13624999999999998,0.13695020833333332,1.4004166666666817,13.713645833333315
0.4086666666666667,0.1231886,0.12842433333333333,0.14678213333333331,0.13760323333333332,0.1271958,0.14521399999999998,0.1362049,0.13690406666666666,1.3983333333333348,13.715466666666662
0.409,0.12312658124999999,0.1283945,0.1467176,0.13755604999999999,0.1271741,0.14515299999999998,0.13616355,0.13685979999999998,1.392499999999991,13.733218749999985
0.4093333333333333,0.12306757777777778,0.12836466666666668,0.1466616,0.13751313333333334,0.1271524,0.14509199999999997,0.13612219999999997,0.13681766666666667,1.3909333333333718,13.750088888888886
0.4096666666666667,0.1230415875,0.12833483333333334,0.14660879999999998,0.13747181666666666,0.1271307,0.14503099999999997,0.13608084999999998,0.13677633333333333,1.3909666666666876,13.734745833333339
0.41,0.12297793750000001,0.128305,0.146556,0.1374305,0.127109,0.14497449999999998,0.13604175,0.136736125,1.388750000000022,13.758187499999977
0.4103333333333333,0.12291753750000001,0.12827516666666666,0.1465032,0.13738918333333333,0.12708730000000001,0.14492265,0.136004975,0.13669707916666668,1.384208333333331,13.779541666666672
0.4106666666666667,0.1228676,0.12824533333333332,0.14645039999999998,0.13734786666666665,0.1270656,0.14487079999999997,0.13596819999999998,0.13665803333333332,1.379666666666668,13.790433333333324
0.411,0.12282723958333333,0.1282155,0.1463976,0.13730655,0.12704390000000002,0.14481894999999997,0.135931425,0.1366189875,1.3751250000000048,13.79174791666668
0.41133333333333333,0.1227650638888889,0.12818566666666667,0.1463448,0.13726523333333335,0.1270222,0.14476709999999998,0.13589465,0.13657994166666668,1.3705833333333417,13.814877777777776
0.4116666666666666,0.1226944375,0.12815583333333333,0.146292,0.13722391666666667,0.12700050000000002,0.14471525,0.13585787500000002,0.13654089583333334,1.3660416666666508,13.84645833333334
0.412,0.12266835000000001,0.12812600000000002,0.14623919999999999,0.1371826,0.1269788,0.14466339999999997,0.13582109999999997,0.13650184999999998,1.3615000000000155,13.83349999999997
0.41233333333333333,0.1226016375,0.12809616666666668,0.1461864,0.13714128333333334,0.12695710000000002,0.14461154999999998,0.13578432499999998,0.13646280416666667,1.3569583333333524,13.861166666666675
0.4126666666666666,0.12256829999999999,0.12806633333333334,0.1461336,0.13709996666666668,0.1269354,0.14455969999999999,0.13574755,0.13642375833333334,1.3524166666666892,13.855458333333349
0.413,0.1225400875,0.1280365,0.1460808,0.13705865,0.1269137,0.14450785,0.135710775,0.1363847125,1.3478749999999984,13.844624999999999
0.41333333333333333,0.12243651388888889,0.12800666666666666,0.146028,0.13701733333333332,0.126892,0.14445599999999997,0.135674,0.13634566666666664,1.3433333333333353,13.909152777777752
0.4136666666666666,0.12239395625,0.12797683333333335,0.1459752,0.13697601666666667,0.1268703,0.14440414999999998,0.13563722499999997,0.13630662083333334,1.3387916666667,13.912664583333331
0.414,0.1223462,0.127947,0.1459224,0.13693470000000002,0.1268486,0.1443523,0.13560044999999998,0.136267575,1.3342500000000368,13.921375
0.41433333333333333,0.12228123263888889,0.12791716666666667,0.1458696,0.13689338333333334,0.1268269,0.14430044999999997,0.135563675,0.13622852916666667,1.329708333333346,13.947296527777779
0.41466666666666663,0.12222018888888889,0.12788733333333335,0.1458168,0.13685206666666666,0.1268052,0.14424859999999998,0.1355269,0.13618948333333333,1.325166666666655,13.969294444444447
0.415,0.12216990625,0.1278575,0.145764,0.13681075,0.1267835,0.14419674999999998,0.135490125,0.1361504375,1.3206250000000197,13.980531249999997
0.41533333333333333,0.1221260888888889,0.12782766666666667,0.14571119999999999,0.13676943333333333,0.1267618,0.1441449,0.13545335,0.13611139166666666,1.3160833333333288,13.985302777777765
0.41566666666666663,0.12205958125000001,0.12779783333333333,0.1456584,0.13672811666666668,0.1267401,0.14409305,0.13541657499999998,0.13607234583333333,1.3115416666666935,14.012764583333324
0.416,0.1220214,0.127768,0.1456056,0.1366868,0.1267184,0.14404119999999998,0.1353798,0.1360333,1.3070000000000026,14.011899999999994
0.41633333333333333,0.12197414027777778,0.12773816666666668,0.1455528,0.13664548333333335,0.1266967,0.14398935,0.135343025,0.13599425416666666,1.3024583333333395,14.02011388888888
0.41666666666666663,0.12192031250000002,0.12770833333333334,0.14550000000000002,0.1366041666666667,0.126675,0.1439375,0.13530625000000002,0.13595520833333335,1.2979166666666764,14.034895833333339
0.417,0.12184528124999999,0.1276785,0.1454472,0.13656285,0.1266533,0.14388564999999998,0.13526947499999997,0.1359161625,1.293375000000041,14.07088125
0.41733333333333333,0.12179735,0.12764866666666666,0.1453944,0.13652153333333333,0.1266316,0.14383379999999998,0.13523269999999998,0.13587711666666666,1.2888333333333502,14.07976666666666
0.41766666666666663,0.12175188472222222,0.12761883333333335,0.14534160000000002,0.13648021666666668,0.1266099,0.14378195,0.135195925,0.13583807083333332,1.284291666666687,14.086186111111108
0.418,0.12168002500000001,0.127589,0.1452888,0.1364389,0.1265882,0.1437301,0.13515915,0.13579902500000002,1.2797499999999962,14.119000000000007
0.41833333333333333,0.12163080208333334,0.12755916666666667,0.145236,0.13639758333333335,0.1265665,0.14367824999999998,0.135122375,0.13575997916666666,1.2752083333333608,14.12917708333332
0.41866666666666663,0.12157838611111112,0.12752933333333333,0.1451832,0.13635626666666667,0.1265448,0.1436264,0.1350856,0.13572093333333335,1.27066666666667,14.142547222222232
0.419,0.1215330125,0.12749950000000002,0.1451304,0.13631495,0.1265231,0.14357455,0.13504882499999998,0.1356818875,1.2661250000000068,14.148874999999991
0.41933333333333334,0.1214791375,0.12746966666666668,0.1450776,0.13627363333333334,0.12650139999999999,0.1435227,0.13501205,0.13564284166666668,1.2615833333333437,14.16370416666668
0.41966666666666663,0.12142166875000002,0.12743983333333334,0.1450248,0.1362323166666667,0.1264797,0.14347084999999998,0.134975275,0.13560379583333335,1.2570416666666806,14.182127083333329
0.42,0.12136693055555557,0.12741,0.14497200000000002,0.136191,0.126458,0.143419,0.1349385,0.13556475,1.2525000000000175,14.19781944444444
0.42033333333333334,0.12130861875000001,0.12738016666666666,0.1449192,0.13614968333333333,0.1264363,0.14336715,0.134901725,0.13552570416666665,1.2479583333333266,14.217085416666636
0.42066666666666663,0.12123541805555557,0.12735033333333334,0.1448664,0.13610836666666667,0.1264146,0.1433153,0.13486494999999998,0.13548665833333334,1.2434166666666913,14.251240277777772
0.421,0.12119761875,0.1273205,0.14481360000000001,0.13606705000000002,0.1263929,0.14326345,0.134828175,0.1354476125,1.2388750000000281,14.249993750000009
0.42133333333333334,0.12114435,0.12729066666666666,0.1447608,0.13602573333333334,0.1263712,0.1432116,0.1347914,0.13540856666666667,1.2343333333333373,14.264216666666677
0.42166666666666663,0.12108094791666667,0.12726083333333335,0.144708,0.13598441666666666,0.1263495,0.14315975,0.13475462500000002,0.13536952083333334,1.2297916666666464,14.288572916666672
0.422,0.12103796250000001,0.127231,0.1446552,0.1359431,0.1263278,0.14310789999999998,0.13471784999999997,0.135330475,1.2252500000000388,14.292512499999994
0.42233333333333334,0.12097356875000001,0.12720116666666667,0.1446024,0.13590178333333333,0.1263061,0.14305605,0.13468107499999998,0.13529142916666664,1.220708333333348,14.317860416666633
0.42266666666666663,0.12090861944444446,0.12717133333333333,0.1445496,0.13586046666666668,0.1262844,0.1430042,0.1346443,0.13525238333333334,1.2161666666666848,14.343763888888875
0.423,0.12082248125000002,0.1271415,0.1444968,0.13581915,0.1262627,0.14295235,0.134607525,0.1352133375,1.211624999999994,14.390856249999986
0.42333333333333334,0.12078524305555555,0.12711166666666668,0.14444400000000002,0.13577783333333335,0.126241,0.14290049999999999,0.13457075,0.13517429166666667,1.2070833333333586,14.389048611111122
0.42366666666666664,0.12071466250000001,0.12708183333333334,0.14439120000000003,0.1357365166666667,0.1262193,0.14284865,0.134533975,0.13513524583333336,1.2025416666666955,14.420583333333347
0.424,0.12064612777777778,0.127052,0.1443384,0.13569520000000002,0.1261976,0.1427968,0.13449719999999998,0.1350962,1.1980000000000324,14.450072222222222
0.42433333333333334,0.1205656125,0.12702216666666666,0.1442856,0.13565388333333334,0.1261759,0.14274495,0.134460425,0.13505715416666667,1.1934583333333415,14.491541666666663
0.42466666666666664,0.12052288750000002,0.12699501666666668,0.14423280000000002,0.13561390833333337,0.1261542,0.1426931,0.13442365,0.13501877916666669,1.1902583333333605,14.495891666666664
0.425,0.12049185763888887,0.126975625,0.14418,0.1355778125,0.1261325,0.14264125,0.13438687500000002,0.13498234375,1.1909374999999889,14.490486111111146
0.42533333333333334,0.12042782499999999,0.12695623333333333,0.1441272,0.13554171666666667,0.1261108,0.1425894,0.1343501,0.13494590833333334,1.1916166666666728,14.518083333333347
0.42566666666666664,0.1203393875,0.12693684166666666,0.14407440000000002,0.13550562083333334,0.1260891,0.14253755,0.134313325,0.13490947291666666,1.192295833333329,14.570085416666656
0.426,0.12029134444444445,0.12691745000000001,0.1440216,0.135469525,0.1260674,0.1424857,0.13427655,0.13487303750000001,1.1929750000000128,14.581693055555567
0.42633333333333334,0.12022752222222222,0.12689805833333334,0.1439688,0.13543342916666667,0.12604569999999998,0.14243385,0.134239775,0.13483660208333334,1.193654166666669,14.609079861111123
0.42666666666666664,0.12018134722222222,0.12687866666666667,0.14391600000000002,0.13539733333333334,0.126024,0.142382,0.13420300000000002,0.13480016666666667,1.194333333333325,14.618819444444444
0.427,0.12012533125000001,0.126859275,0.14386320000000002,0.1353612375,0.12600229999999998,0.14233015000000002,0.134166225,0.13476373125000002,1.195012500000009,14.63840000000001
0.42733333333333334,0.12008771527777776,0.12683988333333335,0.1438104,0.13532514166666668,0.1259806,0.1422783,0.13412944999999998,0.13472729583333332,1.1956916666666928,14.63958055555556
0.42766666666666664,0.11998088541666667,0.12682049166666667,0.1437576,0.13528904583333334,0.12595889999999998,0.14222645,0.134092675,0.13469086041666667,1.196370833333349,14.709975
0.428,0.11992662222222222,0.1268011,0.14370480000000002,0.13525295,0.1259372,0.1421746,0.1340559,0.13465442500000002,1.197050000000005,14.727802777777798
0.42833333333333334,0.11987571875,0.12678170833333333,0.143652,0.13521685416666668,0.12591549999999999,0.14212275,0.134019125,0.13461798958333332,1.197729166666689,14.74227083333332
0.42866666666666664,0.11982022500000002,0.12676231666666668,0.1435992,0.13518075833333335,0.1258938,0.1420709,0.13398235,0.13458155416666667,1.198408333333345,14.761329166666656
0.429,0.11973235069444443,0.126742925,0.14354640000000002,0.1351446625,0.1258721,0.14201905,0.13394557499999998,0.13454511875,1.199087500000029,14.812768055555564
0.42933333333333334,0.11967437777777779,0.12672353333333333,0.1434936,0.13510856666666665,0.1258504,0.14196720000000002,0.1339088,0.13450868333333332,1.1997666666666573,14.834305555555538
0.42966666666666664,0.11962807291666668,0.12670414166666666,0.1434408,0.13507247083333335,0.1258287,0.14191535000000002,0.133872025,0.13447224791666668,1.2004458333333412,14.844175000000002
0.43,0.119534875,0.12668475,0.14338800000000002,0.13503637500000001,0.125807,0.1418635,0.13383525000000002,0.13443581250000003,1.2011249999999973,14.90093750000003
0.43033333333333335,0.11947614375000001,0.12666535833333334,0.14333520000000002,0.13500027916666668,0.12579369999999998,0.14181165,0.13380267499999998,0.13440147708333333,1.1976041666666992,14.925333333333318
0.43066666666666664,0.11940180000000002,0.12664596666666667,0.1432824,0.13496418333333332,0.1257844,0.14175980000000002,0.1337721,0.13436814166666666,1.1920833333333158,14.966341666666647
0.431,0.11937782777777778,0.126626575,0.1432296,0.13492808750000002,0.1257751,0.14170795,0.133741525,0.13433480625,1.1865625000000157,14.956978472222215
0.43133333333333335,0.11932998194444445,0.12660718333333335,0.14317680000000002,0.13489199166666668,0.12576579999999998,0.1416561,0.13371095,0.13430147083333333,1.1810416666666879,14.97148888888887
0.43166666666666664,0.11923859375000002,0.12658779166666667,0.14312400000000003,0.13485589583333335,0.1257565,0.14160425000000001,0.13368037500000002,0.13426813541666668,1.1755208333333322,15.02954166666666
0.432,0.11917655,0.1265684,0.1430752,0.1348218,0.1257472,0.1415566,0.1336519,0.13423685,1.1699000000000015,15.060299999999986
0.4323333333333333,0.11912967847222224,0.12654900833333332,0.14302973333333335,0.13478937083333334,0.12573789999999999,0.14150932500000002,0.1336236125,0.13420649166666665,1.1657583333333499,15.076813194444414
0.43266666666666664,0.11906621527777779,0.12652961666666668,0.1429842666666667,0.13475694166666669,0.1257286,0.14146205,0.133595325,0.13417613333333334,1.1616166666666983,15.109918055555546
0.433,0.1190032375,0.126510225,0.1429388,0.1347245125,0.1257193,0.14141477500000002,0.1335670375,0.13414577500000002,1.1574749999999911,15.142537500000024
0.4333333333333333,0.1189525,0.12649083333333333,0.14289333333333334,0.13469208333333332,0.12571,0.1413675,0.13353874999999998,0.13411541666666665,1.1533333333333395,15.162916666666652
0.43366666666666664,0.11888399375,0.12647144166666666,0.14284786666666668,0.13465965416666667,0.1257007,0.14132022500000002,0.1335104625,0.13408505833333334,1.1491916666666602,15.20106458333334
0.434,0.11880736250000001,0.12645205,0.14280240000000002,0.13462722500000002,0.1256914,0.14127295,0.133482175,0.13405470000000003,1.1450500000000086,15.247337500000013
0.4343333333333333,0.11874234375000002,0.12643265833333334,0.14275693333333336,0.13459479583333334,0.1256821,0.14122567500000002,0.1334538875,0.13402434166666666,1.1409083333333292,15.281997916666636
0.43466666666666665,0.11868502500000003,0.12641326666666666,0.14271146666666668,0.13456236666666666,0.1256728,0.1411784,0.1334256,0.13399398333333334,1.1367666666666498,15.308958333333317
0.435,0.11860581250000002,0.126393875,0.14266600000000002,0.1345299375,0.12566349999999998,0.14113112500000002,0.1333973125,0.133963625,1.1326249999999982,15.357812499999984
0.4353333333333333,0.1185445875,0.12637448333333334,0.14262053333333335,0.13449750833333335,0.1256542,0.14108385,0.133369025,0.13393326666666666,1.1284833333333466,15.388679166666655
0.43566666666666665,0.11848399097222223,0.12635509166666667,0.1425750666666667,0.13446507916666667,0.1256449,0.14103657500000003,0.13334073750000003,0.13390290833333335,1.1243416666666395,15.418917361111117
0.436,0.11843282222222223,0.1263357,0.1425296,0.13443265,0.1256356,0.1409893,0.13331245,0.13387254999999998,1.1201999999999879,15.439727777777746
0.4363333333333333,0.11838783958333333,0.12631630833333335,0.14248413333333335,0.13440022083333336,0.1256263,0.14094202500000003,0.13328416250000003,0.1338421916666667,1.1160583333333363,15.454352083333358
0.43666666666666665,0.11829137499999999,0.12629691666666668,0.14243866666666669,0.13436779166666668,0.125617,0.14089475,0.13325587500000002,0.13381183333333335,1.111916666666657,15.520458333333362
0.437,0.11824103333333333,0.126277525,0.14239320000000003,0.1343353625,0.1256077,0.140847475,0.1332275875,0.13378147499999998,1.1077750000000053,15.540441666666654
0.4373333333333333,0.118169175,0.12625813333333333,0.14234773333333336,0.13430293333333335,0.1255984,0.14080020000000001,0.13319930000000002,0.13375111666666667,1.103633333333326,15.581941666666669
0.43766666666666665,0.11812980625,0.12623874166666668,0.14230226666666668,0.1342705041666667,0.1255891,0.140752925,0.13317101250000002,0.13372075833333336,1.0994916666666743,15.59095208333336
0.438,0.11805407638888889,0.12621935,0.14225680000000002,0.134238075,0.1255798,0.14070565000000002,0.13314272500000002,0.13369040000000001,1.095349999999995,15.636323611111127
0.4383333333333333,0.1179903576388889,0.12619995833333333,0.14221133333333336,0.13420564583333333,0.1255705,0.14065837500000003,0.13311443750000002,0.13366004166666667,1.0912083333333156,15.66968402777777
0.43866666666666665,0.1179556,0.12618056666666666,0.1421658666666667,0.13417321666666668,0.1255612,0.14061110000000002,0.13308615000000001,0.13362968333333336,1.087066666666664,15.674083333333366
0.439,0.1179177625,0.12616117500000001,0.1421204,0.13414078750000002,0.1255519,0.140563825,0.1330578625,0.13359932500000002,1.0829250000000123,15.681562500000023
0.4393333333333333,0.1178468875,0.12614178333333334,0.14207493333333335,0.13410835833333334,0.1255426,0.14051655000000002,0.133029575,0.13356896666666668,1.078783333333333,15.722079166666681
0.43966666666666665,0.11777182083333333,0.12612239166666667,0.1420294666666667,0.13407592916666666,0.1255333,0.140469275,0.1330012875,0.13353860833333334,1.0746416666666536,15.766787500000005
0.44,0.11769674999999999,0.126103,0.14198400000000003,0.1340435,0.125524,0.14042200000000002,0.132973,0.13350825,1.070500000000002,15.811500000000006
0.4403333333333333,0.11765596111111111,0.12608360833333335,0.14193853333333337,0.13401107083333336,0.1255147,0.140374725,0.1329447125,0.13347789166666668,1.0663583333333504,15.821930555555571
0.44066666666666665,0.11760113611111112,0.12606421666666667,0.14189306666666668,0.13397864166666668,0.1255054,0.14032745000000002,0.132916425,0.13344753333333334,1.062216666666671,15.846397222222224
0.441,0.11753248125000001,0.126044825,0.14184760000000002,0.1339462125,0.1254961,0.140280175,0.1328881375,0.133417175,1.0580749999999917,15.884693749999984
0.4413333333333333,0.11748007500000002,0.12602543333333333,0.14180213333333336,0.13391378333333334,0.1254868,0.14023290000000002,0.13285985,0.13338681666666669,1.05393333333334,15.906741666666669
0.44166666666666665,0.11742875000000001,0.12600604166666668,0.1417566666666667,0.1338813541666667,0.1254775,0.140185625,0.1328315625,0.13335645833333334,1.0497916666666884,15.927708333333332
0.442,0.1173557125,0.12598665,0.1417112,0.133848925,0.1254682,0.14013835000000002,0.132803275,0.1333261,1.045650000000009,15.970387500000003
0.4423333333333333,0.11729126250000001,0.12596725833333333,0.14166573333333335,0.13381649583333333,0.1254589,0.140091075,0.1327749875,0.13329574166666666,1.0415083333333297,16.004479166666655
0.44266666666666665,0.11722851666666669,0.12594786666666666,0.1416202666666667,0.13378406666666667,0.1254496,0.14004380000000002,0.1327467,0.13326538333333332,1.037366666666678,16.036866666666636
0.443,0.11718048125000001,0.125928475,0.14157480000000003,0.13375163750000002,0.1254403,0.139996525,0.1327184125,0.133235025,1.0332250000000265,16.054543749999997
0.4433333333333333,0.11711483333333336,0.12590908333333334,0.14152933333333334,0.13371920833333334,0.12543100000000001,0.13994925000000003,0.13269012500000002,0.1332046666666667,1.0290833333333194,16.08983333333333
0.44366666666666665,0.11703505624999999,0.12588969166666666,0.14148386666666668,0.13368677916666666,0.1254217,0.139901975,0.1326618375,0.13317430833333332,1.0249416666666678,16.139252083333332
0.444,0.1169742861111111,0.1258703,0.14143840000000002,0.13365435,0.1254124,0.13985470000000003,0.13263355000000002,0.13314395,1.0207999999999884,16.16966388888891
0.4443333333333333,0.11693143125000001,0.12585090833333334,0.14139293333333336,0.13362192083333335,0.1254031,0.139807425,0.1326052625,0.13311359166666667,1.0166583333333645,16.18216041666666
0.44466666666666665,0.1169000097222222,0.12583151666666667,0.14134746666666667,0.13358949166666667,0.1253938,0.13976015000000003,0.132576975,0.13308323333333333,1.0125166666666574,16.18322361111113
0.445,0.11683880208333333,0.125812125,0.141302,0.1335570625,0.1253845,0.13971287500000001,0.1325486875,0.13305287500000001,1.008374999999978,16.214072916666684
0.4453333333333333,0.1167644,0.12579273333333332,0.14125653333333335,0.13352463333333334,0.1253752,0.13966560000000003,0.1325204,0.13302251666666667,1.0042333333333264,16.25811666666667
0.44566666666666666,0.11670738125,0.12577334166666668,0.1412110666666667,0.13349220416666668,0.1253659,0.13961832500000002,0.1324921125,0.13299215833333333,1.0000916666666748,16.284777083333328
0.446,0.11667929999999999,0.12575395,0.1411656,0.133459775,0.1253566,0.13957105,0.132463825,0.13296180000000002,0.9959499999999955,16.282500000000034
0.4463333333333333,0.11663129375000002,0.12573455833333333,0.14112013333333334,0.13342734583333332,0.1253473,0.13952377500000002,0.1324355375,0.13293144166666665,0.9918083333333161,16.30014791666663
0.44666666666666666,0.1165782638888889,0.12571516666666666,0.14107466666666668,0.13339491666666667,0.125338,0.13947650000000003,0.13240725000000003,0.13290108333333334,0.9876666666666367,16.32281944444444
0.447,0.11650462569444445,0.12569805,0.14102920000000002,0.133363625,0.12532870000000002,0.13942922500000002,0.13237896250000003,0.13287129375,0.9846624999999831,16.36666805555556
0.4473333333333333,0.11643898750000002,0.1256891,0.14098373333333336,0.13333641666666668,0.1253194,0.13938195000000003,0.13235067500000003,0.13284354583333335,0.9857416666666508,16.404558333333334
0.44766666666666666,0.1163665388888889,0.12568015,0.14093826666666667,0.13330920833333332,0.1253101,0.13933467500000002,0.13232238750000003,0.13281579791666667,0.9868208333332906,16.449259027777774
0.448,0.11629505000000001,0.1256712,0.1408928,0.133282,0.1253008,0.1392874,0.1322941,0.13278805,0.9879000000000138,16.49299999999998
0.4483333333333333,0.11624799305555555,0.12566225,0.14084733333333335,0.13325479166666668,0.1252915,0.13924012500000002,0.13226581250000002,0.13276030208333334,0.9889791666666536,16.512309027777782
0.44866666666666666,0.11618310000000001,0.1256533,0.1408018666666667,0.13322758333333334,0.1252822,0.13919285,0.13223752500000002,0.13273255416666668,0.9900583333333213,16.54945416666667
0.449,0.11613319375,0.12564435000000002,0.1407564,0.133200375,0.1252729,0.13914557500000002,0.13220923750000002,0.13270480625000003,0.9911374999999889,16.571612500000025
0.4493333333333333,0.11609535277777777,0.1256354,0.14071093333333334,0.13317316666666668,0.1252636,0.1390983,0.13218095000000002,0.13267705833333335,0.9922166666666565,16.581705555555576
0.44966666666666666,0.11603608750000001,0.12562645,0.14066546666666668,0.13314595833333334,0.1252543,0.13905102500000002,0.13215266250000002,0.13264931041666667,0.9932958333333242,16.613222916666658
0.45,0.11598774305555555,0.1256175,0.14062000000000002,0.13311875,0.125245,0.13900375,0.13212437500000002,0.1326215625,0.9943749999999918,16.633819444444462
0.4503333333333333,0.11592743125,0.12560855,0.14057453333333336,0.1330915416666667,0.1252357,0.13895647500000002,0.13209608750000001,0.13259381458333336,0.9954541666666872,16.666383333333354
0.45066666666666666,0.11588359999999999,0.1255996,0.14052906666666667,0.13306433333333334,0.12522640000000002,0.1389092,0.1320678,0.13256606666666668,0.996533333333327,16.682466666666688
0.451,0.1158229263888889,0.12559065,0.14048360000000001,0.133037125,0.1252171,0.13886192500000002,0.1320395125,0.13253831875,0.9976124999999947,16.715392361111096
0.4513333333333333,0.1157645375,0.1255817,0.14043813333333335,0.13300991666666667,0.1252078,0.13881465,0.132011225,0.13251057083333334,0.9986916666666623,16.74603333333334
0.45166666666666666,0.1157139375,0.12557275,0.1403926666666667,0.13298270833333337,0.1251995,0.13876737500000003,0.13198343750000002,0.1324830729166667,0.9992708333333433,16.769135416666693
0.45199999999999996,0.11567637222222221,0.1255638,0.14034720000000003,0.1329555,0.1251964,0.1387201,0.13195825,0.132456875,0.9972500000000051,16.78050277777779
0.4523333333333333,0.11561601111111112,0.12555485,0.14030173333333334,0.13292829166666667,0.1251933,0.13867282500000003,0.13193306250000003,0.13243067708333334,0.9952291666666391,16.814665972222212
0.45266666666666666,0.1155535125,0.1255459,0.14025626666666668,0.13290108333333334,0.1251902,0.13862555000000001,0.131907875,0.13240447916666667,0.9932083333333286,16.850966666666675
0.45299999999999996,0.11549083750000001,0.12553695,0.14021080000000002,0.13287387500000003,0.1251871,0.13857827500000003,0.1318826875,0.13237828125,0.9911875000000181,16.887443749999996
0.4533333333333333,0.11544600000000001,0.125528,0.14016533333333336,0.13284666666666667,0.12518400000000002,0.13853100000000002,0.13185750000000002,0.13235208333333334,0.9891666666666521,16.906083333333335
0.45366666666666666,0.11539178750000002,0.12551905,0.14011986666666668,0.13281945833333333,0.1251809,0.138486875,0.13183388750000002,0.13232667291666667,0.9855708333333102,16.934885416666642
0.45399999999999996,0.11532305416666667,0.1255101,0.14007440000000002,0.13279225,0.1251778,0.13844875000000004,0.131813275,0.1323027625,0.978974999999993,16.979708333333328
0.4543333333333333,0.11524487708333335,0.12550115,0.14002893333333336,0.1327650416666667,0.1251747,0.138410625,0.1317926625,0.13227885208333334,0.9723791666667037,17.033974999999995
0.45466666666666666,0.11519477500000001,0.1254922,0.13998560000000002,0.1327389,0.1251716,0.1383725,0.13177205,0.132255475,0.9668499999999913,17.060699999999997
0.45499999999999996,0.11514368750000001,0.12548325,0.13994600000000001,0.132714625,0.12516850000000002,0.13833437500000004,0.1317514375,0.13223303125000002,0.9631874999999901,17.089343750000012
0.4553333333333333,0.11511036250000001,0.1254743,0.13990640000000001,0.13269035,0.1251654,0.13829625,0.131730825,0.1322105875,0.9595250000000166,17.100225
0.45566666666666666,0.11505405763888889,0.12546535,0.1398668,0.132666075,0.1251623,0.138258125,0.1317102125,0.13218814375,0.9558624999999876,17.1340861111111
0.45599999999999996,0.11495907500000001,0.1254564,0.1398272,0.1326418,0.1251592,0.13822,0.13168960000000002,0.1321657,0.9521999999999864,17.20662499999999
0.4563333333333333,0.1148987125,0.12544745,0.1397876,0.132617525,0.1251561,0.138181875,0.1316689875,0.13214325625,0.9485375000000129,17.24454375000001
0.45666666666666667,0.11484762500000001,0.1254385,0.139748,0.13259325,0.12515300000000001,0.13814375,0.131648375,0.13212081250000002,0.9448749999999839,17.27318750000001
0.45699999999999996,0.11479811875000001,0.12542955,0.1397084,0.132568975,0.1251499,0.138105625,0.13162776250000002,0.13209836875000003,0.9412124999999827,17.300250000000016
0.4573333333333333,0.1147338,0.1254206,0.1396688,0.13254470000000002,0.1251468,0.1380675,0.13160715,0.132075925,0.9375500000000092,17.342125000000014
0.45766666666666667,0.11467137083333336,0.12541164999999999,0.1396292,0.132520425,0.1251437,0.138029375,0.1315865375,0.13205348125,0.933887500000008,17.382110416666638
0.45799999999999996,0.11459952500000002,0.1254027,0.1395896,0.13249615,0.1251406,0.13799125,0.131565925,0.1320310375,0.9302250000000067,17.431512499999982
0.4583333333333333,0.11456319444444443,0.12539375,0.13955,0.13247187500000002,0.1251375,0.137953125,0.1315453125,0.13200859375000001,0.9265625000000055,17.445399305555583
0.45866666666666667,0.11451477500000001,0.1253848,0.1395104,0.1324476,0.1251344,0.137915,0.1315247,0.13198615,0.9229000000000043,17.471374999999984
0.45899999999999996,0.1144525125,0.12537584999999998,0.13947080000000003,0.132423325,0.1251313,0.137876875,0.1315040875,0.13196370625,0.919237500000003,17.51119375
0.4593333333333333,0.114401425,0.1253669,0.1394312,0.13239905000000002,0.1251282,0.13783875,0.13148347500000002,0.13194126250000002,0.9155750000000018,17.539837500000015
0.45966666666666667,0.11435170763888888,0.12535795,0.1393916,0.132374775,0.1251251,0.137800625,0.1314628625,0.13191881875,0.9119125000000006,17.567111111111117
0.45999999999999996,0.11427880555555557,0.125349,0.13935200000000003,0.1323505,0.125122,0.1377625,0.13144225,0.131896375,0.9082499999999993,17.617569444444438
0.4603333333333333,0.1142294125,0.12534005,0.13931240000000003,0.13232622500000002,0.1251189,0.137724375,0.13142163750000002,0.13187393125000002,0.9045874999999981,17.644518750000017
0.46066666666666667,0.11417640416666666,0.1253311,0.1392728,0.13230195,0.1251158,0.13768625,0.131401025,0.1318514875,0.9009249999999969,17.67508333333334
0.46099999999999997,0.11413036250000001,0.12532215,0.13923320000000003,0.132277675,0.1251127,0.137648125,0.1313804125,0.13182904374999999,0.8972625000000234,17.69868124999997
0.4613333333333333,0.114079275,0.12531319999999999,0.13919360000000003,0.13225340000000002,0.12510960000000002,0.13761,0.13135980000000003,0.13180660000000002,0.8935999999999944,17.72732500000003
0.46166666666666667,0.11400841666666668,0.12530425,0.13915400000000003,0.132229125,0.1251065,0.137571875,0.1313391875,0.13178415625,0.8899374999999932,17.775739583333326
0.46199999999999997,0.11395835000000003,0.1252953,0.13911440000000003,0.13220485,0.1251034,0.13753375,0.131318575,0.13176171250000002,0.8862750000000197,17.803362499999988
0.4623333333333333,0.1139010125,0.12528635,0.13907480000000003,0.13218057500000002,0.1251003,0.137495625,0.1312979625,0.13173926875000003,0.8826125000000185,17.838256250000033
0.46266666666666667,0.11385704722222223,0.12527739999999998,0.13903520000000003,0.1321563,0.1250972,0.1374575,0.13127735000000001,0.131716825,0.8789499999999895,17.85977777777778
0.46299999999999997,0.11380949236111113,0.12526845,0.13899560000000002,0.13213202500000001,0.1250941,0.137419375,0.1312567375,0.13169438125,0.875287500000016,17.884888888888867
0.4633333333333333,0.11373881250000001,0.1252595,0.13895600000000002,0.13210775000000002,0.125091,0.13738125,0.131236125,0.1316719375,0.8716250000000147,17.933124999999993
0.46366666666666667,0.11369435,0.12525055,0.13891640000000002,0.132083475,0.1250879,0.137343125,0.13121551250000002,0.13164949375,0.8679624999999858,17.955143750000012
0.46399999999999997,0.11364805,0.12524159999999998,0.13887680000000002,0.1320592,0.1250848,0.137305,0.1311949,0.13162705,0.8642999999999845,17.978999999999996
0.4643333333333333,0.1135851125,0.12523265,0.13883720000000002,0.13203492500000003,0.1250817,0.137266875,0.1311742875,0.13160460625,0.8606375000000388,18.019493750000002
0.4646666666666667,0.11353579999999999,0.1252237,0.13879760000000002,0.13201065,0.1250786,0.13722875,0.13115367500000003,0.13158216250000002,0.8569749999999821,18.046362500000022
0.46499999999999997,0.11349771875,0.12521474999999999,0.13875800000000002,0.131986375,0.1250755,0.137190625,0.1311330625,0.13155971875,0.8533124999999808,18.061999999999994
0.4653333333333333,0.1134631,0.12520579999999998,0.13871840000000002,0.1319621,0.1250724,0.1371525,0.13111245,0.131537275,0.8496500000000073,18.07417500000001
0.4656666666666667,0.11339326250000002,0.12519685,0.13867880000000002,0.131937825,0.1250693,0.137114375,0.1310918375,0.13151483125000002,0.8459875000000061,18.121568749999998
0.46599999999999997,0.11336405,0.1251879,0.13863920000000002,0.13191355,0.1250662,0.13707625,0.131071225,0.1314923875,0.8423249999999771,18.128337500000008
0.4663333333333333,0.11332366875,0.12517894999999998,0.13859960000000002,0.131889275,0.1250631,0.137038125,0.1310506125,0.13146994374999998,0.8386625000000036,18.14627499999999
0.4666666666666667,0.11329,0.12517,0.13856000000000002,0.131865,0.12506,0.137,0.13103,0.1314475,0.8350000000000024,18.15749999999999
0.46699999999999997,0.11323918125,0.12516105,0.13852040000000002,0.131840725,0.1250569,0.136961875,0.13100938750000002,0.13142505625,0.8313374999999734,18.185875000000003
0.4673333333333333,0.11317859444444445,0.1251521,0.13848080000000001,0.13181645,0.1250538,0.13692375,0.130988775,0.13140261250000002,0.8276749999999999,18.224018055555568
0.4676666666666667,0.11309998263888887,0.12514314999999998,0.13844120000000001,0.131792175,0.1250507,0.136885625,0.13096816249999998,0.13138016875,0.8240125000000265,18.280186111111124
0.46799999999999997,0.11304478055555557,0.1251342,0.1384016,0.1317679,0.1250476,0.1368475,0.13094755000000002,0.131357725,0.8203499999999697,18.312944444444437
0.4683333333333333,0.11300165625000001,0.12512525,0.138362,0.131743625,0.1250445,0.136809375,0.1309269375,0.13133528125,0.8166874999999962,18.33362499999998
0.4686666666666667,0.11296785000000001,0.12511629999999999,0.1383224,0.13171935,0.1250414,0.13677125,0.130906325,0.1313128375,0.8130250000000228,18.34498749999999
0.469,0.11290435763888891,0.12510734999999998,0.1382828,0.131695075,0.1250383,0.136733125,0.1308857125,0.13129039375,0.8093624999999938,18.3860361111111
0.4693333333333333,0.11283060000000002,0.12509946666666666,0.1382432,0.13167133333333333,0.1250352,0.136695,0.1308651,0.13126821666666666,0.8062333333333227,18.437616666666642
0.4696666666666667,0.11278148750000001,0.1250964833333333,0.1382036,0.13165004166666666,0.1250321,0.136656875,0.1308444875,0.13124726458333333,0.8055541666666666,18.465777083333315
0.47,0.11272229861111112,0.1250935,0.138164,0.13162875000000002,0.125029,0.13661875,0.130823875,0.1312263125,0.8048750000000104,18.504013888888878
0.4703333333333333,0.11267964375000002,0.12509051666666665,0.1381244,0.13160745833333332,0.1250259,0.136580625,0.13080326250000002,0.13120536041666667,0.8041958333332988,18.52571666666665
0.4706666666666667,0.11265288333333334,0.12508753333333333,0.1380848,0.13158616666666667,0.1250228,0.1365425,0.13078265,0.13118440833333334,0.8035166666666704,18.531524999999995
0.471,0.11260355625000001,0.12508455,0.1380452,0.131564875,0.1250197,0.136504375,0.1307620375,0.13116345625,0.8028374999999865,18.559899999999992
0.4713333333333333,0.11257409305555555,0.12508156666666664,0.1380056,0.13154358333333332,0.1250166,0.13646625,0.13074142500000002,0.13114250416666667,0.8021583333333027,18.56841111111113
0.4716666666666667,0.11249803124999999,0.12507858333333333,0.137966,0.13152229166666668,0.1250135,0.136428125,0.1307208125,0.13112155208333334,0.8014791666666743,18.62352083333335
0.472,0.11244842777777778,0.12507559999999998,0.1379264,0.13150099999999998,0.1250104,0.13639,0.1307002,0.13110059999999998,0.8007999999999904,18.65217222222221
0.4723333333333333,0.11240678333333334,0.12507261666666666,0.1378868,0.13147970833333333,0.1250073,0.136351875,0.1306795875,0.13107964791666665,0.8001208333333343,18.67286458333331
0.4726666666666666,0.11236353055555556,0.12506963333333332,0.1378472,0.13145841666666666,0.1250042,0.13631375,0.130658975,0.13105869583333335,0.7994416666666504,18.695165277777786
0.473,0.11230654375000002,0.12506665,0.1378076,0.131437125,0.1250011,0.136275625,0.1306383625,0.13103774375,0.7987624999999943,18.731199999999976
0.47333333333333333,0.1122766111111111,0.12506366666666666,0.137768,0.13141583333333334,0.124998,0.1362375,0.13061775,0.1310167916666667,0.7980833333333381,18.740180555555582
0.4736666666666666,0.11222732013888889,0.1250606833333333,0.1377284,0.13139454166666664,0.1249949,0.136199375,0.13059713750000002,0.13099583958333333,0.7974041666666265,18.768519444444436
0.474,0.11217232500000002,0.1250577,0.1376888,0.13137325,0.1249918,0.13616125,0.130576525,0.1309748875,0.7967249999999981,18.80256249999998
0.47433333333333333,0.11211387152777778,0.12505471666666665,0.1376492,0.13135195833333332,0.1249887,0.136123125,0.1305559125,0.13095393541666667,0.7960458333333142,18.840063888888885
0.4746666666666666,0.11205452500000002,0.12505173333333333,0.13760960000000003,0.13133066666666668,0.1249856,0.136085,0.13053530000000002,0.13093298333333336,0.7953666666666581,18.87845833333335
0.475,0.11199109375000002,0.12504875,0.13757,0.131309375,0.1249825,0.136046875,0.1305146875,0.13091203125,0.794687500000002,18.920937499999983
0.47533333333333333,0.11193576666666666,0.12504576666666667,0.1375304,0.13128808333333333,0.1249794,0.13600875,0.13049407500000001,0.13089107916666667,0.7940083333333181,18.955312500000016
0.4756666666666666,0.1119075125,0.12504278333333332,0.13749080000000002,0.13126679166666666,0.1249763,0.13597885,0.130477575,0.13087218333333334,0.7892166666666478,18.964670833333336
0.476,0.11184870000000001,0.12503979999999998,0.13745120000000002,0.13124550000000001,0.12497319999999999,0.13595140000000003,0.1304623,0.13085390000000002,0.7832000000000117,19.005200000000013
0.47633333333333333,0.11178709444444444,0.12503681666666666,0.1374116,0.13122420833333331,0.1249701,0.13592395000000002,0.130447025,0.13083561666666665,0.77718333333332,19.04852222222221
0.4766666666666666,0.11174398611111112,0.12503383333333332,0.13737200000000002,0.13120291666666667,0.124967,0.13589650000000003,0.13043175,0.13081733333333334,0.7711666666666561,19.073347222222218
0.477,0.1116750375,0.12503085,0.13733240000000002,0.13118162500000002,0.1249639,0.13586905000000002,0.130416475,0.13079905000000003,0.76515000000002,19.124012500000024
0.47733333333333333,0.11163477222222223,0.12502786666666665,0.13729413333333335,0.131161,0.1249608,0.1358416,0.1304012,0.13078109999999998,0.7598000000000049,19.14632777777775
0.47766666666666663,0.11158955625000001,0.12502488333333334,0.13726186666666668,0.131143375,0.1249577,0.13581415000000002,0.130385925,0.13076465,0.7574499999999929,19.17509375
0.478,0.1115545375,0.1250219,0.1372296,0.13112574999999999,0.1249546,0.1357867,0.13037065,0.13074819999999998,0.7550999999999808,19.193662499999988
0.47833333333333333,0.11146390972222224,0.12501891666666665,0.13719733333333334,0.131108125,0.1249515,0.13575925000000003,0.130355375,0.13073174999999998,0.7527499999999965,19.26784027777774
0.47866666666666663,0.11141156666666667,0.12501593333333333,0.13716506666666667,0.1310905,0.1249484,0.1357318,0.13034010000000001,0.1307153,0.7503999999999844,19.303733333333337
0.479,0.11136550625000001,0.12501294999999998,0.1371328,0.13107287499999998,0.1249453,0.13570435000000003,0.130324825,0.13069884999999998,0.7480499999999723,19.33334374999997
0.47933333333333333,0.11133729027777778,0.12500996666666667,0.13710053333333333,0.13105525,0.1249422,0.13567690000000002,0.13030955,0.1306824,0.7457000000000158,19.345109722222226
0.47966666666666663,0.11128869375000001,0.12500698333333332,0.1370682666666667,0.131037625,0.1249391,0.13564945000000003,0.13029427500000001,0.13066595,0.743349999999976,19.377256249999988
0.48,0.11123400000000001,0.125004,0.13703600000000002,0.13102000000000003,0.12493599999999999,0.13562200000000002,0.130279,0.13064950000000003,0.7410000000000194,19.415500000000016
0.48033333333333333,0.11119145625000003,0.12500101666666666,0.13700373333333335,0.131002375,0.1249329,0.13559455,0.130263725,0.13063305,0.7386500000000074,19.44159374999997
0.48066666666666663,0.11114903472222223,0.12499803333333333,0.13697146666666668,0.13098475,0.1249298,0.13556710000000002,0.13024845000000002,0.13061660000000003,0.7362999999999953,19.467565277777794
0.481,0.1110619875,0.12499505,0.1369392,0.13096712500000002,0.1249267,0.13553965,0.130233175,0.13060015000000003,0.733950000000011,19.538162500000027
0.48133333333333334,0.11101524444444445,0.12499206666666667,0.13690693333333334,0.1309495,0.1249236,0.13551220000000003,0.1302179,0.1305837,0.7315999999999989,19.568455555555545
0.48166666666666663,0.11097053125,0.12498908333333332,0.13687466666666667,0.130931875,0.1249205,0.13548475000000001,0.13020262500000002,0.13056725000000002,0.7292499999999869,19.59671875000002
0.482,0.1109431,0.12498609999999999,0.1368424,0.13091425,0.1249174,0.13545730000000003,0.13018735,0.13055080000000002,0.7269000000000025,19.60770000000002
0.48233333333333334,0.1108826375,0.12498311666666666,0.13681013333333333,0.130896625,0.12491429999999999,0.13542985000000002,0.130172075,0.13053435,0.7245499999999905,19.651712499999988
0.48266666666666663,0.11083651111111112,0.12498013333333333,0.13677786666666666,0.130879,0.1249112,0.1354024,0.13015680000000002,0.13051790000000002,0.7221999999999784,19.6813888888889
0.483,0.11074648125000003,0.12497715,0.1367456,0.130861375,0.1249081,0.13537495000000002,0.130141525,0.13050145000000002,0.7198499999999941,19.75496874999999
0.48333333333333334,0.11071593749999999,0.12497416666666666,0.13671333333333333,0.13084374999999998,0.124905,0.1353475,0.13012625,0.130485,0.717499999999982,19.769062500000004
0.48366666666666663,0.11064590555555556,0.12497118333333333,0.13668106666666668,0.13082612500000002,0.1249019,0.13532005000000003,0.13011097500000002,0.13046855000000002,0.7151499999999977,19.822644444444453
0.484,0.11061006388888889,0.12496819999999999,0.13664880000000001,0.1308085,0.12489879999999999,0.1352926,0.1300957,0.13045210000000002,0.7127999999999857,19.842036111111128
0.48433333333333334,0.11056757916666665,0.12496521666666666,0.13661653333333335,0.130790875,0.1248957,0.13526515000000003,0.130080425,0.13043565000000001,0.7104500000000014,19.868070833333363
0.48466666666666663,0.11049724444444446,0.12496223333333333,0.13658426666666668,0.13077325,0.12489259999999999,0.13523770000000002,0.13006515000000002,0.1304192,0.7080999999999893,19.921955555555552
0.485,0.1104489375,0.12495925,0.136552,0.130755625,0.1248895,0.13521025,0.130049875,0.13040275,0.7057499999999772,19.953812500000016
0.48533333333333334,0.11037489999999998,0.12495626666666666,0.13651973333333334,0.130738,0.1248864,0.13518280000000002,0.1300346,0.1303863,0.7033999999999929,20.011400000000027
0.48566666666666664,0.11032356111111112,0.12495328333333333,0.13648746666666667,0.130720375,0.1248833,0.13515535,0.13001932500000002,0.13036985,0.7010499999999809,20.04628888888889
0.486,0.11029893333333332,0.1249503,0.1364552,0.13070275,0.1248802,0.13512790000000002,0.13000405,0.1303534,0.6986999999999965,20.054466666666688
0.48633333333333334,0.11021412847222221,0.12494731666666666,0.13642293333333333,0.13068512499999999,0.12487709999999999,0.13510045,0.129988775,0.13033695,0.6963499999999845,20.12282152777779
0.48666666666666664,0.11017475,0.12494433333333332,0.13639066666666666,0.1306675,0.124874,0.13507300000000003,0.12997350000000002,0.1303205,0.6939999999999724,20.145750000000003
0.487,0.11012381111111111,0.12494134999999999,0.1363584,0.130649875,0.12487089999999999,0.13504555000000001,0.129958225,0.13030405,0.6916499999999881,20.180238888888898
0.48733333333333334,0.11007718749999998,0.12493836666666666,0.13632613333333335,0.13063225,0.1248678,0.1350181,0.12994295,0.1302876,0.6893000000000038,20.210412500000025
0.48766666666666664,0.11000586250000001,0.12493538333333333,0.13629386666666668,0.130614625,0.1248647,0.13499065000000002,0.12992767500000002,0.13027115,0.6869499999999917,20.265287499999992
0.488,0.1099668361111111,0.1249324,0.1362616,0.13059700000000002,0.12486159999999999,0.1349632,0.12991239999999998,0.1302547,0.6846000000000352,20.287863888888896
0.48833333333333334,0.10988209374999999,0.12492941666666667,0.13622933333333334,0.130579375,0.1248585,0.13493575000000002,0.129897125,0.13023825,0.6822499999999954,20.35615625000001
0.48866666666666664,0.1098526,0.12492643333333332,0.13619706666666667,0.13056175,0.12485539999999999,0.1349083,0.12988185,0.1302218,0.679900000000011,20.369200000000003
0.489,0.10980231875,0.12492344999999999,0.1361648,0.130544125,0.1248523,0.13488085000000002,0.129866575,0.13020535,0.677549999999999,20.403031249999994
0.48933333333333334,0.10975871111111112,0.12492046666666666,0.13613253333333333,0.1305265,0.1248492,0.1348534,0.1298513,0.1301889,0.6751999999999869,20.430188888888882
0.48966666666666664,0.10970558750000002,0.12491748333333333,0.13610026666666666,0.130508875,0.1248461,0.13482595000000003,0.12983602500000002,0.13017245,0.6728499999999749,20.466862499999973
0.49,0.10966075000000002,0.1249145,0.136068,0.13049125,0.124843,0.13479850000000002,0.12982075,0.130156,0.6704999999999905,20.495249999999977
0.49033333333333334,0.10959347083333335,0.12491151666666667,0.13603573333333333,0.13047362499999998,0.12483989999999999,0.13477105,0.129805475,0.13013955,0.6681499999999785,20.546079166666647
0.49066666666666664,0.10953634444444445,0.12490853333333334,0.13600346666666668,0.13045600000000002,0.1248368,0.13474360000000002,0.12979020000000002,0.13012310000000002,0.6657999999999942,20.586755555555573
0.491,0.1094625513888889,0.12490554999999999,0.13597120000000001,0.130438375,0.12483369999999999,0.13471615,0.12977492499999999,0.13010665,0.6634500000000099,20.64409861111109
0.49133333333333334,0.1094320111111111,0.12490256666666666,0.13593893333333334,0.13042075,0.1248306,0.13468870000000002,0.12975965,0.1300902,0.6610999999999978,20.658188888888887
0.49166666666666664,0.10938343750000001,0.12489979166666666,0.13590666666666668,0.13040322916666666,0.1248275,0.13466125,0.129744375,0.13007380208333333,0.658854166666667,20.690364583333317
0.492,0.10932665000000001,0.12489829999999999,0.1358744,0.13038634999999998,0.12482439999999999,0.13463380000000003,0.1297291,0.130057725,0.6572499999999704,20.731075
0.4923333333333333,0.10924550347222224,0.12489680833333333,0.13584213333333334,0.13036947083333333,0.1248213,0.13460635,0.129713825,0.13004164791666667,0.6556458333333293,20.79614444444443
0.49266666666666664,0.1092088375,0.12489531666666666,0.13580986666666667,0.13035259166666666,0.12481819999999999,0.13457890000000003,0.12969855000000002,0.13002557083333333,0.6540416666666327,20.816733333333325
0.493,0.10914363125000001,0.124893825,0.1357776,0.1303357125,0.1248151,0.13455145000000002,0.12968327500000001,0.13000949375,0.6524374999999916,20.8658625
0.4933333333333333,0.10910966666666667,0.12489233333333333,0.13574533333333333,0.13031883333333333,0.12481199999999999,0.134524,0.129668,0.12999341666666667,0.6508333333333227,20.883749999999992
0.49366666666666664,0.1090492902777778,0.12489084166666667,0.13571306666666666,0.13030195416666668,0.1248089,0.13449655000000002,0.12965272500000002,0.12997733958333335,0.6492291666666539,20.928049305555557
0.494,0.10900978750000001,0.12488935,0.1356808,0.130285075,0.1248058,0.1344691,0.12963745,0.1299612625,0.6476250000000128,20.951475
0.4943333333333333,0.10893735138888891,0.12488785833333332,0.13564853333333335,0.13026819583333332,0.12480269999999999,0.13444165000000002,0.129622175,0.12994518541666666,0.6460208333333162,21.007834027777754
0.49466666666666664,0.10887365000000002,0.12488636666666666,0.13561626666666668,0.13025131666666667,0.12479979999999999,0.1344142,0.129607,0.12992915833333335,0.6443166666666722,21.055508333333332
0.495,0.10879946874999999,0.12488487499999999,0.135584,0.1302344375,0.12479825,0.13438675000000003,0.1295925,0.12991346874999998,0.6419374999999949,21.113999999999994
0.4953333333333333,0.10876232222222221,0.12488338333333333,0.13555173333333334,0.13021755833333334,0.1247967,0.13435930000000001,0.129578,0.12989777916666667,0.6395583333333454,21.135456944444464
0.49566666666666664,0.10873831875000001,0.12488189166666666,0.13551946666666667,0.13020067916666667,0.12479515,0.13433185,0.1295635,0.12988208958333333,0.6371791666666682,21.143770833333324
0.496,0.10867895000000001,0.1248804,0.1354872,0.13018380000000002,0.12479359999999999,0.13430440000000002,0.129549,0.1298664,0.6348000000000187,21.187449999999984
0.4963333333333333,0.10862588125000001,0.12487890833333333,0.13545493333333333,0.13016692083333334,0.12479205,0.13427695,0.1295345,0.12985071041666668,0.6324208333333414,21.224829166666666
0.49666666666666665,0.10855693750000002,0.12487741666666666,0.13542266666666666,0.13015004166666666,0.1247905,0.13424950000000002,0.12952000000000002,0.12983502083333334,0.6300416666666364,21.278083333333324
0.497,0.10851426875000002,0.124875925,0.1353904,0.1301331625,0.12478895,0.13422205,0.1295055,0.12981933125,0.6276625000000147,21.305062499999984
0.4973333333333333,0.10845805277777777,0.12487443333333333,0.13535813333333332,0.13011628333333333,0.12478739999999999,0.1341967,0.12949205,0.12980416666666666,0.624233333333335,21.346113888888894
0.49766666666666665,0.10841630625000002,0.12487294166666667,0.13532586666666666,0.13009940416666665,0.12478584999999999,0.134179925,0.1294828875,0.12979114583333334,0.61651666666665,21.37483958333332
0.498,0.10835978750000001,0.12487145,0.13529359999999999,0.130082525,0.1247843,0.13416315,0.129473725,0.12977812500000002,0.6087999999999927,21.41833750000001
0.4983333333333333,0.10831521875000001,0.12486995833333334,0.13526133333333334,0.13006564583333335,0.12478275,0.134146375,0.1294645625,0.12976510416666667,0.6010833333333632,21.44988541666666
0.49866666666666665,0.10825708333333334,0.12486846666666666,0.13522906666666668,0.13004876666666668,0.1247812,0.13412960000000002,0.1294554,0.12975208333333332,0.5933666666666781,21.494999999999987
0.499,0.10821725625,0.12486697499999999,0.1351968,0.1300318875,0.12477964999999999,0.13411282500000002,0.1294462375,0.1297390625,0.5856499999999931,21.521806249999997
0.4993333333333333,0.10818526666666667,0.12486548333333333,0.13516453333333334,0.13001500833333335,0.1247781,0.13409605000000002,0.129437075,0.12972604166666668,0.5779333333333359,21.54077500000001
0.49966666666666665,0.10812296250000002,0.12486399166666666,0.13513226666666667,0.12999812916666667,0.12477655,0.13407927500000003,0.12942791250000002,0.12971302083333336,0.5702166666666508,21.590058333333342
0.5,0.10807916666666668,0.1248625,0.1351,0.12998125,0.124775,0.1340625,0.12941875,0.12969999999999998,0.5624999999999936,21.620833333333298
0.5003333333333333,0.10799891250000002,0.12486100833333333,0.13507653333333333,0.12996877083333333,0.12477345,0.134045725,0.1294095875,0.12968917916666667,0.559183333333324,21.690266666666652
0.5006666666666667,0.10796195555555554,0.12485951666666666,0.13505306666666667,0.12995629166666667,0.12477189999999999,0.13402895,0.12940042499999999,0.12967835833333333,0.5558666666666823,21.716402777777784
0.501,0.10788730138888887,0.124858025,0.1350296,0.1299438125,0.12477035,0.134012175,0.1293912625,0.12966753749999999,0.5525500000000128,21.780236111111115
0.5013333333333333,0.10784057777777778,0.12485653333333332,0.13500613333333333,0.12993133333333334,0.1247688,0.13399540000000001,0.1293821,0.12965671666666667,0.5492333333333432,21.816138888888894
0.5016666666666667,0.10777819791666667,0.12485504166666667,0.13498266666666667,0.12991885416666665,0.12476725,0.13397862500000002,0.1293729375,0.12964589583333333,0.545916666666646,21.867697916666664
0.502,0.1077467375,0.12485355,0.1349592,0.129906375,0.1247657,0.13396185000000002,0.12936377500000001,0.129635075,0.5425999999999764,21.888337499999995
0.5023333333333333,0.10769415000000002,0.12485205833333334,0.13493573333333334,0.12989389583333333,0.12476415,0.13394507500000002,0.12935461250000002,0.12962425416666667,0.5392833333333069,21.93010416666666
0.5026666666666666,0.1076172666666667,0.12485056666666666,0.13491226666666667,0.12988141666666667,0.1247626,0.1339283,0.12934545,0.12961343333333333,0.5359666666666651,21.996166666666635
0.503,0.10755499236111112,0.12484907499999999,0.1348888,0.1298689375,0.12476105,0.133911525,0.1293362875,0.1296026125,0.5326499999999956,22.047620138888878
0.5033333333333333,0.10750952083333336,0.12484758333333333,0.13486533333333334,0.12985645833333334,0.1247595,0.13389475,0.129327125,0.12959179166666668,0.5293333333333539,22.08227083333332
0.5036666666666666,0.10745144097222223,0.12484609166666666,0.13484186666666667,0.12984397916666668,0.12475794999999999,0.133877975,0.1293179625,0.12958097083333334,0.5260166666666843,22.12952986111111
0.504,0.10739972500000002,0.1248446,0.1348184,0.1298315,0.1247564,0.1338612,0.1293088,0.12957015,0.5226999999999871,22.17042499999998
0.5043333333333333,0.10735596805555556,0.12484310833333333,0.13479493333333334,0.12981902083333333,0.12475485,0.13384442500000002,0.1292996375,0.12955932916666668,0.5193833333333175,22.203361111111125
0.5046666666666666,0.10729878888888891,0.12484161666666667,0.13477146666666667,0.12980654166666666,0.1247533,0.13382765000000002,0.12929047500000002,0.12954850833333334,0.516066666666648,22.249719444444427
0.505,0.10727417708333332,0.124840125,0.134748,0.1297940625,0.12475175,0.133810875,0.1292813125,0.1295376875,0.5127500000000063,22.263510416666673
0.5053333333333333,0.10719431111111113,0.12483863333333332,0.13472453333333334,0.12978158333333334,0.1247502,0.1337941,0.12927215,0.12952686666666668,0.5094333333333367,22.33255555555555
0.5056666666666666,0.10710664375000001,0.12483714166666667,0.13470106666666667,0.12976910416666668,0.12474865,0.133777325,0.1292629875,0.12951604583333334,0.5061166666666672,22.409402083333337
0.506,0.1070774111111111,0.12483564999999999,0.1346776,0.12975662500000001,0.1247471,0.13376055,0.129253825,0.129505225,0.5028000000000254,22.4278138888889
0.5063333333333333,0.10703558749999999,0.12483415833333333,0.13465413333333334,0.12974414583333332,0.12474555,0.133743775,0.1292446625,0.12949440416666666,0.49948333333332817,22.458816666666674
0.5066666666666666,0.107001625,0.12483266666666666,0.13463066666666668,0.12973166666666666,0.12474400000000001,0.133727,0.1292355,0.12948358333333332,0.49616666666665865,22.481958333333317
0.507,0.10693980902777778,0.12483117499999999,0.1346072,0.1297191875,0.12474245,0.13371022500000002,0.1292263375,0.1294727625,0.49284999999998913,22.53295347222223
0.5073333333333333,0.10690366250000001,0.12482968333333333,0.13458373333333334,0.12970670833333334,0.1247409,0.13369345000000002,0.12921717500000002,0.1294619416666667,0.4895333333333196,22.55827916666668
0.5076666666666666,0.1068239402777778,0.12482819166666666,0.13456026666666668,0.12969422916666667,0.12473935,0.13367667500000002,0.12920801250000002,0.12945112083333335,0.4862166666666501,22.627180555555544
0.508,0.10678006666666669,0.1248267,0.1345368,0.12968175,0.1247378,0.1336599,0.12919885,0.1294403,0.4829000000000083,22.66023333333332
0.5083333333333333,0.10671859374999998,0.12482520833333333,0.13451333333333335,0.12966927083333335,0.12473625,0.133643125,0.1291896875,0.1294294791666667,0.4795833333333388,22.710885416666716
0.5086666666666666,0.1066796125,0.12482371666666667,0.13448986666666668,0.12965679166666666,0.1247347,0.13362635,0.129180525,0.12941865833333333,0.4762666666666693,22.739045833333318
0.509,0.10661998263888889,0.124822225,0.1344664,0.1296443125,0.12473315,0.133609575,0.1291713625,0.1294078375,0.47294999999999976,22.78785486111112
0.5093333333333333,0.10658165000000001,0.12482073333333332,0.13444293333333335,0.12963183333333334,0.1247316,0.1335928,0.1291622,0.12939701666666667,0.46963333333333024,22.815366666666655
0.5096666666666666,0.10651798750000002,0.12481924166666666,0.13441946666666668,0.12961935416666667,0.12473005000000001,0.13357602500000001,0.1291530375,0.12938619583333333,0.4663166666666607,22.868208333333307
0.51,0.10648993750000002,0.12481774999999999,0.134396,0.12960687499999998,0.1247285,0.13355925,0.129143875,0.129375375,0.4629999999999912,22.885437499999966
0.5103333333333333,0.1064172763888889,0.12481625833333333,0.13437253333333335,0.12959439583333335,0.12472695,0.133542475,0.1291347125,0.12936455416666667,0.45968333333334943,22.947277777777774
0.5106666666666666,0.10638260000000001,0.12481476666666666,0.13434906666666668,0.12958191666666669,0.1247254,0.1335257,0.12912555,0.12935373333333333,0.4563666666666799,22.971133333333324
0.511,0.10632828124999999,0.124813275,0.1343256,0.1295694375,0.12472385,0.133508925,0.12911638749999998,0.1293429125,0.4530500000000104,23.01463125
0.5113333333333333,0.10628463750000001,0.12481178333333333,0.13430213333333332,0.12955695833333333,0.12472230000000001,0.13349215,0.129107225,0.12933209166666665,0.44973333333334087,23.047454166666633
0.5116666666666666,0.10624318750000002,0.12481029166666666,0.13427866666666669,0.12954447916666667,0.12472075,0.133475375,0.1290980625,0.12932127083333333,0.44641666666667135,23.078083333333318
0.512,0.10620855,0.1248088,0.1342552,0.12953199999999998,0.1247192,0.1334586,0.1290889,0.12931045,0.44309999999997407,23.101899999999993
0.5123333333333333,0.10615592013888889,0.12480730833333332,0.13423173333333333,0.12951952083333332,0.12471765,0.13344182500000001,0.1290797375,0.12929962916666665,0.43978333333330455,23.143709027777764
0.5126666666666666,0.10608992500000002,0.12480581666666667,0.1342082666666667,0.12950704166666668,0.12471610000000001,0.13342505000000002,0.12907057500000002,0.12928880833333334,0.4364666666666628,23.198883333333324
0.513,0.1060334548611111,0.124804325,0.1341848,0.1294945625,0.12471455000000001,0.133408275,0.1290614125,0.1292779875,0.43314999999999326,23.2445326388889
0.5133333333333333,0.105987625,0.12480283333333332,0.13416133333333333,0.12948208333333333,0.124713,0.1333915,0.12905225,0.12926716666666666,0.42983333333332374,23.279541666666653
0.5136666666666666,0.1059349013888889,0.12480134166666666,0.13413786666666666,0.12946960416666667,0.12471145,0.133374725,0.1290430875,0.12925634583333334,0.426516666666682,23.321444444444435
0.514,0.105873075,0.1247997,0.1341144,0.12945705,0.1247099,0.13335795,0.129033925,0.12924548749999998,0.4231249999999964,23.37241249999998
0.5143333333333333,0.10583755000000002,0.12479671666666667,0.13409093333333333,0.129443825,0.12470835000000001,0.133341175,0.1290247625,0.12923429375,0.41906250000001144,23.39674374999999
0.5146666666666666,0.10577466666666668,0.12479373333333332,0.13406746666666666,0.1294306,0.1247068,0.1333244,0.1290156,0.1292231,0.4149999999999987,23.448433333333323
0.515,0.10571303125,0.12479074999999999,0.134044,0.129417375,0.12470525,0.133307625,0.12900643750000002,0.12921190625,0.41093749999998597,23.498875
0.5153333333333333,0.1056763652777778,0.12478776666666666,0.13402053333333333,0.12940415,0.1247037,0.13329085,0.128997275,0.12920071249999998,0.406875000000001,23.524347222222186
0.5156666666666666,0.1056238875,0.12478478333333333,0.13399706666666666,0.129390925,0.12470215000000001,0.133274075,0.1289881125,0.12918951875,0.40281249999998825,23.56563125000001
0.516,0.10557905000000001,0.1247818,0.1339736,0.12937769999999998,0.12470060000000001,0.1332573,0.12897895,0.12917832499999998,0.3987499999999755,23.599274999999974
0.5163333333333333,0.10552606180555557,0.12477881666666667,0.13395013333333333,0.129364475,0.1246981,0.133240525,0.1289693125,0.12916689375,0.39516250000001807,23.64083194444444
0.5166666666666666,0.10549156250000001,0.12477583333333334,0.13392666666666667,0.12935125,0.124695,0.13322375,0.128959375,0.1291553125,0.39187500000001374,23.663749999999997
0.517,0.10544180624999999,0.12477284999999999,0.1339032,0.129338025,0.12469190000000001,0.133206975,0.1289494375,0.12914373125,0.38858749999998166,23.701925000000013
0.5173333333333333,0.10539153333333334,0.12476986666666666,0.13387973333333333,0.1293248,0.1246888,0.1331902,0.1289395,0.12913215,0.3852999999999773,23.740616666666657
0.5176666666666666,0.10535486250000002,0.12476688333333333,0.13385626666666667,0.129311575,0.12468570000000001,0.133173425,0.1289295625,0.12912056875,0.38201250000000075,23.765706249999976
0.518,0.10530377499999999,0.1247639,0.1338328,0.12929835,0.1246826,0.13315665,0.12891962499999998,0.1291089875,0.3787250000000242,23.805212500000007
0.5183333333333333,0.10525427430555555,0.12476091666666667,0.13380933333333334,0.129285125,0.1246795,0.133139875,0.12890968749999998,0.12909740625,0.37543750000001985,23.843131944444444
0.5186666666666666,0.105225,0.12475793333333333,0.13378586666666667,0.1292719,0.1246764,0.1331231,0.12889975,0.129085825,0.37214999999998777,23.860824999999988
0.519,0.10520076875,0.12475494999999999,0.1337624,0.129258675,0.1246733,0.133106325,0.1288898125,0.12907424374999998,0.36886249999998344,23.873474999999978
0.5193333333333333,0.10512559027777779,0.12475196666666666,0.13373893333333334,0.12924544999999998,0.12467020000000001,0.13309335,0.128881775,0.12906361249999998,0.36367499999998,23.938022222222187
0.5196666666666666,0.10505919375000003,0.12474898333333333,0.13371546666666667,0.129232225,0.1246671,0.133082675,0.1288748875,0.12905355625,0.357337499999999,23.994362499999976
0.52,0.10502049999999999,0.124746,0.133692,0.129219,0.124664,0.133072,0.12886799999999998,0.12904349999999998,0.35100000000001796,24.02299999999999
0.5203333333333333,0.10498366249999999,0.12474301666666666,0.13366853333333334,0.129205775,0.1246609,0.133061325,0.1288611125,0.12903344375,0.34466249999998144,24.049781250000013
0.5206666666666666,0.10492135833333334,0.12474003333333333,0.13364506666666667,0.12919255000000002,0.1246578,0.13305065,0.128854225,0.1290233875,0.3383250000000282,24.102029166666664
0.521,0.10486898749999998,0.12473705,0.1336216,0.129179325,0.12465470000000001,0.133039975,0.1288473375,0.12901333125,0.3319875000000194,24.14434375000002
0.5213333333333333,0.10482145000000001,0.12473406666666666,0.13359813333333334,0.1291661,0.1246516,0.1330293,0.12884045,0.129003275,0.32565000000001065,24.18182499999999
0.5216666666666666,0.10478601736111114,0.12473108333333333,0.13357466666666667,0.129152875,0.12464850000000001,0.133018625,0.1288335625,0.12899321875,0.3193125000000019,24.207201388888862
0.522,0.10473451944444445,0.1247281,0.1335512,0.12913965,0.1246454,0.13300794999999999,0.128826675,0.1289831625,0.3129749999999931,24.248643055555547
0.5223333333333333,0.10466151250000003,0.12472511666666666,0.13352773333333334,0.129126425,0.1246423,0.132997275,0.1288197875,0.12897310625,0.30663749999998435,24.31159374999997
0.5226666666666666,0.10462268888888891,0.12472213333333333,0.13350426666666668,0.1291132,0.1246392,0.1329866,0.1288129,0.12896305000000002,0.30030000000000334,24.34036111111111
0.523,0.10458887222222224,0.12471915,0.133488,0.129103575,0.1246361,0.132975925,0.1288060125,0.12895479375000002,0.2975624999999871,24.36592152777778
0.5233333333333333,0.10456560416666667,0.12471616666666667,0.13347333333333333,0.12909475,0.12463300000000001,0.13296525,0.12879912500000001,0.12894693750000003,0.2956249999999938,24.38133333333335
0.5236666666666666,0.10451353541666668,0.12471318333333334,0.13345866666666667,0.129085925,0.1246299,0.132954575,0.1287922375,0.12893908124999998,0.29368750000000055,24.4255458333333
0.524,0.10447631111111111,0.1247102,0.133444,0.1290771,0.1246268,0.1329439,0.12878535,0.12893122499999998,0.2917500000000073,24.454913888888875
0.5243333333333333,0.10442907916666666,0.12470721666666666,0.13342933333333334,0.129068275,0.1246237,0.132933225,0.1287784625,0.12892336875,0.289812500000014,24.494289583333327
0.5246666666666666,0.10437812222222223,0.12470423333333333,0.13341466666666668,0.12905945000000002,0.1246206,0.13292255,0.128771575,0.1289155125,0.28787500000002075,24.537390277777764
0.525,0.10434343749999998,0.12470125,0.13340000000000002,0.129050625,0.1246175,0.13291187499999998,0.1287646875,0.12890765625,0.28593749999999973,24.56421875000002
0.5253333333333333,0.104302425,0.12469826666666667,0.13338533333333333,0.12904179999999998,0.1246144,0.1329012,0.1287578,0.1288998,0.2839999999999787,24.597375000000003
0.5256666666666666,0.10426744236111112,0.12469528333333334,0.13337066666666667,0.129032975,0.12461130000000001,0.132890525,0.1287509125,0.12889194375000002,0.28206249999998545,24.624501388888902
0.526,0.10422405416666665,0.12469229999999999,0.133356,0.12902415,0.1246082,0.13287985,0.12874402499999998,0.1288840875,0.28012500000001994,24.660033333333345
0.5263333333333333,0.1041703375,0.12468931666666666,0.13334133333333334,0.12901532500000001,0.1246051,0.132869175,0.1287371375,0.12887623125,0.2781875000000267,24.705893749999998
0.5266666666666666,0.10412837500000001,0.12468633333333333,0.13332666666666668,0.1290065,0.124602,0.1328585,0.12873025,0.12886837499999998,0.27625000000000566,24.73999999999997
0.527,0.10409562569444444,0.12468335,0.133312,0.128997675,0.1245989,0.132847825,0.1287233625,0.12886051874999999,0.2743125000000124,24.764893055555543
0.5273333333333333,0.10404207500000001,0.12468036666666667,0.13329733333333335,0.12898885000000002,0.1245958,0.13283715,0.128716475,0.1288526625,0.27237500000001913,24.810587499999983
0.5276666666666666,0.10400486875,0.12467738333333334,0.1332826666666667,0.128980025,0.1245927,0.132826475,0.1287095875,0.12884480625,0.2704374999999981,24.83993749999999
0.528,0.10397344722222222,0.1246744,0.133268,0.1289712,0.1245896,0.13281579999999998,0.1287027,0.12883695,0.26850000000000485,24.863502777777782
0.5283333333333333,0.10394753125,0.12467141666666666,0.13325333333333333,0.128962375,0.1245865,0.132805125,0.1286958125,0.12882909375,0.2665624999999838,24.88156250000001
0.5286666666666666,0.1038971,0.12466843333333333,0.13323866666666667,0.12895355,0.1245834,0.13279445,0.128688925,0.12882123750000002,0.26462499999999056,24.92413750000001
0.529,0.10385795,0.12466545,0.133224,0.128944725,0.1245803,0.132783775,0.1286820375,0.12881338125000003,0.2626874999999973,24.95543125000002
0.5293333333333333,0.10381434642857143,0.12466246666666667,0.13320933333333335,0.1289359,0.1245772,0.1327731,0.12867515000000002,0.128805525,0.2607499999999763,24.991178571428573
0.5296666666666666,0.10375008750000003,0.12465948333333333,0.13319466666666668,0.128927075,0.12457410000000001,0.132762425,0.1286682625,0.12879766874999998,0.25881250000001077,25.04758124999995
0.53,0.10370731250000001,0.1246565,0.13318,0.12891825,0.124571,0.13275175,0.128661375,0.1287898125,0.2568750000000175,25.08249999999998
0.5303333333333333,0.10368379444444446,0.12465351666666667,0.13316533333333333,0.128909425,0.1245679,0.132741075,0.1286544875,0.12878195625,0.2549374999999965,25.098161805555534
0.5306666666666666,0.10366872499999999,0.12465053333333334,0.13315066666666667,0.1289006,0.1245648,0.1327304,0.1286476,0.1287741,0.2530000000000032,25.105375000000013
0.531,0.10363503680555555,0.12464755,0.133136,0.128891775,0.1245617,0.13271972499999998,0.12864071249999998,0.12876624374999998,0.25106250000000996,25.13120694444443
0.5313333333333333,0.103579025,0.12464456666666666,0.13312133333333334,0.12888295,0.1245586,0.13270905,0.128633825,0.12875838750000002,0.24912499999998894,25.17936250000001
0.5316666666666666,0.10352481250000002,0.12464158333333333,0.13310666666666668,0.128874125,0.1245555,0.132698375,0.1286269375,0.12875053125000002,0.24718749999999567,25.225718750000002
0.532,0.1034777888888889,0.1246386,0.13309200000000002,0.12886530000000002,0.1245524,0.1326877,0.12862004999999999,0.128742675,0.24525000000003017,25.264886111111107
0.5323333333333333,0.10343644999999999,0.12463561666666667,0.13307733333333335,0.12885647500000003,0.1245493,0.132677025,0.1286131625,0.12873481875,0.2433125000000369,25.298368750000023
0.5326666666666666,0.103405925,0.12463263333333334,0.1330626666666667,0.12884765,0.1245462,0.13266635,0.128606275,0.1287269625,0.24137500000001588,25.321037499999992
0.533,0.10336179374999999,0.12462965,0.133048,0.128838825,0.1245431,0.132655675,0.1285993875,0.12871910625,0.23943749999999486,25.357312500000006
0.5333333333333333,0.10333027777777778,0.12462666666666666,0.13303333333333334,0.12883,0.12454,0.13264499999999999,0.1285925,0.12871125,0.2375000000000016,25.380972222222216
0.5336666666666666,0.10326516250000004,0.12462368333333333,0.13301866666666667,0.128821175,0.1245369,0.132634325,0.1285856125,0.12870339375,0.23556250000000833,25.43823124999997
0.534,0.103232825,0.1246207,0.133004,0.12881235000000002,0.1245338,0.13262364999999998,0.128578725,0.1286955375,0.23362500000001507,25.462712500000013
0.5343333333333333,0.10317684930555557,0.12461771666666667,0.13298933333333335,0.128803525,0.1245307,0.132612975,0.1285718375,0.12868768125000002,0.23168749999999405,25.51083194444445
0.5346666666666666,0.1031441777777778,0.12461473333333334,0.13297466666666669,0.1287947,0.1245276,0.1326023,0.12856495,0.12867982500000003,0.2297500000000008,25.53564722222222
0.535,0.10311478125000001,0.12461175000000001,0.13296,0.128785875,0.1245245,0.132591625,0.1285580625,0.12867196874999998,0.22781250000000752,25.557187499999966
0.5353333333333333,0.10308592083333336,0.12460876666666666,0.13294533333333333,0.12877705,0.1245214,0.13258095,0.12855117500000002,0.1286641125,0.2258749999999865,25.57819166666665
0.5356666666666666,0.10304181875000003,0.12460578333333333,0.13293066666666667,0.12876822500000001,0.1245183,0.132570275,0.1285442875,0.12865625625,0.223937500000021,25.614437499999962
0.536,0.103010675,0.1246028,0.132916,0.1287594,0.12451519999999999,0.1325596,0.1285374,0.1286484,0.22199999999999998,25.637725
0.5363333333333333,0.1029350173611111,0.12459981666666667,0.13290133333333334,0.128750575,0.1245121,0.13254892499999998,0.1285305125,0.12864054375,0.2200625000000067,25.7055263888889
0.5366666666666666,0.10288975,0.12459683333333334,0.13288666666666668,0.12874175000000002,0.124509,0.13253825,0.128523625,0.1286326875,0.21812500000001345,25.742937500000007
0.537,0.10284276875,0.12459385,0.13287200000000002,0.128732925,0.1245059,0.13252757499999998,0.12851673749999998,0.12862483125,0.21618750000002018,25.782062499999995
0.5373333333333333,0.10282035,0.12459086666666667,0.13285733333333336,0.1287241,0.1245028,0.1325169,0.12850984999999998,0.128616975,0.21425000000002692,25.796624999999988
0.5376666666666666,0.10279480625000001,0.12458788333333333,0.13284266666666666,0.128715275,0.1244997,0.132506225,0.1285029625,0.12860911875,0.21231249999997814,25.814312499999993
0.538,0.10276926249999999,0.1245849,0.132828,0.12870645,0.1244966,0.13249555,0.128496075,0.12860126249999998,0.21037500000001264,25.831999999999994
0.5383333333333333,0.10274126041666667,0.12458191666666667,0.13281333333333334,0.128697625,0.12449349999999999,0.132484875,0.1284891875,0.12859340625,0.20843750000001937,25.852145833333314
0.5386666666666666,0.1026963,0.12457893333333334,0.13279866666666668,0.1286888,0.1244904,0.1324742,0.1284823,0.12858555,0.20649999999999835,25.88924999999999
0.539,0.10265401249999999,0.12457595,0.132784,0.128679975,0.1244873,0.132463525,0.1284754125,0.12857769375,0.2045625000000051,25.923681250000012
0.5393333333333333,0.10260970694444445,0.12457296666666667,0.13276933333333335,0.12867115,0.1244842,0.13245284999999998,0.128468525,0.1285698375,0.20262500000001182,25.96013055555556
0.5396666666666666,0.10256805486111112,0.12456998333333333,0.1327546666666667,0.12866232500000002,0.1244811,0.132442175,0.1284616375,0.12856198125,0.20068750000001856,25.993926388888895
0.54,0.10251949999999999,0.124567,0.13274,0.1286535,0.124478,0.13243149999999998,0.12845475,0.12855412500000002,0.19874999999999754,26.034625000000034
0.5403333333333333,0.10247170625,0.12456401666666667,0.13272533333333333,0.12864467499999999,0.1244749,0.132420825,0.1284478625,0.12854626875,0.19681249999997652,26.074562499999995
0.5406666666666666,0.10244928750000001,0.12456103333333333,0.13271066666666667,0.12863585,0.1244718,0.13241015,0.128440975,0.1285384125,0.19487499999998326,26.089124999999992
0.541,0.10240484375,0.12455805,0.132696,0.128627025,0.1244687,0.13239969999999998,0.1284342,0.1285306125,0.19282500000000757,26.12576875
0.5413333333333333,0.102337025,0.12455506666666667,0.13268133333333335,0.12861820000000002,0.1244656,0.1323936,0.1284296,0.12852390000000002,0.18860000000001098,26.186875000000025
0.5416666666666666,0.10229557291666667,0.12455208333333334,0.13266666666666668,0.12860937500000003,0.1244625,0.1323875,0.128425,0.12851718750000002,0.1843750000000144,26.221614583333345
0.542,0.1022502111111111,0.1245491,0.13265200000000002,0.12860055,0.1244594,0.13238139999999998,0.1284204,0.128510475,0.1801500000000178,26.260263888888915
0.5423333333333333,0.10224629652777778,0.12454611666666666,0.13263733333333333,0.128591725,0.12445629999999999,0.1323753,0.1284158,0.1285037625,0.17592499999999345,26.257465972222228
0.5426666666666666,0.10220202222222223,0.12454313333333333,0.13262266666666667,0.1285829,0.1244532,0.1323692,0.1284112,0.12849705,0.17169999999999686,26.295027777777772
0.5429999999999999,0.10217673125000003,0.12454015,0.132608,0.128574075,0.1244501,0.13236309999999998,0.12840659999999998,0.1284903375,0.16747500000002802,26.313606249999967
0.5433333333333333,0.10214925000000001,0.12453716666666667,0.13259333333333334,0.12856525000000002,0.124447,0.132357,0.12840200000000002,0.12848362500000002,0.16325000000000367,26.33437500000001
0.5436666666666666,0.10207298958333333,0.12453418333333334,0.13257866666666668,0.128556425,0.1244439,0.1323509,0.1283974,0.12847691249999998,0.15902500000000708,26.403922916666655
0.5439999999999999,0.10200286666666669,0.1245312,0.13256400000000002,0.1285476,0.1244408,0.13234479999999998,0.1283928,0.1284702,0.15480000000001048,26.467333333333315
0.5443333333333333,0.10200000000000001,0.12452821666666666,0.13254933333333335,0.128538775,0.1244377,0.1323387,0.1283882,0.1284634875,0.15057499999998614,26.463487499999992
0.5446666666666666,0.10197869027777777,0.12452523333333333,0.1325346666666667,0.12852995,0.12443459999999999,0.1323326,0.1283836,0.128456775,0.1463500000000173,26.478084722222224
0.5449999999999999,0.10195000000000003,0.12452225,0.13252000000000003,0.128521125,0.1244315,0.13232649999999999,0.128379,0.12845006250000002,0.1421250000000207,26.50006249999999
0.5453333333333333,0.10191588055555556,0.12451926666666667,0.13250533333333334,0.1285123,0.1244284,0.1323204,0.1283744,0.12844335,0.13789999999999636,26.527469444444453
0.5456666666666666,0.10185408125000002,0.12451628333333334,0.1324944,0.12850534166666666,0.1244253,0.1323143,0.1283698,0.12843757083333335,0.13554166666665535,26.58348958333333
0.5459999999999999,0.10180552222222224,0.12451330000000001,0.1324856,0.12849945000000002,0.1244222,0.1323082,0.12836519999999998,0.128432325,0.13425000000003018,26.626802777777776
0.5463333333333333,0.1017675875,0.12451031666666666,0.1324768,0.12849355833333334,0.12441909999999999,0.1323021,0.1283606,0.12842707916666668,0.1329583333333495,26.659491666666675
0.5466666666666666,0.10174887499999999,0.12450733333333333,0.132468,0.12848766666666667,0.124416,0.132296,0.128356,0.12842183333333335,0.13166666666666882,26.67295833333336
0.5469999999999999,0.10170685,0.12450435,0.1324592,0.128481775,0.12441289999999999,0.1322899,0.1283514,0.1284165875,0.13037499999998814,26.70973750000001
0.5473333333333333,0.10168216250000002,0.12450136666666667,0.1324504,0.12847588333333332,0.1244098,0.1322838,0.1283468,0.12841134166666668,0.12908333333330746,26.729179166666658
0.5476666666666666,0.10163198749999999,0.12449838333333334,0.13244160000000002,0.12846999166666667,0.1244067,0.1322777,0.1283422,0.12840609583333334,0.1277916666666823,26.774108333333352
0.5479999999999999,0.10159741111111113,0.1244954,0.13243280000000002,0.12846410000000003,0.1244036,0.1322716,0.1283376,0.12840085,0.12650000000002937,26.803438888888877
0.5483333333333333,0.10152022569444444,0.12449241666666666,0.13242400000000001,0.12845820833333332,0.1244005,0.1322655,0.128333,0.12839560416666668,0.12520833333332093,26.875378472222238
0.5486666666666666,0.1014581125,0.12448943333333333,0.1324152,0.12845231666666668,0.12439739999999999,0.1322594,0.1283284,0.12839035833333334,0.12391666666666801,26.93224583333334
0.5489999999999999,0.10143450555555557,0.12448645,0.1324064,0.128446425,0.1243943,0.1322533,0.1283238,0.1283851125,0.12262500000001508,26.95060694444444
0.5493333333333333,0.10138592499999999,0.12448346666666667,0.1323976,0.12844053333333333,0.1243912,0.1322472,0.1283192,0.12837986666666668,0.1213333333333344,26.993941666666686
0.5496666666666666,0.10135960625000001,0.12448048333333334,0.1323888,0.12843464166666668,0.1243881,0.1322411,0.1283146,0.12837462083333334,0.12004166666668148,27.01501458333333
0.5499999999999999,0.1013496875,0.1244775,0.13238,0.12842875,0.124385,0.132235,0.12830999999999998,0.128369375,0.11875000000002855,27.019687500000014
0.5503333333333333,0.10130403333333332,0.12447451666666666,0.1323712,0.12842285833333333,0.12438189999999999,0.1322289,0.12830540000000001,0.12836412916666667,0.11745833333332012,27.060095833333353
0.5506666666666666,0.10125032500000002,0.12447153333333333,0.1323624,0.12841696666666666,0.1243788,0.1322228,0.1283008,0.12835888333333334,0.1161666666666672,27.108558333333324
0.5509999999999999,0.10118834236111113,0.12446855,0.13235360000000002,0.128411075,0.12437569999999999,0.1322167,0.1282962,0.1283536375,0.11487500000001427,27.16529513888888
0.5513333333333333,0.1011631375,0.12446556666666667,0.1323448,0.12840518333333334,0.1243726,0.1322106,0.1282916,0.12834839166666667,0.11358333333333359,27.185254166666674
0.5516666666666666,0.10111268749999999,0.12446258333333333,0.132336,0.12839929166666667,0.1243695,0.1322045,0.12828699999999998,0.12834314583333334,0.11229166666668067,27.230458333333345
0.5519999999999999,0.1011,0.1244596,0.1323272,0.1283934,0.1243664,0.1321984,0.1282824,0.1283379,0.11099999999999999,27.23790000000001
0.5523333333333333,0.10106101805555555,0.12445661666666666,0.1323184,0.12838750833333334,0.1243633,0.13219229999999998,0.1282778,0.12833265416666667,0.10970833333334706,27.27163611111112
0.5526666666666666,0.10100317500000001,0.12445363333333333,0.1323096,0.12838161666666667,0.12436019999999999,0.1321862,0.1282732,0.12832740833333334,0.10841666666666638,27.32423333333332
0.5529999999999999,0.10093958750000004,0.12445065,0.1323008,0.128375725,0.1243571,0.1321801,0.1282686,0.1283221625,0.1071249999999857,27.382574999999964
0.5533333333333333,0.10091433333333333,0.12444766666666666,0.132292,0.12836983333333332,0.12435399999999999,0.13217399999999999,0.128264,0.12831691666666667,0.10583333333333278,27.40258333333334
0.5536666666666666,0.10087773888888889,0.12444468333333333,0.1322832,0.12836394166666665,0.1243509,0.1321679,0.1282594,0.12831167083333334,0.1045416666666521,27.43393194444445
0.5539999999999999,0.10086284444444445,0.1244417,0.13227440000000001,0.12835805,0.1243478,0.1321618,0.1282548,0.128306425,0.10324999999999918,27.443580555555556
0.5543333333333333,0.10079461249999999,0.12443871666666666,0.1322656,0.12835215833333333,0.12434469999999999,0.1321557,0.12825019999999998,0.12830117916666667,0.10195833333334625,27.506566666666675
0.5546666666666666,0.100767075,0.12443573333333333,0.1322568,0.12834626666666665,0.1243416,0.1321496,0.12824560000000002,0.12829593333333333,0.10066666666663782,27.528858333333336
0.5549999999999999,0.10075,0.12443275,0.132248,0.128340375,0.12433849999999999,0.1321435,0.128241,0.1282906875,0.09937500000001265,27.540687499999994
0.5553333333333333,0.10070795138888888,0.12442976666666666,0.1322392,0.12833448333333333,0.1243354,0.1321374,0.1282364,0.12828544166666667,0.09808333333333197,27.577490277777784
0.5556666666666666,0.10066856874999999,0.12442678333333333,0.1322304,0.12832859166666666,0.12433229999999999,0.1321313,0.1282318,0.12828019583333333,0.09679166666665129,27.61162708333334
0.5559999999999999,0.10062120000000001,0.1244238,0.1322216,0.1283227,0.1243292,0.1321252,0.12822719999999999,0.12827495,0.09550000000002612,27.65374999999999
0.5563333333333333,0.10059560625,0.12442081666666667,0.1322128,0.12831680833333334,0.1243261,0.1321191,0.1282226,0.12826970416666666,0.09420833333334544,27.674097916666668
0.5566666666666666,0.10052781250000001,0.12441783333333332,0.132204,0.12831091666666666,0.12432299999999999,0.132113,0.128218,0.12826445833333333,0.09291666666666476,27.736645833333323
0.5569999999999999,0.10051951875,0.12441485,0.1321952,0.12830502500000002,0.1243199,0.1321069,0.1282134,0.1282592125,0.09162500000001184,27.73969375
0.5573333333333333,0.10047299444444444,0.12441186666666666,0.1321864,0.12829913333333334,0.12431679999999999,0.1321008,0.12820879999999998,0.12825396666666666,0.09033333333335891,27.78097222222223
0.5576666666666666,0.10043516180555558,0.12440888333333333,0.1321776,0.12829324166666667,0.1243137,0.1320947,0.1282042,0.12824872083333333,0.08904166666667823,27.813559027777753
0.5579999999999999,0.1003758013888889,0.1244059,0.1321688,0.12828735,0.1243106,0.1320886,0.1281996,0.128243475,0.08774999999999755,27.8676736111111
0.5583333333333333,0.10032269097222221,0.12440291666666667,0.13216,0.12828145833333332,0.1243075,0.1320825,0.128195,0.12823822916666666,0.08645833333331687,27.91553819444445
0.5586666666666666,0.10027735000000003,0.12439993333333332,0.1321512,0.12827556666666667,0.1243044,0.1320764,0.1281904,0.12823298333333333,0.08516666666666395,27.9556333333333
0.5589999999999999,0.10024750625000002,0.12439694999999999,0.1321424,0.128269675,0.12430129999999999,0.1320703,0.1281858,0.1282277375,0.08387500000001102,27.980231249999974
0.5593333333333333,0.10019080000000001,0.12439396666666666,0.1321336,0.12826378333333333,0.1242982,0.1320642,0.1281812,0.12822249166666666,0.08258333333333034,28.03169166666665
0.5596666666666666,0.10017454375,0.12439098333333333,0.1321248,0.12825789166666665,0.12429509999999999,0.1320581,0.1281766,0.12821724583333333,0.08129166666664966,28.042702083333328
0.5599999999999999,0.10012925000000002,0.124388,0.13211599999999998,0.12825199999999998,0.124292,0.132052,0.128172,0.128212,0.07999999999996898,28.082749999999976
0.5603333333333333,0.10009862777777778,0.12438501666666667,0.1321072,0.12824610833333333,0.1242889,0.1320459,0.1281674,0.12820675416666666,0.07870833333334382,28.108126388888877
0.5606666666666666,0.10003424722222223,0.12438203333333334,0.1320984,0.12824021666666668,0.1242858,0.1320398,0.12816280000000002,0.12820150833333335,0.07741666666666314,28.16726111111112
0.5609999999999999,0.10000049375000002,0.12437904999999999,0.1320896,0.12823432499999998,0.1242827,0.1320337,0.1281582,0.1281962625,0.07612499999998246,28.195768749999974
0.5613333333333334,0.09994296111111112,0.12437606666666666,0.1320808,0.12822843333333334,0.12427959999999999,0.1320276,0.12815359999999998,0.12819101666666666,0.07483333333335729,28.24805555555554
0.5616666666666666,0.09992447222222221,0.12437308333333333,0.132072,0.12822254166666666,0.1242765,0.1320215,0.128149,0.12818577083333332,0.07354166666664885,28.261298611111112
0.5619999999999999,0.09990176666666667,0.1243701,0.1320632,0.12821665,0.12427339999999999,0.1320154,0.1281444,0.128180525,0.07224999999999593,28.27875833333332
0.5623333333333334,0.09985601250000001,0.12436711666666667,0.1320544,0.12821075833333334,0.1242703,0.1320093,0.1281398,0.12817527916666666,0.070958333333343,28.31926666666665
0.5626666666666666,0.09983215000000002,0.12436413333333333,0.13204559999999999,0.12820486666666667,0.1242672,0.13200320000000001,0.1281352,0.12817003333333332,0.06966666666666232,28.3378833333333
0.563,0.0997850875,0.12436115,0.13203679999999998,0.128198975,0.1242641,0.131997825,0.1281309625,0.12816496875,0.06801249999999204,28.379881250000004
0.5633333333333334,0.09974165972222222,0.12435816666666666,0.13202799999999998,0.12819308333333332,0.124261,0.13199325,0.128127125,0.12816010416666668,0.06595833333331025,28.418444444444454
0.5636666666666666,0.09970551875,0.12435518333333333,0.1320192,0.12818719166666667,0.12425789999999999,0.131988675,0.1281232875,0.12815523958333333,0.06390416666668397,28.44972083333333
0.564,0.09967942222222224,0.1243522,0.1320104,0.1281813,0.1242548,0.1319841,0.12811945,0.12815037499999998,0.06185000000000218,28.47095277777774
0.5643333333333334,0.09961870416666666,0.12434921666666666,0.1320016,0.12817540833333332,0.12425169999999999,0.13197952500000001,0.1281156125,0.12814551041666666,0.05979583333332039,28.526806250000007
0.5646666666666667,0.0995788875,0.12434623333333333,0.1319928,0.12816951666666665,0.1242486,0.13197495,0.128111775,0.12814064583333334,0.0577416666666386,28.56175833333334
0.565,0.09955646875000002,0.12434325,0.131984,0.128163625,0.1242455,0.131970375,0.1281079375,0.12813578125,0.055687500000012324,28.579312499999983
0.5653333333333334,0.09953092499999999,0.12434026666666667,0.1319752,0.12815773333333333,0.1242424,0.1319658,0.1281041,0.12813091666666665,0.053633333333330535,28.599991666666657
0.5656666666666667,0.09947551875,0.12433728333333333,0.13196639999999998,0.12815184166666665,0.1242393,0.13196122500000002,0.1281002625,0.12812605208333333,0.051579166666648746,28.650533333333325
0.566,0.09941816527777779,0.1243343,0.13195759999999998,0.12814594999999998,0.12423619999999999,0.13195665,0.128096425,0.1281211875,0.04952499999996696,28.70302222222222
0.5663333333333334,0.09938241875,0.12433131666666666,0.13194879999999998,0.1281400583333333,0.1242331,0.131952075,0.1280925875,0.12811632291666664,0.04747083333331292,28.73390416666663
0.5666666666666667,0.09935687500000003,0.12432833333333333,0.13194,0.12813416666666666,0.12423,0.1319475,0.12808875,0.12811145833333332,0.04541666666665889,28.75458333333329
0.567,0.09931681111111111,0.12432535,0.1319312,0.128128275,0.1242269,0.13194292500000002,0.1280849125,0.12810659375,0.043362500000004855,28.789782638888887
0.5673333333333334,0.09928847777777777,0.12432236666666667,0.1319224,0.12812238333333334,0.1242238,0.13193835,0.128081075,0.12810172916666668,0.04130833333335082,28.813251388888904
0.5676666666666667,0.09924080763888887,0.12431938333333334,0.1319136,0.12811649166666667,0.1242207,0.131933775,0.1280772375,0.12809686458333333,0.03925416666666903,28.856056944444457
0.568,0.09919724444444446,0.12431640000000001,0.1319048,0.1281106,0.1242176,0.1319292,0.1280734,0.12809199999999998,0.03719999999998724,28.894755555555527
0.5683333333333334,0.09915728125,0.12431341666666666,0.1318973333333333,0.128105375,0.12421449999999999,0.13192462500000002,0.1280695625,0.12808746875,0.03581249999998204,28.93018749999998
0.5686666666666667,0.09913486250000002,0.12431043333333333,0.13189146666666665,0.12810095,0.1242114,0.13192005,0.12806572500000002,0.1280833375,0.035224999999972084,28.948474999999988
0.569,0.09909537986111112,0.12430745,0.1318856,0.128096525,0.1242083,0.131915475,0.1280618875,0.12807920625,0.034637499999989885,28.98382638888887
0.5693333333333334,0.09905192499999999,0.12430446666666667,0.13187973333333333,0.1280921,0.1242052,0.1319109,0.12805805,0.12807507499999998,0.03404999999997993,29.023149999999998
0.5696666666666667,0.09899771250000002,0.12430148333333334,0.13187386666666664,0.12808767499999998,0.1242021,0.13190632500000002,0.12805421250000001,0.12807094375,0.033462499999969975,29.073231249999985
0.57,0.0989623888888889,0.1242985,0.13186799999999999,0.12808324999999998,0.124199,0.13190175,0.128050375,0.1280668125,0.032874999999987775,29.104423611111084
0.5703333333333334,0.09892252152777778,0.12429551666666666,0.13186213333333333,0.128078825,0.1241959,0.131897175,0.1280465375,0.12806268125,0.032287500000005576,29.140159722222226
0.5706666666666667,0.0989,0.12429253333333333,0.13185626666666667,0.1280744,0.12419279999999999,0.1318926,0.1280427,0.12805855,0.03169999999999562,29.15854999999999
0.571,0.09887914791666667,0.12428955,0.13185039999999998,0.128069975,0.1241897,0.13188802500000002,0.12803886250000002,0.12805441875,0.031112499999985666,29.175270833333336
0.5713333333333334,0.0988134125,0.12428656666666667,0.13184453333333332,0.12806555,0.1241866,0.13188345,0.128035025,0.1280502875,0.030525000000003466,29.236874999999994
0.5716666666666667,0.098775,0.12428358333333334,0.13183866666666666,0.128061125,0.1241835,0.131878875,0.1280311875,0.12804615625,0.02993749999999351,29.271156249999986
0.572,0.09874953333333335,0.1242806,0.1318328,0.1280567,0.1241804,0.1318743,0.12802734999999998,0.128042025,0.02935000000001131,29.292491666666656
0.5723333333333334,0.09871638125,0.12427761666666667,0.1318269333333333,0.128052275,0.1241773,0.13186972500000002,0.12802351250000002,0.12803789375000002,0.0287624999999736,29.321512500000022
0.5726666666666667,0.09867644305555556,0.12427463333333333,0.13182106666666665,0.12804785,0.1241742,0.13186515000000001,0.128019675,0.12803376249999998,0.0281749999999914,29.357319444444418
0.573,0.09864029375000001,0.12427165,0.1318152,0.128043425,0.1241711,0.131860575,0.1280158375,0.12802963125,0.027587499999981446,29.389337499999986
0.5733333333333334,0.09859097222222221,0.12426866666666667,0.13180933333333333,0.12803900000000001,0.124168,0.131856,0.12801200000000001,0.12802550000000001,0.026999999999999247,29.434527777777802
0.5736666666666667,0.09855000000000001,0.12426568333333333,0.13180346666666665,0.12803457499999998,0.1241649,0.13185142500000002,0.12800816250000002,0.12802136875,0.026412499999961536,29.47136874999999
0.574,0.09852823750000002,0.1242627,0.1317976,0.12803015,0.1241618,0.13184685000000002,0.128004325,0.1280172375,0.025825000000007092,29.488999999999972
0.5743333333333334,0.0984887375,0.12425971666666667,0.13179173333333333,0.128025725,0.1241587,0.131842275,0.1280004875,0.12801310625,0.025237499999997137,29.52436875
0.5746666666666667,0.09843445000000002,0.12425673333333334,0.13178586666666667,0.1280213,0.1241556,0.1318377,0.12799665,0.128008975,0.024650000000014938,29.574524999999976
0.575,0.0984084375,0.12425375000000001,0.13177999999999998,0.128016875,0.1241525,0.13183312500000002,0.1279928125,0.12800484374999999,0.024062500000004983,29.596406249999983
0.5753333333333334,0.09836148750000001,0.12425076666666666,0.13177413333333332,0.12801245,0.12414940000000001,0.13182855000000002,0.127988975,0.1280007125,0.023474999999995028,29.639224999999993
0.5756666666666667,0.0983406375,0.12424778333333333,0.13176826666666666,0.128008025,0.1241463,0.131823975,0.1279851375,0.12799658125000002,0.022887499999985073,29.655943750000024
0.576,0.09828017500000001,0.1242448,0.1317624,0.1280036,0.1241432,0.1318194,0.1279813,0.12799244999999998,0.022300000000002873,29.71227499999997
0.5763333333333334,0.09825,0.12424181666666667,0.13175653333333331,0.127999175,0.1241401,0.131814825,0.1279774625,0.12798831875,0.021712499999992918,29.73831874999999
0.5766666666666667,0.09822170138888889,0.12423883333333334,0.13175066666666665,0.12799475,0.124137,0.13181025000000002,0.127973625,0.1279841875,0.021124999999982963,29.762486111111127
0.577,0.09817500000000003,0.12423585000000001,0.1317448,0.12799032500000002,0.1241339,0.131805675,0.12796978750000002,0.12798005625000003,0.020537500000000763,29.805056250000003
0.5773333333333334,0.0981564,0.12423286666666666,0.13173893333333334,0.12798589999999999,0.1241308,0.1318011,0.12796595,0.127975925,0.01994999999999081,29.819524999999985
0.5776666666666667,0.0981,0.12422988333333333,0.13173306666666665,0.12798147499999998,0.12412770000000001,0.131796525,0.1279621125,0.12797179375,0.019362499999980853,29.871793750000002
0.578,0.09807453750000002,0.1242269,0.1317272,0.12797704999999998,0.1241246,0.13179195000000002,0.127958275,0.1279676625,0.0187749999999709,29.89312499999998
0.5783333333333334,0.098025,0.12422391666666667,0.13172133333333333,0.127972625,0.1241215,0.131787375,0.12795443750000002,0.12796353125,0.0181874999999887,29.93853125000001
0.5786666666666667,0.0980248,0.12422093333333334,0.13171546666666667,0.1279682,0.1241184,0.1317828,0.1279506,0.1279594,0.0176000000000065,29.934600000000007
0.579,0.0979860125,0.12421795000000001,0.1317096,0.127963775,0.1241153,0.131778225,0.1279467625,0.12795526875000002,0.017012499999996544,29.969256250000022
0.5793333333333334,0.09794742499999999,0.12421496666666668,0.13170373333333332,0.12795935,0.1241122,0.13177365000000002,0.127942925,0.1279511375,0.01642499999998659,30.003712500000017
0.5796666666666667,0.09788879375,0.12421198333333333,0.13169786666666666,0.127954925,0.1241091,0.131769075,0.1279390875,0.12794700625,0.01583750000000439,30.0582125
0.58,0.09786325,0.124209,0.131692,0.1279505,0.12410600000000001,0.1317645,0.12793525,0.127942875,0.015249999999994435,30.079625000000014
0.5803333333333334,0.09781291249999999,0.12420601666666667,0.13168613333333332,0.127946075,0.1241029,0.131759925,0.1279314125,0.12793874375,0.01466249999998448,30.12583125000001
0.5806666666666667,0.097775,0.12420303333333334,0.13168026666666666,0.12794165,0.12409970000000001,0.13175535000000002,0.12792752500000001,0.1279345875,0.014124999999975962,30.1595875
0.581,0.09775224375000001,0.12420005,0.1316744,0.127937225,0.12409505,0.13175077500000001,0.1279229125,0.12793006875000001,0.014312499999974415,30.177825000000006
0.5813333333333334,0.0977159,0.12419706666666668,0.13166853333333334,0.1279328,0.1240904,0.1317462,0.1279183,0.12792555,0.014500000000000624,30.209650000000003
0.5816666666666667,0.0976773125,0.12419408333333334,0.13166266666666668,0.127928375,0.12408575000000001,0.131741625,0.1279136875,0.12792103125,0.014687499999999076,30.24371875000001
0.582,0.09760664444444447,0.1241911,0.1316568,0.12792395,0.1240811,0.13173705000000002,0.127909075,0.12791651250000002,0.014874999999997529,30.30986805555555
0.5823333333333333,0.09758895000000001,0.12418811666666667,0.13165093333333333,0.127919525,0.12407645,0.13173247500000002,0.1279044625,0.12791199375,0.015062499999995982,30.32304375
0.5826666666666667,0.09755513333333334,0.12418513333333334,0.13164506666666667,0.1279151,0.1240718,0.1317279,0.12789985,0.127907475,0.015249999999994435,30.352341666666657
0.583,0.09753960625,0.12418215,0.1316392,0.127910675,0.12406715,0.131723325,0.1278952375,0.12790295625,0.015437499999992887,30.36335000000001
0.5833333333333333,0.09747291666666669,0.12417916666666667,0.13163333333333332,0.12790625,0.1240625,0.13171875000000002,0.127890625,0.12789843750000002,0.01562499999999134,30.42552083333333
0.5836666666666667,0.09741997986111112,0.12417618333333334,0.13162746666666666,0.127901825,0.12405785,0.13171417500000002,0.1278860125,0.12789391875,0.015812499999989793,30.473938888888885
0.584,0.09740000000000001,0.12417320000000001,0.1316216,0.1278974,0.1240532,0.1317096,0.1278814,0.1278894,0.015999999999988246,30.48939999999997
0.5843333333333333,0.09738118125,0.12417021666666667,0.13161573333333335,0.12789297500000002,0.12404855000000001,0.131705025,0.1278767875,0.12788488125000003,0.016187500000014454,30.503700000000023
0.5846666666666667,0.0973350361111111,0.12416723333333334,0.13160986666666666,0.12788855,0.1240439,0.13170045000000002,0.127872175,0.1278803625,0.01637499999998515,30.545326388888906
0.585,0.09728230555555557,0.12416425,0.131604,0.12788412500000002,0.12403925,0.13169587500000002,0.1278675625,0.12787584375,0.01656250000001136,30.593538194444424
0.5853333333333333,0.097263925,0.12416126666666667,0.13159813333333334,0.1278797,0.12403460000000001,0.1316913,0.12786295,0.127871325,0.016750000000009813,30.607400000000005
0.5856666666666667,0.09723411666666668,0.12415828333333334,0.13159226666666668,0.127875275,0.12402995,0.131686725,0.1278583375,0.12786680625000002,0.016937500000008265,30.632689583333345
0.586,0.09717145138888891,0.12415530000000001,0.1315864,0.12787085,0.1240253,0.13168215,0.127853725,0.1278622875,0.017125000000006718,30.690836111111093
0.5863333333333333,0.09712500000000002,0.12415231666666666,0.13158053333333333,0.127866425,0.12402065,0.13167757500000002,0.1278491125,0.12785776875,0.01731250000000517,30.732768749999973
0.5866666666666667,0.097099625,0.12414933333333333,0.13157466666666667,0.127862,0.124016,0.131673,0.1278445,0.12785325,0.017500000000003624,30.753625000000007
0.587,0.09707500000000001,0.12414635,0.1315688,0.127857575,0.12401135,0.131668425,0.1278398875,0.12784873125000001,0.017687500000002077,30.773731250000004
0.5873333333333333,0.09703198750000001,0.12414336666666667,0.13156293333333333,0.12785315,0.1240067,0.13166385,0.127835275,0.1278442125,0.01787500000000053,30.812224999999984
0.5876666666666667,0.09699136875,0.12414038333333334,0.13155706666666667,0.127848725,0.12400205,0.13165927500000002,0.12783066250000003,0.12783969375,0.018062499999971227,30.84832500000001
0.588,0.0969612888888889,0.12413740000000001,0.1315512,0.12784430000000002,0.1239974,0.1316547,0.12782605,0.12783517500000002,0.01825000000002519,30.873886111111123
0.5883333333333333,0.0969285173611111,0.12413441666666666,0.13154533333333335,0.127839875,0.12399275,0.131650125,0.1278214375,0.12783065625,0.018437499999995888,30.902138888888903
0.5886666666666667,0.0968834875,0.12413143333333333,0.13153946666666666,0.12783545,0.1239881,0.13164555,0.127816825,0.1278261375,0.01862499999999434,30.94264999999999
0.589,0.09684412916666667,0.12412845,0.1315336,0.127831025,0.12398345,0.13164097500000002,0.12781221250000002,0.12782161875,0.018812499999965038,30.977489583333337
0.5893333333333333,0.09680000000000001,0.12412546666666667,0.13152773333333334,0.1278266,0.1239788,0.13163640000000001,0.12780760000000002,0.12781710000000002,0.018999999999991246,31.017100000000006
0.5896666666666667,0.09676431875000001,0.12412248333333334,0.13152186666666668,0.127822175,0.12397415,0.131631825,0.12780298750000002,0.12781258125,0.0191874999999897,31.048262499999993
0.59,0.09671394444444446,0.12411950000000001,0.131516,0.12781775,0.1239695,0.13162725,0.127798375,0.12780806249999999,0.019375000000015907,31.094118055555523
0.5903333333333333,0.09670000000000001,0.12411651666666668,0.13151013333333333,0.127813325,0.12396485,0.131622675,0.1277937625,0.12780354375,0.01956250000001436,31.10354374999999
0.5906666666666667,0.09667192499999999,0.12411353333333333,0.13150426666666667,0.1278089,0.12396019999999999,0.13161810000000002,0.12778915000000002,0.127799025,0.019749999999985057,31.12710000000002
0.591,0.09661093125,0.12411055,0.1314992,0.127804875,0.12395555,0.131613525,0.12778453750000002,0.12779470625,0.020337499999995012,31.183774999999997
0.5913333333333333,0.0965814263888889,0.12410756666666667,0.13149626666666667,0.12780191666666668,0.1239509,0.13160895,0.12777992500000002,0.12779092083333335,0.0219916666666653,31.209494444444445
0.5916666666666667,0.09653930555555555,0.12410458333333334,0.13149333333333335,0.12779895833333335,0.12394625,0.131604375,0.1277753125,0.12778713541666667,0.023645833333363342,31.247829861111118
0.592,0.0964977,0.1241016,0.1314904,0.12779600000000002,0.1239416,0.13159980000000002,0.12777070000000001,0.12778335000000002,0.025300000000005873,31.28565000000001
0.5923333333333333,0.09645000000000002,0.12409861666666668,0.13148746666666666,0.12779304166666666,0.12393695,0.131595225,0.12776608750000001,0.12777956458333334,0.026954166666648405,31.329564583333315
0.5926666666666667,0.096435175,0.12409563333333333,0.13148453333333335,0.12779008333333333,0.1239323,0.13159065,0.127761475,0.12777577916666666,0.028608333333318692,31.34060416666666
0.593,0.09638096250000001,0.12409265,0.1314816,0.127787125,0.12392765,0.131586075,0.1277568625,0.12777199375,0.03026249999998898,31.391031249999994
0.5933333333333333,0.096338375,0.12408966666666667,0.13147866666666666,0.12778416666666667,0.123923,0.1315815,0.12775225,0.12776820833333336,0.031916666666659266,31.429833333333352
0.5936666666666667,0.0963131625,0.12408668333333334,0.13147573333333334,0.12778120833333334,0.12391835,0.131576925,0.1277476375,0.12776442291666668,0.03357083333332955,31.45126041666668
0.594,0.09626925555555556,0.1240837,0.1314728,0.12777825,0.1239137,0.13157235,0.127743025,0.1277606375,0.03522499999999984,31.491381944444438
0.5943333333333333,0.0962328625,0.12408071666666667,0.13146986666666668,0.12777529166666668,0.12390904999999999,0.131567775,0.1277384125,0.12775685208333334,0.03687916666667013,31.523989583333343
0.5946666666666667,0.09618932499999999,0.12407773333333333,0.13146693333333334,0.12777233333333332,0.1239044,0.1315632,0.1277338,0.12775306666666666,0.03853333333331266,31.563741666666672
0.595,0.0961650625,0.12407475,0.131464,0.127769375,0.12389975,0.131558625,0.1277291875,0.12774928125,0.040187499999982945,31.58421875000002
0.5953333333333333,0.09612500000000002,0.12407176666666667,0.13146106666666668,0.12776641666666666,0.1238951,0.13155405,0.127724575,0.12774549583333333,0.04184166666665323,31.62049583333332
0.5956666666666667,0.09610370625,0.12406878333333334,0.13145813333333334,0.12776345833333333,0.12389045,0.131549475,0.1277199625,0.12774171041666665,0.04349583333332352,31.63800416666665
0.596,0.09604340000000001,0.1240658,0.1314552,0.1277605,0.1238858,0.1315449,0.12771535,0.127737925,0.045149999999993806,31.694524999999988
0.5963333333333333,0.09601507777777779,0.12406281666666667,0.13145226666666668,0.12775754166666667,0.12388115,0.131540325,0.1277107375,0.12773413958333335,0.04680416666666409,31.719061805555558
0.5966666666666667,0.09596731250000001,0.12405983333333333,0.13144933333333333,0.12775458333333334,0.1238765,0.13153575,0.127706125,0.12773035416666667,0.04845833333333438,31.76304166666666
0.597,0.09593666249999999,0.12405685,0.1314464,0.12775162499999998,0.12387184999999999,0.131531175,0.1277015125,0.12772656875,0.05011249999997691,31.78990625
0.5973333333333333,0.09589497777777779,0.12405386666666667,0.13144346666666668,0.12774866666666668,0.1238672,0.1315266,0.1276969,0.12772278333333334,0.051766666666674954,31.827805555555546
0.5976666666666667,0.095875,0.12405088333333333,0.13144053333333333,0.12774570833333332,0.12386255,0.131522025,0.1276922875,0.12771899791666666,0.053420833333317486,31.84399791666666
0.598,0.09583678611111113,0.1240479,0.13143760000000002,0.12774275000000002,0.12385789999999999,0.13151745,0.127687675,0.1277152125,0.05507500000001553,31.87842638888888
0.5983333333333333,0.09576459375000003,0.12404491666666667,0.13143466666666667,0.12773979166666666,0.12385325,0.131512875,0.1276830625,0.12771142708333333,0.05672916666665806,31.9468333333333
0.5986666666666667,0.0957406,0.12404193333333334,0.13143173333333333,0.12773683333333333,0.1238486,0.1315083,0.12767845,0.12770764166666665,0.05838333333332835,31.967041666666653
0.599,0.09567600625000003,0.12403895,0.1314288,0.127733875,0.12384395,0.131503725,0.1276738375,0.12770385625,0.060037499999998634,32.02784999999997
0.5993333333333333,0.0956643,0.12403596666666666,0.13142586666666667,0.12773091666666667,0.1238393,0.13149915,0.127669225,0.12770007083333335,0.06169166666666892,32.03577083333335
0.5996666666666667,0.09562449930555555,0.12403298333333333,0.13142293333333332,0.12772795833333334,0.12383464999999999,0.131494575,0.1276646125,0.12769628541666667,0.06334583333333921,32.07178611111111
0.6,0.09559625000000001,0.12403,0.13142,0.127725,0.12383,0.13149,0.12766,0.1276925,0.0650000000000095,32.096249999999976
0.6003333333333333,0.0955476625,0.12402701666666667,0.13141706666666667,0.12772204166666667,0.12382535,0.131485425,0.1276553875,0.12768871458333333,0.06665416666667978,32.14105208333333
0.6006666666666667,0.09551391249999999,0.12402403333333334,0.13141413333333335,0.12771908333333334,0.12382069999999999,0.13148084999999998,0.127650775,0.12768492916666668,0.06830833333335007,32.17101666666669
0.601,0.09547448125,0.12402105,0.1314112,0.127716125,0.12381605,0.131476275,0.1276461625,0.12768114375,0.06996250000002036,32.2066625
0.6013333333333333,0.09542500000000002,0.12401806666666666,0.13140826666666666,0.12771316666666666,0.1238114,0.1314717,0.12764155,0.12767735833333332,0.07161666666666289,32.2523583333333
0.6016666666666667,0.09540536111111111,0.12401508333333333,0.13140533333333335,0.12771020833333335,0.12380675,0.131467125,0.1276369375,0.12767357291666667,0.07327083333336093,32.26821180555556
0.602,0.09536300694444443,0.1240121,0.1314024,0.12770725,0.1238021,0.13146254999999998,0.127632325,0.1276697875,0.07492500000000346,32.30678055555557
0.6023333333333333,0.0953,0.12400911666666667,0.13139946666666666,0.12770429166666666,0.12379744999999999,0.131457975,0.1276277125,0.12766600208333334,0.07657916666667375,32.36600208333334
0.6026666666666667,0.09527755000000002,0.12400613333333334,0.13139653333333334,0.12770133333333333,0.1237928,0.1314534,0.1276231,0.12766221666666666,0.07823333333334404,32.38466666666665
0.603,0.09523741111111111,0.12400315,0.1313936,0.127698375,0.12378815,0.131448825,0.1276184875,0.12765843124999998,0.07988750000001432,32.42102013888887
0.6033333333333333,0.09518160416666667,0.12400016666666666,0.13139066666666668,0.12769541666666667,0.12378349999999999,0.13144424999999998,0.127613875,0.12765464583333333,0.08154166666668461,32.47304166666666
0.6036666666666667,0.09517190555555556,0.123995775,0.13138773333333334,0.12769175416666667,0.12377885,0.13143967499999998,0.1276092625,0.12765050833333333,0.08249166666668417,32.478602777777766
0.604,0.09513267500000001,0.1239913,0.1313848,0.12768805,0.1237742,0.1314351,0.12760465,0.12764635,0.08340000000001124,32.51367499999998
0.6043333333333333,0.09508923194444444,0.123986825,0.13138186666666668,0.12768434583333332,0.12376954999999999,0.131430525,0.12760003749999999,0.12764219166666665,0.08430833333333831,32.55295972222222
0.6046666666666667,0.0950323875,0.12398235,0.13137893333333334,0.12768064166666668,0.1237649,0.13142594999999999,0.12759542499999998,0.12763803333333334,0.08521666666669314,32.60564583333335
0.605,0.09502246875,0.123977875,0.131376,0.1276769375,0.12376025,0.13142137499999998,0.12759081249999998,0.127633875,0.08612500000002021,32.61140625
0.6053333333333333,0.09495947500000004,0.1239734,0.13137306666666668,0.12767323333333333,0.1237556,0.1314168,0.12758619999999998,0.12762971666666667,0.08703333333334728,32.67024166666663
0.6056666666666667,0.09494013125,0.123968925,0.13137013333333333,0.12766952916666666,0.12375095,0.131412225,0.12758158749999998,0.12762555833333333,0.08794166666667436,32.68542708333333
0.606,0.09491042499999999,0.12396445,0.1313672,0.127665825,0.1237463,0.13140765,0.12757697499999998,0.1276214,0.08885000000002918,32.710975000000005
0.6063333333333333,0.09482650625000003,0.123959975,0.13136426666666667,0.12766212083333334,0.12374165,0.13140307499999998,0.12757236249999998,0.12761724166666666,0.08975833333335625,32.790735416666635
0.6066666666666667,0.094797875,0.1239555,0.13136133333333333,0.12765841666666666,0.123737,0.1313995,0.12756825,0.12761333333333333,0.09016666666666895,32.815458333333325
0.607,0.09476151666666667,0.123951025,0.13135840000000001,0.12765471250000002,0.12373234999999999,0.131397975,0.1275651625,0.1276099375,0.08955000000002156,32.84842083333332
0.6073333333333333,0.09472803750000001,0.12394655,0.13135546666666667,0.12765100833333334,0.1237277,0.13139645,0.127562075,0.12760654166666668,0.08893333333334641,32.87850416666667
0.6076666666666667,0.09470123125,0.123942075,0.13135253333333333,0.12764730416666667,0.12372305,0.131394925,0.1275589875,0.12760314583333332,0.08831666666667126,32.901914583333316
0.608,0.09463007500000001,0.1239376,0.1313496,0.1276436,0.12371839999999999,0.1313934,0.1275559,0.12759975,0.08769999999999611,32.969675
0.6083333333333333,0.09461390625,0.123933125,0.13134666666666667,0.12763989583333335,0.12371375,0.131391875,0.1275528125,0.12759635416666668,0.08708333333334872,32.98244791666667
0.6086666666666667,0.09457499999999999,0.12392865,0.13134373333333332,0.12763619166666668,0.1237091,0.13139035,0.127549725,0.12759295833333334,0.08646666666667358,33.01795833333335
0.609,0.09453595486111112,0.123924175,0.1313408,0.1276324875,0.12370445,0.131388825,0.1275466375,0.1275895625,0.08584999999999843,33.053607638888884
0.6093333333333333,0.09449977500000001,0.12391970000000001,0.13133786666666666,0.12762878333333333,0.1236998,0.13138729999999998,0.12754355,0.12758616666666667,0.08523333333332328,33.08639166666666
0.6096666666666667,0.09446485625,0.123915225,0.13133493333333335,0.12762507916666668,0.12369515,0.13138577499999998,0.1275404625,0.12758277083333336,0.08461666666667589,33.11791458333335
0.61,0.09441925000000001,0.12391075,0.131332,0.127621375,0.1236905,0.13138424999999998,0.12753737499999998,0.127579375,0.0840000000000285,33.16012499999999
0.6103333333333333,0.09436816249999999,0.123906275,0.13132906666666666,0.12761767083333334,0.12368585,0.13138272499999998,0.12753428749999998,0.12757597916666666,0.08338333333335335,33.207816666666666
0.6106666666666667,0.09434134999999999,0.1239018,0.13132613333333334,0.1276139666666667,0.12368119999999999,0.1313812,0.1275312,0.12757258333333335,0.0827666666666782,33.23123333333336
0.611,0.09429723749999999,0.123897325,0.1313232,0.12761026250000002,0.12367655,0.131379675,0.1275281125,0.12756918750000001,0.08215000000000305,33.271950000000025
0.6113333333333333,0.09424134444444446,0.12389285,0.13132026666666666,0.12760655833333334,0.1236719,0.13137815,0.12752502500000001,0.12756579166666668,0.0815333333333279,33.32444722222222
0.6116666666666667,0.094225,0.123888375,0.13131733333333334,0.12760285416666667,0.12366724999999999,0.131376625,0.1275219375,0.12756239583333334,0.08091666666668051,33.33739583333334
0.612,0.09416693055555554,0.1238839,0.1313144,0.12759915,0.1236626,0.1313751,0.12751885,0.12755899999999998,0.08030000000000537,33.39206944444444
0.6123333333333333,0.09412500000000001,0.123879425,0.13131146666666668,0.12759544583333335,0.12365795,0.131373575,0.1275157625,0.12755560416666667,0.07968333333335798,33.430604166666654
0.6126666666666667,0.09410319305555556,0.12387495,0.13130853333333334,0.12759174166666667,0.1236533,0.13137205,0.127512675,0.12755220833333333,0.07906666666668283,33.449015277777775
0.613,0.09404071250000001,0.12387047500000001,0.1313056,0.1275880375,0.12364865,0.131370525,0.1275095875,0.1275488125,0.07845000000000768,33.508099999999985
0.6133333333333333,0.09402137499999999,0.123866,0.13130266666666668,0.12758433333333336,0.123644,0.13136899999999999,0.1275065,0.1275454166666667,0.07783333333336029,33.5240416666667
0.6136666666666667,0.09398518333333333,0.123861525,0.13129973333333333,0.12758062916666668,0.12363935,0.13136747499999998,0.1275034125,0.12754202083333332,0.07721666666668514,33.55683749999999
0.614,0.093940575,0.12385705,0.1312968,0.127576925,0.1236347,0.13136594999999998,0.127500325,0.12753862500000002,0.07660000000001,33.598050000000015
0.6143333333333333,0.0939082375,0.123852575,0.13129386666666668,0.12757322083333333,0.12363005,0.131364425,0.1274972375,0.12753522916666665,0.07598333333333485,33.62699166666665
0.6146666666666667,0.09385317777777777,0.1238481,0.13129093333333333,0.12756951666666666,0.1236254,0.1313629,0.12749415,0.12753183333333334,0.0753666666666597,33.67865555555557
0.615,0.09383767013888886,0.123843625,0.131288,0.1275658125,0.12362075,0.131361375,0.1274910625,0.12752843749999998,0.07474999999998455,33.69076736111112
0.6153333333333333,0.09378622500000001,0.12383915000000001,0.13128506666666667,0.12756210833333334,0.1236161,0.13135985,0.127487975,0.12752504166666667,0.07413333333333716,33.73881666666666
0.6156666666666667,0.09372694375,0.123834675,0.13128213333333333,0.12755840416666667,0.12361145,0.131358325,0.1274848875,0.12752164583333334,0.07351666666666201,33.794702083333334
0.616,0.09370248888888888,0.1238302,0.1312792,0.12755470000000002,0.1236068,0.1313568,0.1274818,0.12751825,0.07290000000001462,33.81576111111112
0.6163333333333333,0.09365152222222223,0.123825725,0.13127626666666667,0.12755099583333335,0.12360215,0.131355275,0.12747871249999998,0.12751485416666666,0.07228333333336723,33.86333194444443
0.6166666666666667,0.09362527777777778,0.12382125000000001,0.13127333333333333,0.12754729166666667,0.1235975,0.13135375,0.12747562499999998,0.12751145833333333,0.07166666666669208,33.88618055555555
0.617,0.09360245694444444,0.123816775,0.1312704,0.1275435875,0.12359285,0.131352225,0.12747253749999998,0.1275080625,0.07105000000001693,33.90560555555555
0.6173333333333333,0.09352943888888891,0.1238123,0.13126746666666667,0.12753988333333333,0.1235882,0.1313507,0.12746944999999998,0.12750466666666666,0.07043333333334179,33.97522777777774
0.6176666666666667,0.09351430624999998,0.123807825,0.13126453333333332,0.12753617916666665,0.12358355,0.13134917499999998,0.12746636249999999,0.12750127083333332,0.06981666666666664,33.98696458333333
0.618,0.09346891111111111,0.12380335,0.1312616,0.127532475,0.1235789,0.13134764999999998,0.127463275,0.12749787499999998,0.06920000000001925,34.028963888888875
0.6183333333333333,0.09342571875,0.123798875,0.13125866666666666,0.12752877083333333,0.12357425,0.131346125,0.1274601875,0.12749447916666667,0.0685833333333441,34.06876041666668
0.6186666666666667,0.09341580000000001,0.1237944,0.13125573333333335,0.1275250666666667,0.1235696,0.1313446,0.1274571,0.12749108333333334,0.0679666666666967,34.07528333333333
0.619,0.09334824027777777,0.12378992500000001,0.1312528,0.1275213625,0.12356495,0.131343075,0.1274540125,0.1274876875,0.06735000000002156,34.13944722222223
0.6193333333333333,0.09330221250000001,0.12378545,0.13124986666666666,0.12751765833333334,0.1235603,0.13134155,0.127450925,0.12748429166666667,0.06673333333334641,34.182079166666654
0.6196666666666667,0.09329229374999999,0.123780975,0.13124693333333334,0.12751395416666667,0.12355565,0.131340025,0.1274478375,0.12748089583333333,0.06611666666667126,34.188602083333336
0.62,0.09321513888888891,0.1237765,0.131244,0.12751025,0.123551,0.1313385,0.12744475,0.1274775,0.06549999999999612,34.26236111111108
0.6203333333333333,0.09317500000000002,0.12377202500000001,0.13124106666666666,0.12750654583333332,0.12354635,0.131336975,0.1274416625,0.12747410416666666,0.06488333333332097,34.29910416666664
0.6206666666666667,0.09314625138888889,0.12376755,0.13123813333333334,0.12750284166666667,0.1235417,0.13133545,0.127438575,0.12747070833333335,0.06426666666667358,34.32445694444446
0.621,0.0930989875,0.123763075,0.1312352,0.1274991375,0.12353705,0.131333925,0.1274354875,0.12746731249999999,0.06364999999999843,34.36832499999999
0.6213333333333333,0.0930552,0.12375860000000001,0.13123226666666665,0.12749543333333332,0.1235324,0.1313324,0.1274324,0.12746391666666668,0.06303333333332328,34.40871666666667
0.6216666666666667,0.09300182291666666,0.123754125,0.13122933333333334,0.12749172916666668,0.12352775,0.13133087499999999,0.1274293125,0.12746052083333334,0.06241666666667589,34.45869791666669
0.622,0.09296754444444444,0.12374965,0.1312264,0.127488025,0.1235231,0.13132934999999998,0.127426225,0.127457125,0.06180000000000074,34.48958055555556
0.6223333333333333,0.09292276249999999,0.123745175,0.13122346666666668,0.12748432083333333,0.12351845,0.131327825,0.1274231375,0.12745372916666667,0.061183333333325596,34.53096666666668
0.6226666666666666,0.09287480000000001,0.12374070000000001,0.13122053333333333,0.12748061666666666,0.1235138,0.1313263,0.12742005,0.12745033333333333,0.06056666666665045,34.575533333333325
0.623,0.09285000000000002,0.123736225,0.1312176,0.12747691249999998,0.12350915,0.131324775,0.1274169625,0.1274469375,0.0599499999999753,34.59693749999998
0.6233333333333333,0.09281831249999999,0.12373175,0.13121466666666667,0.12747320833333334,0.1235045,0.13132325,0.127413875,0.12744354166666666,0.05933333333332791,34.62522916666667
0.6236666666666666,0.09275451875000004,0.12372727500000001,0.13121173333333333,0.12746950416666666,0.12349985000000001,0.131321725,0.1274107875,0.12744014583333335,0.05871666666665276,34.68562708333331
0.624,0.092730425,0.12372280000000001,0.1312088,0.1274658,0.1234952,0.1313202,0.1274077,0.12743675,0.058099999999977614,34.706324999999985
0.6243333333333333,0.09267248750000003,0.123718325,0.13120586666666667,0.12746209583333334,0.12349055,0.131318675,0.12740461250000001,0.12743335416666668,0.05748333333333022,34.76086666666665
0.6246666666666666,0.0926341375,0.12371385,0.13120293333333333,0.12745839166666667,0.12348590000000001,0.13131715,0.12740152500000002,0.12742995833333334,0.056866666666655075,34.79582083333334
0.625,0.09262109375,0.12370937500000001,0.1312,0.1274546875,0.12348125,0.131315625,0.1273984375,0.1274265625,0.05625000000000768,34.80546875000001
0.6253333333333333,0.09255881944444445,0.1237049,0.13119706666666667,0.12745098333333332,0.1234766,0.1313141,0.12739535,0.12742316666666664,0.055633333333332535,34.864347222222186
0.6256666666666666,0.09252313125000003,0.123700425,0.13119413333333332,0.12744727916666665,0.12347195,0.131312575,0.1273922625,0.12741977083333333,0.05501666666665739,34.896639583333304
0.626,0.09247954999999998,0.12369595,0.1311912,0.127443575,0.1234673,0.13131105,0.12738917500000002,0.12741637500000003,0.05439999999998224,34.93682500000005
0.6263333333333333,0.09242879097222222,0.12369147500000001,0.13118826666666666,0.12743987083333333,0.12346265000000001,0.131309525,0.12738608750000002,0.12741297916666666,0.05378333333330709,34.98418819444445
0.6266666666666666,0.092387125,0.123687,0.13118533333333332,0.12743616666666666,0.123458,0.131308,0.127383,0.12740958333333333,0.0531666666666597,35.022458333333326
0.627,0.09236378749999999,0.123682525,0.1311824,0.1274324625,0.12345335,0.131306475,0.1273799125,0.1274061875,0.05255000000001231,35.0424
0.6273333333333333,0.09229707500000003,0.12367805000000001,0.13117946666666666,0.12742875833333334,0.12344870000000001,0.13130495,0.127376825,0.12740279166666668,0.05193333333333716,35.105716666666645
0.6276666666666666,0.09227321666666667,0.12367357500000001,0.13117653333333334,0.12742505416666666,0.12344405,0.131303425,0.1273737375,0.12739939583333332,0.051316666666662014,35.126179166666645
0.628,0.09223111111111112,0.1236691,0.1311736,0.12742135,0.1234394,0.1313019,0.12737065,0.127396,0.05069999999998687,35.16488888888888
0.6283333333333333,0.09218128125000001,0.123664625,0.13117066666666666,0.12741764583333332,0.12343475000000001,0.131300375,0.1273675625,0.12739260416666665,0.05008333333331172,35.21132291666663
0.6286666666666666,0.09216465694444445,0.12366015000000001,0.13116773333333334,0.12741394166666667,0.1234301,0.1312977,0.1273639,0.12738892083333334,0.050041666666666984,35.224263888888885
0.629,0.09210088541666667,0.123655675,0.1311648,0.1274102375,0.12342545,0.13129465,0.12736005,0.12738514374999999,0.050187499999992946,35.28425833333332
0.6293333333333333,0.09204176944444445,0.1236512,0.13116186666666665,0.12740653333333332,0.1234208,0.1312916,0.1273562,0.12738136666666666,0.05033333333331891,35.33959722222221
0.6296666666666666,0.09201660625000001,0.123646725,0.13115893333333334,0.12740282916666668,0.12341615,0.13128855,0.12735235,0.12737758958333334,0.050479166666672626,35.36098333333333
0.63,0.0919550347222222,0.12364225000000001,0.131156,0.127399125,0.12341150000000001,0.1312855,0.1273485,0.12737381250000002,0.05062499999999859,35.41877777777781
0.6303333333333333,0.09191551875,0.123637775,0.13115306666666665,0.12739542083333333,0.12340685,0.13128245,0.12734465,0.12737003541666667,0.05077083333332455,35.45451666666667
0.6306666666666666,0.09187747500000001,0.1236333,0.13115013333333334,0.12739171666666665,0.1234022,0.1312794,0.1273408,0.12736625833333332,0.05091666666665051,35.4887833333333
0.631,0.09184217013888889,0.123628825,0.1311472,0.12738801249999998,0.12339755000000001,0.13127634999999999,0.12733695,0.12736248125,0.051062499999976474,35.520311111111106
0.6313333333333333,0.09179999999999999,0.12362435000000001,0.13114426666666668,0.12738430833333333,0.1233929,0.1312733,0.1273331,0.12735870416666667,0.05120833333333019,35.55870416666668
0.6316666666666666,0.09175025000000002,0.123619875,0.13114133333333333,0.12738060416666666,0.12338825,0.13127025,0.12732925,0.12735492708333335,0.051354166666656154,35.60467708333333
0.632,0.0917,0.1236154,0.1311384,0.1273769,0.12338360000000001,0.1312672,0.1273254,0.12735115,0.051499999999982116,35.651149999999994
0.6323333333333333,0.09167451250000001,0.12361092500000001,0.13113546666666667,0.12737319583333334,0.12337895,0.13126415,0.12732155,0.12734737291666667,0.05164583333333583,35.67286041666666
0.6326666666666666,0.09162342500000001,0.12360645,0.13113253333333333,0.12736949166666667,0.1233743,0.1312611,0.1273177,0.12734359583333332,0.051791666666661795,35.72017083333331
0.633,0.09157595763888891,0.123601975,0.13112959999999999,0.1273657875,0.12336965,0.13125805,0.12731385,0.12733981875,0.05193749999998776,35.76386111111108
0.6333333333333333,0.09154187500000001,0.1235975,0.13112666666666667,0.12736208333333332,0.123365,0.131255,0.12731,0.12733604166666668,0.05208333333331372,35.79416666666667
0.6336666666666666,0.09148891250000003,0.12359302500000001,0.13112373333333333,0.12735837916666667,0.12336035000000001,0.13125195,0.12730615,0.12733226458333335,0.05222916666666744,35.84335208333332
0.634,0.09147203749999999,0.12358855,0.1311208,0.127354675,0.1233557,0.1312489,0.1273023,0.1273284875,0.0523749999999934,35.85645000000001
0.6343333333333333,0.0914211125,0.123584075,0.13111786666666667,0.12735097083333333,0.12335105,0.13124585,0.12729845,0.12732471041666665,0.05252083333331936,35.903597916666655
0.6346666666666666,0.09139907500000001,0.1235796,0.13111493333333332,0.12734726666666665,0.12334640000000001,0.1312428,0.1272946,0.12732093333333333,0.05266666666664532,35.92185833333332
0.635,0.0913342986111111,0.12357512500000001,0.131112,0.1273435625,0.12334175,0.13123975,0.12729075,0.12731715625,0.05281249999999904,35.98285763888891
0.6353333333333333,0.09130000000000002,0.12357065,0.13110906666666666,0.12733985833333333,0.1233371,0.1312367,0.1272869,0.12731337916666668,0.052958333333325,36.01337916666667
0.6356666666666666,0.09123352500000001,0.123566175,0.13110613333333332,0.12733615416666666,0.12333245000000001,0.13123365,0.12728305,0.12730960208333333,0.053104166666650965,36.076077083333324
0.636,0.09120000000000002,0.1235617,0.1311032,0.12733244999999999,0.1233278,0.1312306,0.1272792,0.12730582499999998,0.05324999999997693,36.10582499999997
0.6363333333333333,0.0911489625,0.123557225,0.13110026666666666,0.12732874583333334,0.12332315,0.13122755,0.12727535,0.12730204791666666,0.053395833333330645,36.15308541666666
0.6366666666666666,0.09112500000000001,0.12355275,0.13109733333333332,0.12732504166666667,0.12331850000000001,0.1312245,0.1272715,0.12729827083333334,0.05354166666665661,36.173270833333326
0.637,0.0910936625,0.123548275,0.1310944,0.1273213375,0.12331385,0.13122145,0.12726765,0.12729449375000002,0.05368749999998257,36.20083125000001
0.6373333333333333,0.09104524444444444,0.12354380000000001,0.13109146666666666,0.12731763333333335,0.12330920000000001,0.13121839999999999,0.12726379999999998,0.12729071666666666,0.05383333333336404,36.245472222222226
0.6376666666666666,0.09099630069444446,0.123539325,0.13108853333333334,0.12731392916666667,0.12330455000000001,0.13121535,0.12725995,0.12728693958333334,0.05397916666666225,36.29063888888888
0.638,0.09094352499999998,0.12353485,0.1310856,0.127310225,0.1232999,0.1312123,0.1272561,0.1272831625,0.05412499999998821,36.33963750000001
0.6383333333333333,0.09091052777777779,0.123530375,0.13108266666666665,0.12730652083333333,0.12329525000000001,0.13120925,0.12725225,0.12727938541666667,0.05427083333331417,36.368857638888876
0.6386666666666666,0.09085638888888888,0.12352590000000001,0.13107973333333334,0.12730281666666668,0.1232906,0.1312062,0.12724839999999998,0.12727560833333335,0.054416666666695646,36.41921944444447
0.639,0.09081075625000001,0.123521425,0.1310768,0.1272991125,0.12328595,0.13120315,0.12724455,0.12727183125000002,0.05456249999999385,36.46107500000001
0.6393333333333333,0.09075563750000001,0.12351695,0.13107386666666665,0.12729540833333333,0.12328130000000001,0.1312001,0.12724069999999998,0.12726805416666664,0.05470833333334757,36.51241666666663
0.6396666666666666,0.09071279375,0.123512475,0.13107093333333333,0.12729170416666666,0.12327665,0.13119705,0.12723685,0.12726427708333332,0.054854166666645776,36.551483333333316
0.64,0.09067762499999998,0.123508,0.131068,0.127288,0.123272,0.131194,0.127233,0.1272605,0.054999999999999494,36.582875000000016
0.6403333333333333,0.09063045625000002,0.123503525,0.13106506666666667,0.12728429583333334,0.12326735000000001,0.13119095,0.12722915,0.12725672291666668,0.055145833333325456,36.62626666666666
0.6406666666666666,0.09059246527777778,0.12349905,0.13106213333333333,0.12728059166666666,0.1232627,0.1311879,0.12722529999999999,0.12725294583333333,0.05529166666667917,36.660480555555544
0.641,0.09053249375000001,0.123494575,0.1310592,0.1272768875,0.12325805000000001,0.13118485,0.12722145,0.12724916875,0.05543749999997738,36.71667499999999
0.6413333333333333,0.090504525,0.1234901,0.13105626666666667,0.12727318333333335,0.12325340000000001,0.1311818,0.1272176,0.12724539166666665,0.05558333333335885,36.74086666666665
0.6416666666666666,0.09044612847222225,0.123485625,0.13105333333333333,0.12726947916666667,0.12324875,0.13117875,0.12721375000000001,0.12724161458333333,0.05572916666665706,36.79548611111108
0.642,0.0904152375,0.12348115,0.13105039999999998,0.127265775,0.12324410000000001,0.1311757,0.12720990000000001,0.1272378375,0.05587499999998302,36.82260000000001
0.6423333333333333,0.0903908388888889,0.123476675,0.13104746666666667,0.12726207083333332,0.12323945,0.13117265,0.12720605000000001,0.12723406041666668,0.056020833333308984,36.843221527777786
0.6426666666666666,0.09033810000000002,0.1234722,0.13104453333333332,0.12725836666666668,0.1232348,0.1311696,0.1272022,0.12723028333333333,0.05616666666669046,36.892183333333314
0.643,0.09029173125,0.123467725,0.13104159999999998,0.1272546625,0.12323015000000001,0.13116655,0.12719835000000002,0.12722650625,0.05631249999998866,36.934775
0.6433333333333333,0.090251125,0.12346325,0.13103866666666666,0.12725095833333333,0.1232255,0.1311635,0.1271945,0.12722272916666666,0.05645833333334238,36.97160416666666
0.6436666666666666,0.09019519305555555,0.123458775,0.13103573333333332,0.12724725416666666,0.12322085,0.13116044999999998,0.12719065,0.12721895208333334,0.05660416666666834,37.023759027777785
0.644,0.09015000000000002,0.1234543,0.1310328,0.12724355,0.12321620000000001,0.1311574,0.12718680000000002,0.127215175,0.056749999999994305,37.06517499999999
0.6443333333333333,0.09010742083333333,0.123449825,0.13102986666666666,0.12723984583333334,0.12321155,0.13115435,0.12718295000000002,0.1272113979166667,0.05689583333332027,37.10397708333336
0.6446666666666666,0.09005,0.12344535,0.13102693333333332,0.12723614166666666,0.12320690000000001,0.1311513,0.1271791,0.1272076208333333,0.057041666666673985,37.157620833333304
0.645,0.09003412152777779,0.123440875,0.131024,0.12723243750000002,0.12320225000000001,0.13114825,0.12717525000000002,0.12720384375000002,0.05718749999999995,37.16972222222223
0.6453333333333333,0.08998210000000001,0.1234364,0.13102106666666666,0.12722873333333334,0.12319680000000001,0.1311452,0.127171,0.12719986666666666,0.05773333333333741,37.21776666666665
0.6456666666666666,0.0899310125,0.123431925,0.13101813333333331,0.12722502916666667,0.12319060000000001,0.13114214999999999,0.127166375,0.12719570208333333,0.05865416666667178,37.26468958333333
0.646,0.08988138749999999,0.12342745,0.1310152,0.127221325,0.12318440000000001,0.1311391,0.12716175000000002,0.1271915375,0.059574999999978395,37.310150000000014
0.6463333333333333,0.08984254375000002,0.123422975,0.13101226666666665,0.12721762083333332,0.1231782,0.13113605,0.127157125,0.12718737291666665,0.060495833333312765,37.344829166666635
0.6466666666666666,0.0898102361111111,0.1234185,0.13100933333333334,0.12721391666666668,0.123172,0.131133,0.1271525,0.12718320833333335,0.06141666666667489,37.37297222222226
0.647,0.0897579125,0.123414025,0.1310064,0.1272102125,0.1231658,0.13112995,0.127147875,0.12717904375,0.06233750000000926,37.42113125
0.6473333333333333,0.08970995,0.12340954999999999,0.13100346666666665,0.12720650833333333,0.12315960000000001,0.1311269,0.12714324999999999,0.12717487916666664,0.06325833333334363,37.46492916666665
0.6476666666666666,0.08964995416666667,0.123405075,0.13100053333333334,0.12720280416666668,0.12315340000000001,0.13112385,0.127138625,0.12717071458333334,0.064179166666678,37.520760416666675
0.648,0.08960000000000001,0.1234006,0.1309976,0.1271991,0.12314720000000001,0.13112079999999998,0.127134,0.12716655,0.06510000000001237,37.56654999999998
0.6483333333333333,0.08958034375000001,0.12339483333333333,0.13099466666666665,0.12719475,0.12314100000000001,0.13111775,0.12712937500000002,0.1271620625,0.06537499999997864,37.58171874999999
0.6486666666666666,0.08951686250000003,0.12338886666666667,0.13099173333333333,0.1271903,0.1231348,0.1311147,0.12712475,0.127157525,0.06554999999999755,37.64066249999996
0.649,0.0894888875,0.1233829,0.1309888,0.12718585,0.1231286,0.13111165,0.127120125,0.12715298749999998,0.06572499999998871,37.664099999999976
0.6493333333333333,0.0894439,0.12337693333333333,0.13098586666666664,0.1271814,0.1231224,0.1311086,0.1271155,0.12714845,0.06590000000000762,37.70454999999999
0.6496666666666666,0.0894117125,0.12337096666666666,0.13098293333333333,0.12717695,0.12311620000000001,0.13110555,0.127110875,0.1271439125,0.06607499999999877,37.732200000000006
0.65,0.0893622222222222,0.123365,0.13097999999999999,0.1271725,0.12311000000000001,0.13110249999999998,0.12710625,0.127139375,0.06624999999998993,37.77715277777779
0.6503333333333333,0.0893126625,0.12335903333333334,0.13097706666666667,0.12716805,0.12310380000000001,0.13109945,0.127101625,0.1271348375,0.06642500000000884,37.82217499999999
0.6506666666666666,0.0892647,0.12335306666666666,0.13097413333333333,0.1271636,0.12309760000000002,0.1310964,0.12709700000000002,0.1271303,0.06659999999997224,37.8656
0.651,0.08921112013888888,0.1233471,0.13097119999999998,0.12715915,0.1230914,0.13109335,0.127092375,0.12712576250000002,0.06677499999999115,37.91464236111114
0.6513333333333333,0.08917500000000002,0.12334113333333334,0.13096826666666667,0.1271547,0.1230852,0.1310903,0.12708775,0.127121225,0.06695000000001006,37.946224999999984
0.6516666666666666,0.08913700694444444,0.12333516666666666,0.13096533333333332,0.12715025,0.12307900000000001,0.13108725,0.127083125,0.1271166875,0.06712500000000121,37.97968055555555
0.652,0.08906767500000001,0.1233292,0.13096239999999998,0.12714579999999998,0.12307280000000001,0.13108419999999998,0.12707849999999998,0.12711214999999998,0.06729999999999237,38.04447499999996
0.6523333333333333,0.08904213125,0.12332323333333334,0.13095946666666666,0.12714135,0.12306660000000001,0.13108115,0.127073875,0.1271076125,0.06747499999998352,38.06548124999999
0.6526666666666666,0.08899880000000002,0.12331726666666666,0.13095653333333332,0.1271369,0.12306040000000001,0.1310781,0.12706925000000002,0.127103075,0.06764999999997467,38.104274999999994
0.653,0.0889602125,0.1233113,0.1309536,0.12713245,0.1230542,0.13107505,0.127064625,0.1270985375,0.06782500000002134,38.138325
0.6533333333333333,0.08889988888888889,0.12330533333333334,0.13095066666666666,0.127128,0.123048,0.131072,0.12706,0.12709399999999998,0.06799999999998474,38.1941111111111
0.6536666666666666,0.08886758680555555,0.12329936666666667,0.13094773333333332,0.12712355,0.1230418,0.13106895,0.127055375,0.1270894625,0.06817500000000365,38.22187569444445
0.654,0.08881753749999999,0.1232934,0.1309448,0.12711909999999998,0.12303560000000001,0.13106589999999999,0.12705075,0.127084925,0.0683499999999948,38.2673875
0.6543333333333333,0.08876836250000002,0.12328743333333333,0.13094186666666666,0.12711465,0.12302940000000001,0.13106284999999998,0.127046125,0.1270803875,0.06852499999998596,38.312024999999984
0.6546666666666666,0.08872582500000001,0.12328146666666667,0.1309389333333333,0.1271102,0.12302320000000001,0.1310598,0.1270415,0.12707585,0.06870000000000487,38.35002499999998
0.655,0.08868521875000002,0.1232755,0.130936,0.12710575,0.12301700000000002,0.13105675,0.127036875,0.12707131249999998,0.06887499999999602,38.38609374999996
0.6553333333333333,0.0886278625,0.12326953333333333,0.13093306666666665,0.1271013,0.1230108,0.1310537,0.12703225,0.12706677500000002,0.06904999999998718,38.43891250000002
0.6556666666666666,0.08861595,0.12326356666666667,0.13093013333333334,0.12709685,0.1230046,0.13105065,0.127027625,0.1270622375,0.06922500000000609,38.44628750000001
0.656,0.0885522,0.1232576,0.1309272,0.1270924,0.12299840000000001,0.1310476,0.127023,0.1270577,0.06939999999999724,38.5055
0.6563333333333333,0.08851685625000001,0.12325163333333333,0.13092426666666665,0.12708795,0.12299220000000001,0.13104454999999998,0.127018375,0.12705316249999998,0.06957500000001615,38.536306249999974
0.6566666666666666,0.08845720138888889,0.12324566666666667,0.13092133333333333,0.12708350000000002,0.12298600000000001,0.1310415,0.12701375,0.12704862500000003,0.0697500000000073,38.59142361111113
0.657,0.08842145208333334,0.1232397,0.1309184,0.12707905,0.12297980000000001,0.13103845,0.127009125,0.1270440875,0.06992499999999846,38.622635416666675
0.6573333333333333,0.0883940888888889,0.12323373333333333,0.13091546666666665,0.12707459999999998,0.12297360000000002,0.1310354,0.12700450000000002,0.12703955,0.07009999999996186,38.645461111111096
0.6576666666666666,0.08832841875,0.12322776666666667,0.13091253333333333,0.12707015,0.1229674,0.13103235,0.12699987499999998,0.1270350125,0.07027500000000853,38.70659374999999
0.658,0.0882797625,0.1232218,0.1309096,0.1270657,0.1229612,0.1310293,0.12699525,0.127030475,0.07044999999999968,38.750712500000006
0.6583333333333333,0.0882615625,0.12321583333333333,0.13090666666666664,0.12706125,0.12295500000000001,0.13102624999999998,0.126990625,0.1270259375,0.07062499999999083,38.76437499999999
0.6586666666666666,0.08818784444444447,0.12320986666666667,0.13090373333333333,0.1270568,0.12294880000000001,0.1310232,0.12698600000000002,0.1270214,0.07079999999998199,38.833555555555535
0.659,0.08814688749999999,0.1232039,0.13090079999999998,0.12705234999999998,0.12294260000000001,0.13102015,0.126981375,0.1270168625,0.07097499999997314,38.869975000000004
0.6593333333333333,0.08812133750000002,0.12319793333333333,0.13089786666666667,0.1270479,0.12293640000000002,0.1310171,0.12697675,0.12701232499999998,0.07114999999999205,38.89098749999996
0.6596666666666666,0.08805741319444445,0.12319196666666667,0.13089493333333332,0.12704345,0.12293020000000002,0.13101405,0.126972125,0.1270077875,0.07132500000001096,38.95037430555555
0.66,0.088025,0.123186,0.13089199999999998,0.12703899999999999,0.122924,0.131011,0.1269675,0.12700325,0.07149999999997436,38.97825
0.6603333333333333,0.0879987875,0.12318003333333334,0.13088906666666666,0.12703455,0.12291780000000001,0.13100794999999998,0.126962875,0.1269987125,0.07167499999999327,38.999925000000005
0.6606666666666666,0.08792824861111112,0.12317406666666667,0.13088613333333332,0.12703009999999998,0.12291160000000001,0.13100489999999998,0.12695825,0.126994175,0.07184999999998443,39.06592638888887
0.661,0.08787500000000001,0.1231681,0.13088319999999998,0.12702565,0.12290540000000001,0.13100185,0.12695362500000001,0.1269896375,0.07202499999997558,39.11463749999999
0.6613333333333333,0.08784976666666666,0.12316213333333334,0.13088026666666666,0.1270212,0.12289920000000001,0.1309988,0.126949,0.12698510000000002,0.07219999999999449,39.13533333333336
0.6616666666666666,0.08779119444444443,0.12315616666666666,0.13087733333333332,0.12701674999999998,0.12289300000000002,0.13099575,0.126944375,0.1269805625,0.07237499999998565,39.189368055555576
0.662,0.08774198749999998,0.1231502,0.1308744,0.1270123,0.1228868,0.1309927,0.12693975,0.126976025,0.07255000000000456,39.234037500000014
0.6623333333333333,0.08771019375,0.12314423333333334,0.13087146666666666,0.12700785,0.1228806,0.13098964999999999,0.12693512499999998,0.12697148749999998,0.07272500000002347,39.26129374999998
0.6626666666666666,0.08765905555555555,0.12313826666666666,0.13086853333333331,0.1270034,0.12287440000000001,0.13098659999999998,0.1269305,0.12696695,0.07289999999998686,39.30789444444445
0.6629999999999999,0.08760000000000001,0.1231323,0.1308656,0.12699895,0.12286820000000001,0.13098355,0.12692587500000002,0.1269624125,0.07307499999997802,39.3624125
0.6633333333333333,0.08757861607142857,0.12312633333333334,0.13086266666666665,0.1269945,0.12286200000000001,0.1309805,0.12692125,0.126957875,0.07324999999999693,39.37925892857143
0.6636666666666666,0.08751428819444447,0.12312036666666668,0.13085973333333334,0.12699005000000002,0.12285580000000001,0.13097745,0.126916625,0.1269533375,0.07342500000001584,39.43904930555554
0.6639999999999999,0.08747500000000001,0.1231144,0.1308568,0.1269856,0.12284960000000002,0.1309744,0.126912,0.1269488,0.073600000000007,39.47379999999999
0.6643333333333333,0.0874607375,0.12310843333333334,0.13085386666666665,0.12698115,0.1228434,0.13097135,0.126907375,0.1269442625,0.07377499999999815,39.48352499999999
0.6646666666666666,0.08739241111111112,0.12310246666666667,0.13085093333333334,0.1269767,0.12283720000000001,0.13096829999999998,0.12690275,0.126939725,0.0739499999999893,39.54731388888888
0.6649999999999999,0.08734130555555558,0.1230965,0.130848,0.12697225,0.12283100000000001,0.13096525,0.126898125,0.1269351875,0.07412500000000821,39.59388194444441
0.6653333333333333,0.08731209444444445,0.12309053333333334,0.13084506666666665,0.1269678,0.12282480000000001,0.1309622,0.1268935,0.12693064999999998,0.07429999999999937,39.61855555555553
0.6656666666666666,0.0872563875,0.12308456666666667,0.13084213333333333,0.12696335,0.12281860000000001,0.13095915,0.126888875,0.12692611250000002,0.07447499999999052,39.669725000000014
0.6659999999999999,0.08721155000000001,0.12307860000000001,0.1308392,0.12695889999999999,0.12281240000000002,0.1309561,0.12688425,0.126921575,0.07464999999998168,39.710024999999995
0.6663333333333333,0.08715554097222222,0.12307263333333333,0.13083626666666667,0.12695445,0.12280620000000002,0.13095305,0.126879625,0.1269170375,0.07482500000000059,39.76149652777777
0.6666666666666666,0.08711562500000002,0.12306666666666667,0.13083333333333333,0.12695,0.1228,0.13094999999999998,0.126875,0.12691249999999998,0.0750000000000195,39.796874999999964
0.6669999999999999,0.08708438958333334,0.12306070000000001,0.13083039999999999,0.12694555,0.12279380000000001,0.13094694999999998,0.12687037499999998,0.12690796249999997,0.07517500000001065,39.823572916666635
0.6673333333333333,0.087032275,0.12305473333333333,0.13082746666666667,0.1269411,0.12278760000000001,0.1309439,0.12686575,0.12690342500000001,0.0753500000000018,39.87115000000001
0.6676666666666666,0.08696711875000002,0.12304876666666667,0.13082453333333333,0.12693664999999998,0.12278140000000001,0.13094085,0.12686112500000002,0.1268988875,0.0755249999999652,39.93176874999998
0.6679999999999999,0.08693315000000001,0.12304280000000001,0.1308216,0.1269322,0.12277520000000001,0.1309378,0.1268565,0.12689435,0.07569999999998411,39.96119999999998
0.6683333333333333,0.08689103125,0.12303683333333333,0.13081866666666667,0.12692775,0.12276900000000002,0.13093475,0.126851875,0.1268898125,0.07587500000000302,39.99878125000001
0.6686666666666666,0.08684154444444445,0.12303086666666667,0.13081573333333332,0.1269233,0.1227628,0.13093169999999998,0.12684725,0.126885275,0.07604999999999418,40.04373055555555
0.6689999999999999,0.0868142625,0.1230249,0.1308128,0.12691885,0.12275660000000001,0.13092864999999998,0.126842625,0.1268807375,0.07622500000001309,40.066475000000004
0.6693333333333333,0.08675810277777776,0.12301893333333333,0.13080986666666666,0.12691439999999998,0.12275040000000001,0.1309256,0.126838,0.1268762,0.07639999999997649,40.11809722222223
0.6696666666666666,0.08671540902777779,0.12301296666666667,0.13080693333333332,0.12690995,0.12274420000000001,0.13092255,0.126833375,0.12687166249999998,0.0765749999999954,40.1562534722222
0.6699999999999999,0.08666232638888889,0.123007,0.130804,0.1269055,0.12273800000000001,0.1309195,0.12682875,0.126867125,0.0767500000000143,40.20479861111111
0.6703333333333333,0.08661901875000001,0.12300103333333334,0.13080106666666666,0.12690105000000002,0.12273180000000002,0.13091645,0.126824125,0.1268625875,0.07692500000000546,40.24356875
0.6706666666666666,0.08659117777777778,0.12299506666666667,0.13079813333333334,0.1268966,0.1227256,0.13091339999999999,0.1268195,0.12685805,0.07709999999999662,40.26687222222222
0.6709999999999999,0.08653519236111114,0.1229891,0.1307952,0.12689215,0.1227194,0.13091034999999998,0.126814875,0.1268535125,0.07727500000001553,40.31832013888885
0.6713333333333333,0.08647051250000001,0.12298313333333334,0.13079226666666666,0.1268877,0.12271320000000001,0.13090729999999998,0.12681024999999999,0.12684897499999997,0.07745000000000668,40.37846249999996
0.6716666666666666,0.08643681250000003,0.12297716666666667,0.13078933333333334,0.12688325,0.12270700000000001,0.13090425,0.126805625,0.12684443750000002,0.07762499999999783,40.40762499999999
0.6719999999999999,0.08638912222222224,0.1229712,0.1307864,0.1268788,0.12270080000000001,0.1309012,0.126801,0.1268399,0.07780000000001674,40.450777777777766
0.6723333333333333,0.08632225416666667,0.12296523333333334,0.13078346666666668,0.12687435000000002,0.12269460000000001,0.13089815,0.12679637500000002,0.12683536250000002,0.0779750000000079,40.513108333333356
0.6726666666666666,0.08628884821428572,0.12295926666666668,0.13078053333333334,0.1268699,0.1226884,0.1308951,0.12679174999999998,0.12683082499999998,0.07815000000002681,40.54197678571426
0.6729999999999999,0.08625000000000001,0.1229533,0.1307776,0.12686545,0.1226822,0.13089204999999998,0.126787125,0.1268262875,0.07832499999999021,40.576287499999985
0.6733333333333333,0.08623813888888887,0.12294733333333334,0.13077466666666668,0.126861,0.12267600000000001,0.13088899999999998,0.1267825,0.12682175,0.07850000000000912,40.58361111111114
0.6736666666666666,0.086141825,0.12294136666666668,0.13077173333333333,0.12685655,0.12266980000000001,0.13088595,0.126777875,0.1268172125,0.07867500000000027,40.67538749999999
0.6739999999999999,0.08610000000000002,0.1229354,0.1307688,0.1268521,0.12266360000000001,0.1308829,0.12677325,0.12681267499999999,0.07884999999999143,40.71267499999996
0.6743333333333333,0.08608887777777778,0.12292943333333334,0.13076586666666667,0.12684765,0.12265740000000001,0.13087985,0.126768625,0.1268081375,0.07902500000001034,40.71925972222222
0.6746666666666666,0.08600460000000001,0.12292346666666668,0.13076293333333333,0.1268432,0.1226512,0.1308768,0.126764,0.1268036,0.07920000000000149,40.79899999999997
0.6749999999999999,0.08596569444444445,0.1229175,0.13076000000000002,0.12683875,0.122645,0.13087374999999998,0.126759375,0.1267990625,0.07937499999999265,40.83336805555555
0.6753333333333333,0.08594836249999999,0.12291153333333334,0.13075706666666667,0.1268343,0.1226388,0.13087069999999998,0.12675475,0.126794525,0.07955000000001156,40.846162500000005
0.6756666666666666,0.0858905736111111,0.12290556666666667,0.13075413333333333,0.12682985,0.12263260000000001,0.13086765,0.126750125,0.12678998749999998,0.07972500000000271,40.89941388888887
0.6759999999999999,0.08581990555555559,0.12289960000000001,0.1307512,0.1268254,0.12262640000000001,0.1308646,0.1267455,0.12678545000000002,0.07989999999999386,40.96554444444443
0.6763333333333333,0.08579985625,0.12289363333333334,0.13074826666666667,0.12682095,0.12262020000000001,0.13086155,0.126740875,0.1267809125,0.08007499999998502,40.98105625000001
0.6766666666666666,0.08576544444444445,0.12288766666666667,0.13074533333333335,0.1268165,0.12261400000000001,0.1308585,0.12673625,0.126776375,0.08025000000000393,41.01093055555555
0.6769999999999999,0.08568359583333336,0.12288170000000001,0.1307424,0.12681205,0.1226078,0.13085544999999998,0.126731625,0.12677183749999998,0.08042500000002284,41.08824166666662
0.6773333333333333,0.085666975,0.12287573333333333,0.13073946666666666,0.1268076,0.1226016,0.1308524,0.126727,0.1267673,0.08059999999998624,41.10032499999999
0.6776666666666666,0.08561723750000001,0.12286976666666667,0.13073653333333335,0.12680315,0.12259540000000001,0.13084935,0.126722375,0.12676276250000001,0.08077500000000515,41.145525
0.6779999999999999,0.08557801111111112,0.12286380000000001,0.1307336,0.12679870000000001,0.12258920000000001,0.1308463,0.12671775000000002,0.126758225,0.0809499999999963,41.180213888888886
0.6783333333333333,0.08552846279761904,0.12285783333333333,0.13073066666666666,0.12679425,0.12258300000000001,0.13084325,0.126713125,0.1267536875,0.08112499999998746,41.22522470238095
0.6786666666666666,0.08547730000000002,0.12285186666666667,0.13072773333333335,0.1267898,0.12257680000000001,0.1308402,0.1267085,0.12674915,0.08130000000000637,41.271849999999986
0.6789999999999999,0.08544413750000003,0.12284590000000001,0.1307248,0.12678535000000002,0.1225706,0.13083714999999999,0.126703875,0.12674461250000002,0.08147500000002528,41.30047499999999
0.6793333333333333,0.08537815555555556,0.12283993333333333,0.1307218666666667,0.1267809,0.1225644,0.1308341,0.12669925,0.126740075,0.08164999999998868,41.36191944444445
0.6796666666666666,0.08532879375,0.12283396666666667,0.13071893333333334,0.12677645,0.1225582,0.13083105,0.126694625,0.1267355375,0.08182500000000759,41.40674374999999
0.6799999999999999,0.0852950277777778,0.122828,0.130716,0.126772,0.12255200000000001,0.130828,0.12669,0.12673099999999998,0.08199999999999874,41.43597222222218
0.6803333333333333,0.08525270625000002,0.12282203333333334,0.13071306666666668,0.12676755,0.12254580000000001,0.13082495,0.126685375,0.1267264625,0.08217500000001765,41.47375624999998
0.6806666666666666,0.085209025,0.12281606666666667,0.13071013333333334,0.12676310000000002,0.12253960000000001,0.1308219,0.12668075,0.126721925,0.0823500000000088,41.512900000000016
0.6809999999999999,0.08514698750000001,0.1228101,0.13070720000000002,0.12675865000000003,0.1225334,0.13081885,0.126676125,0.1267173875,0.08252500000002772,41.57039999999999
0.6813333333333333,0.0851042,0.12280413333333334,0.13070426666666668,0.1267542,0.1225272,0.1308158,0.1266715,0.12671285,0.08270000000001887,41.60864999999998
0.6816666666666666,0.08509115625,0.12279816666666667,0.13070133333333334,0.12674975,0.122521,0.13081275,0.126666875,0.1267083125,0.08287499999998227,41.61715625000001
0.6819999999999999,0.0850122015873016,0.1227922,0.13069840000000002,0.1267453,0.12251480000000001,0.1308097,0.12666225,0.12670377500000002,0.08305000000000118,41.69157341269841
0.6823333333333333,0.08495569375,0.12278623333333334,0.13069546666666668,0.12674085000000002,0.12250860000000001,0.13080665,0.126657625,0.1266992375,0.08322500000002009,41.74354375
0.6826666666666666,0.08492500555555556,0.12278026666666667,0.13069253333333333,0.1267364,0.12250240000000001,0.1308036,0.12665300000000002,0.1266947,0.08339999999998349,41.76969444444443
0.6829999999999999,0.08488898125000001,0.1227743,0.13068960000000002,0.12673195,0.1224962,0.13080055,0.12664837499999998,0.12669016249999998,0.08357500000003015,41.80118124999997
0.6833333333333333,0.08483013888888889,0.12276833333333334,0.13068666666666667,0.1267275,0.12249,0.1307975,0.12664375,0.126685625,0.08374999999999355,41.855486111111105
0.6836666666666666,0.08477366041666667,0.12276236666666668,0.13068373333333336,0.12672305,0.1224838,0.13079445,0.12663912500000002,0.1266810875,0.0839249999999847,41.90742708333334
0.6839999999999999,0.08475,0.1227564,0.1306808,0.12671860000000001,0.1224776,0.1307914,0.1266345,0.12667655,0.08410000000000362,41.92654999999999
0.6843333333333333,0.08472473125,0.12275043333333334,0.13067786666666667,0.12671415,0.12247140000000001,0.13078835,0.126629875,0.1266720125,0.08427499999999477,41.94728124999998
0.6846666666666666,0.08465371666666666,0.12274446666666668,0.13067493333333335,0.1267097,0.12246520000000001,0.1307853,0.12662525,0.126667475,0.08445000000001368,42.01375833333334
0.6849999999999999,0.08461696875000001,0.1227385,0.130672,0.12670525,0.122459,0.13078225000000002,0.12662062500000001,0.12666293750000002,0.08462499999997708,42.04596875000001
0.6853333333333333,0.08457546944444444,0.12273253333333334,0.13066906666666667,0.1267008,0.1224528,0.1307792,0.126616,0.1266584,0.08479999999999599,42.08293055555556
0.6856666666666666,0.08451613749999999,0.12272656666666668,0.13066613333333335,0.12669635,0.1224466,0.13077615,0.126611375,0.1266538625,0.0849750000000149,42.137725
0.6859999999999999,0.08448282222222223,0.1227206,0.1306632,0.1266919,0.1224404,0.1307731,0.12660675,0.12664932499999998,0.08515000000000605,42.16650277777775
0.6863333333333334,0.08442829097222222,0.12271463333333334,0.13066026666666666,0.12668745,0.1224342,0.13077005,0.126602125,0.12664478750000002,0.08532499999999721,42.2164965277778
0.6866666666666666,0.084386125,0.12270866666666667,0.13065733333333335,0.12668300000000002,0.12242800000000001,0.130767,0.1265975,0.12664025,0.08550000000001612,42.254125
0.6869999999999999,0.08434424375,0.12270270000000001,0.1306544,0.12667855,0.1224218,0.13076395000000002,0.126592875,0.1266357125,0.08567500000000727,42.29146874999999
0.6873333333333334,0.08428669999999999,0.12269673333333334,0.1306514666666667,0.1266741,0.1224156,0.1307609,0.12658825,0.126631175,0.08584999999999843,42.34447500000002
0.6876666666666666,0.0842533625,0.12269076666666667,0.13064853333333334,0.12666965000000002,0.1224094,0.13075785,0.126583625,0.12662663750000003,0.08602500000001734,42.37327500000003
0.688,0.08421628888888891,0.12268480000000001,0.1306456,0.1266652,0.1224032,0.1307548,0.126579,0.12662210000000002,0.08620000000000849,42.405811111111106
0.6883333333333334,0.0841824375,0.12267883333333333,0.13064266666666668,0.12666075000000002,0.12239625,0.13075175,0.126574,0.126617375,0.08675000000002431,42.434937500000004
0.6886666666666666,0.08411264444444445,0.12267286666666667,0.13063973333333334,0.1266563,0.12238850000000001,0.1307487,0.1265686,0.12661245,0.08769999999999611,42.49980555555553
0.689,0.08406669375000002,0.12266690000000001,0.1306368,0.12665185,0.12238075000000001,0.13074565000000002,0.12656320000000001,0.126607525,0.08864999999999568,42.54083124999998
0.6893333333333334,0.08403802500000002,0.12266093333333333,0.13063386666666668,0.12664740000000002,0.12237300000000001,0.13074260000000001,0.1265578,0.1266026,0.089600000000023,42.56457499999999
0.6896666666666667,0.08400670793650794,0.12265496666666667,0.13063093333333334,0.12664295,0.12236525000000001,0.13073955,0.1265524,0.12659767500000002,0.0905499999999948,42.59096706349208
0.69,0.08395553472222222,0.12264900000000001,0.13062800000000002,0.12663850000000001,0.12235750000000001,0.1307365,0.12654700000000002,0.12659275000000003,0.09149999999999436,42.637215277777806
0.6903333333333334,0.0839071625,0.12264303333333333,0.13062506666666668,0.12663405,0.12234975000000001,0.13073345,0.1265416,0.126587825,0.09244999999999393,42.6806625
0.6906666666666667,0.08385607500000002,0.12263706666666667,0.13062213333333333,0.1266296,0.122342,0.1307304,0.1265362,0.1265829,0.09340000000002124,42.726824999999984
0.691,0.08380523125000001,0.1226311,0.13061920000000002,0.12662515000000002,0.12233425,0.13072735000000002,0.1265308,0.126577975,0.0943500000000208,42.77274375
0.6913333333333334,0.08375736944444447,0.12262513333333334,0.13061626666666667,0.1266207,0.1223265,0.13072430000000002,0.1265254,0.12657305000000002,0.09529999999999261,42.81568055555555
0.6916666666666667,0.08370699652777779,0.12261916666666667,0.13061333333333333,0.12661624999999999,0.12231875,0.13072125,0.12652000000000002,0.126568125,0.09624999999996442,42.86112847222222
0.692,0.083675,0.1226132,0.13061040000000002,0.1266118,0.122311,0.1307182,0.1265146,0.1265632,0.09719999999999174,42.88819999999999
0.6923333333333334,0.08364307291666667,0.12260723333333334,0.13060746666666667,0.12660735,0.12230325,0.13071515,0.1265092,0.126558275,0.09815000000001906,42.91520208333333
0.6926666666666667,0.08356829999999998,0.12260126666666667,0.13060453333333333,0.1266029,0.1222955,0.1307121,0.1265038,0.12655335,0.09909999999999086,42.98505000000002
0.693,0.08353474444444443,0.1225953,0.1306016,0.12659845,0.12228775,0.13070905000000002,0.1264984,0.12654842500000002,0.10004999999999042,43.01368055555559
0.6933333333333334,0.08349314285714285,0.12258933333333334,0.13059866666666667,0.126594,0.12228,0.13070600000000002,0.12649300000000002,0.12654350000000003,0.10099999999998999,43.05035714285718
0.6936666666666667,0.0834525375,0.12258336666666668,0.13059573333333335,0.12658955000000002,0.12227225,0.13070295,0.1264876,0.12653857500000001,0.1019500000000173,43.08603750000001
0.694,0.08338811250000001,0.1225774,0.1305928,0.1265851,0.1222645,0.1306999,0.1264822,0.12653365,0.10290000000001687,43.14553749999998
0.6943333333333334,0.08334236874999999,0.12257143333333334,0.13058986666666667,0.12658065000000002,0.12225675,0.13069685,0.1264768,0.126528725,0.10385000000001643,43.18635625000002
0.6946666666666667,0.08331995,0.12256546666666668,0.13058693333333335,0.12657620000000003,0.12224900000000001,0.1306938,0.1264714,0.12652380000000002,0.10480000000001599,43.20385000000002
0.695,0.08327071875000003,0.1225595,0.130584,0.12657175,0.12224125000000001,0.13069075000000002,0.12646600000000002,0.12651887500000003,0.1057499999999878,43.24815625
0.6953333333333334,0.08320565555555555,0.12255353333333334,0.13058106666666666,0.1265673,0.12223350000000001,0.13068770000000002,0.1264606,0.12651395,0.10669999999998736,43.308294444444435
0.6956666666666667,0.08318534444444445,0.12254756666666668,0.13057813333333335,0.12656285,0.12222575000000001,0.13068465,0.12645520000000002,0.126509025,0.10764999999998692,43.32368055555555
0.696,0.0831252,0.1225416,0.1305752,0.12655840000000002,0.12221800000000001,0.1306816,0.1264498,0.1265041,0.10860000000001424,43.37890000000001
0.6963333333333334,0.08307500000000001,0.12253563333333334,0.1305722666666667,0.12655395000000003,0.12221025,0.13067855,0.1264444,0.12649917500000002,0.1095500000000138,43.42417500000001
0.6966666666666667,0.08306149999999998,0.12252966666666668,0.13056933333333334,0.1265495,0.1222025,0.1306755,0.126439,0.12649425,0.11050000000001337,43.43275000000002
0.697,0.08299281805555556,0.12252370000000001,0.1305664,0.12654505,0.12219475,0.13067245000000002,0.1264336,0.12648932499999999,0.11144999999998517,43.49650694444443
0.6973333333333334,0.0829360888888889,0.12251773333333334,0.13056346666666668,0.1265406,0.122187,0.13066940000000002,0.12642820000000002,0.1264844,0.11239999999998473,43.5483111111111
0.6976666666666667,0.08291489791666667,0.12251176666666667,0.13056053333333334,0.12653615000000001,0.12217925,0.13066635000000001,0.1264228,0.126479475,0.11335000000001205,43.56457708333333
0.698,0.08286652500000001,0.12250580000000001,0.1305576,0.1265317,0.1221715,0.1306633,0.1264174,0.12647455000000002,0.11429999999998386,43.60802500000001
0.6983333333333334,0.08280963888888888,0.12249983333333334,0.13055466666666668,0.12652725,0.12216375,0.13066025,0.126412,0.126469625,0.11525000000001118,43.65998611111112
0.6986666666666667,0.08278934999999998,0.12249386666666667,0.13055173333333334,0.1265228,0.122156,0.1306572,0.1264066,0.12646469999999999,0.11619999999998298,43.67535
0.699,0.08272644861111114,0.12248790000000001,0.13054880000000002,0.12651835,0.12214825,0.13065415000000002,0.12640120000000002,0.126459775,0.11714999999998255,43.733326388888855
0.6993333333333334,0.08267500000000001,0.12248193333333333,0.13054586666666668,0.1265139,0.1221405,0.13065110000000002,0.1263958,0.12645485,0.11810000000000986,43.779849999999996
0.6996666666666667,0.08266733749999998,0.12247596666666667,0.13054293333333333,0.12650945,0.12213275,0.13064805000000002,0.1263904,0.12644992500000002,0.11904999999998167,43.78258750000004
0.7,0.0826025,0.12247000000000001,0.13054000000000002,0.126505,0.12212500000000001,0.130645,0.12638500000000003,0.12644500000000003,0.11999999999998123,43.84250000000004
0.7003333333333334,0.08253729444444444,0.12246403333333333,0.13053706666666667,0.12650055,0.12211725,0.13064195,0.1263796,0.12644007499999999,0.1209499999999808,43.90278055555555
0.7006666666666667,0.0825164125,0.12245806666666667,0.13053413333333333,0.1264961,0.12210950000000001,0.1306389,0.1263742,0.12643515,0.12190000000000811,43.9187375
0.701,0.08247524375000001,0.12245210000000001,0.13053120000000001,0.12649165,0.12210175000000001,0.13063585,0.1263688,0.126430225,0.12285000000000768,43.954981249999996
0.7013333333333334,0.08244345,0.12244613333333335,0.13052826666666667,0.12648720000000002,0.12209400000000001,0.13063280000000002,0.12636340000000001,0.12642530000000002,0.12380000000000724,43.981850000000016
0.7016666666666667,0.08240456250000001,0.12244016666666667,0.13052533333333333,0.12648275,0.12208625000000001,0.13062975000000002,0.12635800000000003,0.12642037500000003,0.12474999999997904,44.01581250000002
0.702,0.08234097500000001,0.1224342,0.1305224,0.12647830000000002,0.1220785,0.1306267,0.1263526,0.12641545,0.12570000000000636,44.074475
0.7023333333333334,0.0822930125,0.12242823333333334,0.13051946666666667,0.12647385,0.12207075,0.13062365,0.1263472,0.126410525,0.12665000000000592,44.1175125
0.7026666666666667,0.082266275,0.12242226666666667,0.13051653333333335,0.1264694,0.122063,0.1306206,0.1263418,0.1264056,0.1276000000000055,44.13932500000001
0.703,0.08220758680555558,0.1224163,0.1305136,0.12646495000000002,0.12205525,0.13061755,0.12633640000000002,0.12640067500000002,0.12855000000000505,44.193088194444435
0.7033333333333333,0.08214600000000001,0.12241033333333334,0.13051066666666666,0.1264605,0.1220475,0.13061450000000002,0.12633100000000003,0.12639575000000003,0.12949999999997686,44.24975000000002
0.7036666666666667,0.08211776875,0.12240436666666668,0.13050773333333335,0.12645605000000001,0.12203975,0.13061145000000002,0.1263256,0.126390825,0.13045000000000417,44.27305625000001
0.704,0.08206830000000001,0.1223984,0.1305048,0.1264516,0.122032,0.1306084,0.1263202,0.1263859,0.13140000000000374,44.317599999999985
0.7043333333333333,0.0820208625,0.12239243333333334,0.13050186666666666,0.12644715,0.12202425,0.13060535,0.1263148,0.126380975,0.1323500000000033,44.36011250000001
0.7046666666666667,0.08198325972222222,0.12238646666666668,0.13049893333333334,0.12644270000000002,0.1220165,0.1306023,0.12630940000000002,0.12637605000000002,0.13330000000000286,44.3927902777778
0.705,0.08193052777777778,0.1223805,0.130496,0.12643825,0.12200875,0.13059925,0.126304,0.126371125,0.13425000000000242,44.44059722222222
0.7053333333333333,0.08191817500000001,0.12237453333333334,0.13049306666666668,0.1264338,0.122001,0.1305962,0.12629859999999998,0.12636619999999998,0.13520000000002974,44.44802499999997
0.7056666666666667,0.08186226875000002,0.12236856666666668,0.13049013333333334,0.12642935,0.12199325,0.13059315000000002,0.1262932,0.126361275,0.13615000000000155,44.49900624999997
0.706,0.08179980000000002,0.1223626,0.1304872,0.1264249,0.12198550000000001,0.13059010000000001,0.1262878,0.12635635,0.1371000000000011,44.55654999999999
0.7063333333333333,0.08176654375,0.12235663333333334,0.13048426666666668,0.12642045000000002,0.12197775000000001,0.13058705,0.12628240000000002,0.12635142500000002,0.13805000000000067,44.58488125000002
0.7066666666666667,0.08172362500000001,0.12235066666666668,0.13048133333333334,0.126416,0.12197000000000001,0.130584,0.126277,0.1263465,0.13900000000000023,44.62287499999999
0.707,0.08168108125,0.12234470000000001,0.1304784,0.12641155,0.12196225000000001,0.13058095,0.1262716,0.126341575,0.1399499999999998,44.660493750000015
0.7073333333333333,0.08165794999999999,0.12233873333333334,0.13047546666666668,0.1264071,0.12195450000000001,0.1305779,0.1262662,0.12633665,0.14089999999999936,44.6787
0.7076666666666667,0.08159581597222221,0.12233276666666668,0.13047253333333333,0.12640265,0.12194675,0.13057485000000002,0.1262608,0.126331725,0.14184999999999892,44.7359090277778
0.708,0.08155,0.12232680000000001,0.1304696,0.12639820000000002,0.121939,0.13057180000000002,0.12625540000000002,0.12632680000000002,0.14279999999999848,44.77680000000002
0.7083333333333333,0.0815234375,0.12232083333333334,0.13046666666666668,0.12639375,0.12193125,0.13056875,0.12625,0.126321875,0.14374999999999805,44.7984375
0.7086666666666667,0.08146628472222221,0.12231486666666667,0.13046373333333333,0.1263893,0.1219235,0.1305657,0.1262446,0.12631695,0.1446999999999976,44.8506652777778
0.709,0.08142500000000001,0.12230890000000001,0.13046080000000002,0.12638485000000002,0.12191575,0.13056265,0.1262392,0.126312025,0.14565000000002493,44.88702499999998
0.7093333333333333,0.08140142500000001,0.12230293333333335,0.13045786666666667,0.1263804,0.121908,0.1305596,0.1262338,0.1263071,0.14659999999999673,44.905674999999995
0.7096666666666667,0.08135098958333334,0.12229696666666667,0.13045493333333333,0.12637595000000001,0.12190025,0.13055655000000002,0.12622840000000002,0.12630217500000002,0.1475499999999963,44.951185416666675
0.71,0.08129286805555554,0.12229100000000001,0.130452,0.12637150000000003,0.1218925,0.13055350000000002,0.126223,0.12629725000000003,0.1485000000000236,45.00438194444449
0.7103333333333333,0.0812512875,0.12228503333333335,0.13044906666666667,0.12636705,0.12188475,0.13055045,0.1262176,0.126292325,0.14944999999999542,45.04103750000001
0.7106666666666667,0.08122499999999999,0.12227906666666667,0.13044613333333333,0.1263626,0.121877,0.1305474,0.1262122,0.1262874,0.15039999999999498,45.062400000000004
0.711,0.08120402291666669,0.12227310000000001,0.1304432,0.12635815,0.12186925,0.13054435,0.1262068,0.126282475,0.15134999999999454,45.07845208333332
0.7113333333333333,0.081160525,0.12226713333333335,0.13044026666666667,0.1263537,0.12186150000000001,0.1305413,0.12620140000000002,0.12627755000000002,0.1522999999999941,45.11702500000002
0.7116666666666667,0.08108756249999999,0.12226116666666667,0.13043733333333335,0.12634925000000002,0.12185375,0.13053825,0.126196,0.12627262500000003,0.15325000000002142,45.185062500000036
0.712,0.08105371944444444,0.12225520000000001,0.1304344,0.1263448,0.12184600000000001,0.13053520000000002,0.1261906,0.1262677,0.15419999999999323,45.21398055555557
0.7123333333333333,0.08101711666666668,0.12224923333333335,0.13043146666666666,0.12634035,0.12183825000000001,0.13053215,0.1261852,0.126262775,0.1551499999999928,45.24565833333331
0.7126666666666667,0.08097909583333333,0.12224326666666667,0.13042853333333335,0.1263359,0.12183050000000001,0.1305291,0.1261798,0.12625785,0.15609999999999236,45.27875416666667
0.713,0.08094316875,0.12223730000000001,0.1304256,0.12633145,0.12182275000000001,0.13052605,0.12617440000000002,0.12625292500000002,0.15704999999999192,45.309756250000014
0.7133333333333333,0.0809055138888889,0.12223133333333334,0.13042266666666666,0.126327,0.121815,0.130523,0.126169,0.126248,0.15799999999999148,45.34248611111109
0.7136666666666667,0.08084353749999998,0.12222536666666668,0.13041973333333334,0.12632255,0.12180725,0.13051995,0.1261636,0.12624307499999998,0.1589500000000188,45.3995375
0.714,0.08081653750000001,0.1222194,0.1304168,0.1263181,0.1217995,0.13051690000000002,0.1261582,0.12623815,0.1598999999999906,45.42161249999999
0.7143333333333333,0.08078333541666669,0.12221343333333334,0.13041386666666668,0.12631365,0.12179175,0.13051385000000001,0.1261528,0.126233225,0.16084999999999017,45.44988958333332
0.7146666666666667,0.080743575,0.12220746666666668,0.13041093333333334,0.1263092,0.121784,0.1305108,0.12614740000000002,0.12622830000000002,0.16179999999998973,45.48472500000002
0.715,0.08070793750000001,0.1222015,0.130408,0.12630475,0.12177625,0.13050775,0.126142,0.126223375,0.1627499999999893,45.51543749999999
0.7153333333333333,0.08065721111111114,0.12219330000000002,0.13040506666666668,0.12629918333333334,0.1217685,0.1305047,0.1261366,0.12621789166666667,0.16258333333335484,45.56068055555552
0.7156666666666667,0.08062895625,0.12218435000000001,0.13040213333333334,0.12629324166666667,0.12176075,0.13050165,0.1261312,0.12621222083333333,0.16204166666666797,45.58326458333334
0.716,0.08055779999999998,0.12217540000000002,0.1303992,0.1262873,0.121753,0.13049860000000002,0.1261258,0.12620655,0.1614999999999811,45.648750000000014
0.7163333333333333,0.08052500000000001,0.12216645000000001,0.13039626666666668,0.12628135833333334,0.12174525,0.13049555000000002,0.12612040000000002,0.12620087916666667,0.160958333333322,45.675879166666654
0.7166666666666667,0.0805098263888889,0.12215750000000002,0.13039333333333333,0.12627541666666667,0.1217375,0.1304925,0.126115,0.12619520833333334,0.16041666666666288,45.68538194444444
0.717,0.08045220208333335,0.12214855000000001,0.1303904,0.126269475,0.12172975,0.13048945,0.1261096,0.1261895375,0.15987500000000376,45.73733541666665
0.7173333333333333,0.0804097,0.12213960000000001,0.13038746666666667,0.12626353333333334,0.12172200000000001,0.1304864,0.1261042,0.12618386666666667,0.15933333333334465,45.77416666666667
0.7176666666666667,0.08036680624999999,0.12213065000000001,0.13038453333333333,0.12625759166666667,0.12171425000000001,0.13048335,0.1260988,0.12617819583333334,0.15879166666665778,45.811389583333344
0.718,0.08034223333333333,0.12212170000000001,0.13038160000000001,0.12625165000000002,0.12170650000000001,0.1304803,0.1260934,0.126172525,0.15825000000002643,45.830291666666675
0.7183333333333333,0.0803133715277778,0.12211275000000002,0.13037866666666667,0.12624570833333335,0.12169875000000001,0.13047725000000002,0.126088,0.12616685416666668,0.15770833333333956,45.85348263888887
0.7186666666666667,0.0802683,0.12210380000000001,0.13037573333333333,0.12623976666666667,0.12169100000000001,0.1304742,0.12608260000000002,0.12616118333333334,0.1571666666666527,45.892883333333344
0.719,0.08022282361111112,0.12209485000000002,0.1303728,0.12623382500000002,0.12168325,0.13047115,0.1260772,0.1261555125,0.15662500000002133,45.93268888888889
0.7193333333333333,0.0801672125,0.12208590000000001,0.13036986666666667,0.12622788333333335,0.1216755,0.1304681,0.1260718,0.12614984166666668,0.15608333333333446,45.982629166666676
0.7196666666666667,0.08014479375,0.12207695000000002,0.13036693333333332,0.12622194166666667,0.12166775,0.13046505,0.1260664,0.12614417083333335,0.15554166666667535,45.99937708333335
0.72,0.080112,0.12206800000000001,0.130364,0.126216,0.12166,0.130462,0.126061,0.1261385,0.15499999999998848,46.026499999999984
0.7203333333333333,0.08006553749999999,0.12205905000000002,0.13036106666666666,0.12621005833333335,0.12165225,0.13045895000000002,0.12605560000000002,0.12613282916666668,0.15445833333332937,46.06729166666669
0.7206666666666667,0.08002500000000001,0.12205010000000001,0.13035813333333335,0.12620411666666667,0.1216445,0.1304559,0.1260502,0.12612715833333332,0.15391666666667025,46.10215833333331
0.721,0.08000285625,0.12204115000000001,0.1303552,0.12619817500000002,0.12163675,0.13045285,0.1260448,0.12612148750000002,0.15337500000001114,46.118631250000014
0.7213333333333333,0.07995000000000001,0.12203220000000001,0.13035226666666666,0.12619223333333335,0.121629,0.1304498,0.1260394,0.12611581666666666,0.15283333333335203,46.16581666666665
0.7216666666666667,0.0799345625,0.12202325000000001,0.13034933333333334,0.12618629166666667,0.12162125,0.13044675,0.126034,0.12611014583333335,0.15229166666666516,46.17558333333335
0.722,0.0798552138888889,0.1220143,0.1303464,0.12618035,0.1216135,0.1304437,0.1260286,0.126104475,0.15175000000000605,46.24926111111109
0.7223333333333333,0.07980000000000002,0.12200535000000001,0.13034346666666666,0.12617440833333332,0.12160575000000001,0.13044065,0.1260232,0.12609880416666666,0.15120833333331918,46.298804166666635
0.7226666666666667,0.07978960277777777,0.12199640000000002,0.13034053333333334,0.12616846666666667,0.121598,0.13043760000000001,0.1260178,0.12609313333333333,0.15066666666666007,46.303530555555554
0.723,0.07974855000000002,0.12198745000000001,0.1303376,0.126162525,0.12159025000000001,0.13043455,0.12601240000000002,0.12608746250000002,0.1501249999999732,46.338912500000006
0.7233333333333333,0.07971693750000003,0.12197850000000002,0.13033466666666665,0.12615658333333335,0.12158250000000001,0.1304315,0.126007,0.12608179166666666,0.14958333333334184,46.36485416666664
0.7236666666666667,0.07968477430555557,0.12196955000000001,0.13033173333333334,0.12615064166666667,0.12157475000000001,0.13042845,0.1260016,0.12607612083333333,0.14904166666668273,46.39134652777776
0.724,0.07962520000000001,0.12196060000000002,0.1303288,0.1261447,0.12156700000000001,0.1304254,0.1259962,0.12607045,0.14849999999999586,46.445249999999994
0.7243333333333333,0.07959343125000003,0.12195165000000001,0.13032586666666668,0.12613875833333335,0.12155925000000001,0.13042235,0.12599080000000001,0.1260647791666667,0.14795833333333674,46.471347916666666
0.7246666666666667,0.07957423333333333,0.12194270000000001,0.13032293333333334,0.12613281666666668,0.1215515,0.13041930000000002,0.12598540000000003,0.12605910833333334,0.14741666666664988,46.48487500000001
0.725,0.07954246527777777,0.12193375000000001,0.13032,0.126126875,0.12154375,0.13041625,0.12598,0.1260534375,0.14687499999999076,46.510972222222236
0.7253333333333333,0.0795,0.12192480000000001,0.13031706666666668,0.12612093333333335,0.121536,0.1304132,0.1259746,0.12604776666666667,0.1463333333333594,46.54776666666667
0.7256666666666667,0.07946785902777777,0.12191585,0.13031413333333333,0.12611499166666668,0.12152825,0.13041015,0.1259692,0.12604209583333334,0.14579166666667254,46.57423680555557
0.726,0.0794381,0.12190690000000001,0.1303112,0.12610905,0.1215205,0.1304071,0.12596380000000001,0.126036425,0.14524999999998567,46.59832500000001
0.7263333333333333,0.07935237222222224,0.12189795000000002,0.13030826666666667,0.12610310833333335,0.12151275,0.13040405,0.1259584,0.12603075416666668,0.1447083333333543,46.67838194444443
0.7266666666666667,0.07934275,0.12188900000000001,0.13030533333333333,0.12609716666666668,0.121505,0.130401,0.12595299999999998,0.12602508333333334,0.1441666666666952,46.68233333333334
0.727,0.07930158125,0.12188005000000002,0.1303024,0.12609122500000003,0.12149725,0.13039795,0.1259476,0.1260194125,0.14362500000003608,46.71783125000001
0.7273333333333333,0.07929258888888889,0.12187110000000001,0.13029946666666667,0.12608528333333335,0.1214895,0.1303949,0.1259422,0.12601374166666668,0.14308333333334922,46.72115277777779
0.7276666666666667,0.07925361875,0.12186215000000002,0.13029653333333333,0.12607934166666668,0.12148175,0.13039185,0.12593680000000002,0.12600807083333335,0.14254166666666235,46.75445208333334
0.728,0.07924359999999998,0.12185320000000001,0.1302936,0.1260734,0.121474,0.1303888,0.1259314,0.12600240000000001,0.14200000000000323,46.75880000000003
0.7283333333333333,0.0791456875,0.12184425000000002,0.13029066666666667,0.12606745833333333,0.12146625000000001,0.13038575,0.125926,0.12599672916666665,0.14145833333331637,46.851041666666646
0.7286666666666667,0.079125,0.12183530000000001,0.13028773333333332,0.12606151666666665,0.12145850000000001,0.1303827,0.1259206,0.12599105833333332,0.14091666666665725,46.86605833333332
0.729,0.0790966375,0.12182635000000001,0.1302848,0.126055575,0.12145075000000001,0.13037965,0.1259152,0.1259853875,0.14037499999999814,46.888749999999995
0.7293333333333333,0.07905402500000001,0.12181740000000002,0.13028186666666666,0.12604963333333336,0.12144300000000001,0.1303766,0.12590980000000002,0.12597971666666669,0.13983333333333903,46.92569166666667
0.7296666666666667,0.07904410625,0.12180845000000001,0.13027893333333332,0.12604369166666668,0.12143525000000001,0.13037355,0.1259044,0.12597404583333333,0.13929166666667991,46.92993958333333
0.73,0.07900000000000001,0.12179950000000002,0.130276,0.12603775,0.12142750000000001,0.1303705,0.125899,0.12596837500000002,0.13874999999999305,46.96837500000001
0.7303333333333333,0.07897353750000001,0.12179055000000001,0.13027306666666666,0.12603180833333333,0.12141975,0.13036745,0.1258936,0.12596270416666666,0.13820833333333393,46.98916666666665
0.7306666666666667,0.07892685,0.12178160000000002,0.13027013333333334,0.12602586666666668,0.121412,0.1303644,0.1258882,0.12595703333333336,0.13766666666667482,47.03018333333335
0.731,0.07889948749999999,0.12177265000000001,0.1302672,0.126019925,0.12140425,0.13036135000000001,0.12588280000000002,0.1259513625,0.13712499999998795,47.05187500000001
0.7313333333333333,0.07885076250000002,0.12176370000000002,0.13026426666666666,0.12601398333333333,0.1213951,0.1303583,0.1258767,0.12594534166666665,0.1372833333333212,47.094579166666634
0.7316666666666667,0.0788254375,0.12175475000000001,0.13026133333333334,0.12600804166666668,0.12138425000000001,0.13035525,0.12586975,0.12593889583333334,0.13829166666667891,47.11345833333334
0.732,0.078793425,0.12174580000000002,0.1302584,0.1260021,0.1213734,0.1303522,0.1258628,0.12593245,0.13930000000000886,47.139025000000004
0.7323333333333333,0.07875773402777779,0.12173685000000001,0.13025546666666665,0.12599615833333333,0.12136255000000001,0.13034915,0.12585585,0.12592600416666666,0.1403083333333388,47.16827013888887
0.7326666666666667,0.07871885972222221,0.12172790000000001,0.13025253333333334,0.12599021666666668,0.1213517,0.1303461,0.12584889999999999,0.12591955833333335,0.1413166666666965,47.200698611111136
0.733,0.07866171250000002,0.12171895,0.1302496,0.125984275,0.12134085000000001,0.13034305,0.12584195,0.1259131125,0.1423249999999987,47.25139999999998
0.7333333333333333,0.07864437499999999,0.12171000000000001,0.13024666666666668,0.12597833333333336,0.12133000000000001,0.13034,0.125835,0.12590666666666667,0.1433333333333564,47.26229166666668
0.7336666666666667,0.07860945625,0.12170105,0.13024373333333333,0.12597239166666668,0.12131915000000001,0.13033695,0.12582805000000002,0.12590022083333335,0.1443416666666586,47.290764583333356
0.734,0.07859287638888887,0.12169210000000001,0.1302408,0.12596645,0.12130830000000001,0.1303339,0.12582110000000002,0.125893775,0.14534999999998854,47.300898611111144
0.7343333333333333,0.07853525208333335,0.12168315000000002,0.13023786666666667,0.12596050833333333,0.12129745000000001,0.13033085,0.12581415,0.12588732916666667,0.1463583333333185,47.35207708333332
0.7346666666666667,0.07851720000000001,0.12167420000000001,0.13023493333333333,0.12595456666666666,0.12128660000000001,0.1303278,0.1258072,0.12588088333333333,0.14736666666664844,47.36368333333332
0.735,0.0785,0.12166525000000002,0.130232,0.125948625,0.12127575000000002,0.13032475,0.12580025,0.1258744375,0.14837500000000614,47.37443749999999
0.7353333333333333,0.07846454861111112,0.12165630000000001,0.13022906666666667,0.12594268333333333,0.12126490000000001,0.1303217,0.1257933,0.12586799166666668,0.1493833333333361,47.40344305555556
0.7356666666666667,0.078425,0.12164735000000002,0.13022613333333333,0.12593674166666669,0.12125405000000002,0.13031865,0.12578635000000002,0.12586154583333337,0.15039166666666604,47.43654583333337
0.736,0.078382575,0.12163840000000001,0.13022319999999998,0.1259308,0.12124320000000001,0.1303156,0.1257794,0.1258551,0.15139999999999598,47.472525000000005
0.7363333333333333,0.07834260625,0.12162945000000001,0.13022026666666667,0.12592485833333333,0.12123235000000002,0.13031255,0.12577245,0.12584865416666668,0.15240833333332593,47.50604791666668
0.7366666666666667,0.07831238888888889,0.1216205,0.13021733333333332,0.12591891666666666,0.12122150000000001,0.1303095,0.1257655,0.12584220833333332,0.15341666666665588,47.52981944444443
0.737,0.0782924611111111,0.12161155000000001,0.1302144,0.125912975,0.12121065000000002,0.13030645,0.12575855,0.1258357625,0.15442500000001358,47.543301388888906
0.7373333333333333,0.07826285000000001,0.12160260000000002,0.13021146666666666,0.12590703333333333,0.12119980000000001,0.1303034,0.12575160000000002,0.1258293166666667,0.15543333333331577,47.566466666666685
0.7376666666666667,0.07820879374999998,0.12159365000000001,0.13020853333333332,0.12590109166666666,0.12118895000000002,0.13030035,0.12574465,0.12582287083333332,0.15644166666664572,47.61407708333334
0.738,0.07816323333333335,0.12158470000000002,0.1302056,0.12589515,0.12117810000000001,0.13029595,0.125737025,0.1258160875,0.15812500000000895,47.652854166666664
0.7383333333333333,0.07814246875,0.12157575000000001,0.13020266666666666,0.12588920833333334,0.12116725000000002,0.130291375,0.1257293125,0.12580926041666668,0.15989583333334,47.66679166666668
0.7386666666666667,0.07811380000000001,0.12156680000000002,0.13019973333333332,0.12588326666666666,0.12115640000000001,0.1302868,0.12572160000000002,0.12580243333333335,0.1616666666666433,47.68863333333334
0.739,0.07809450625,0.12155785000000001,0.1301968,0.125877325,0.12114555000000002,0.130282225,0.1257138875,0.12579560625000002,0.16343750000000212,47.701100000000025
0.7393333333333333,0.07805333750000001,0.12154890000000002,0.13019386666666666,0.12587138333333334,0.12113470000000001,0.13027765,0.125706175,0.12578877916666667,0.16520833333333318,47.73544166666666
0.7396666666666667,0.07802400625,0.12153995000000001,0.13019093333333334,0.1258654416666667,0.12112385000000002,0.130273075,0.1256984625,0.12578195208333334,0.166979166666692,47.757945833333345
0.74,0.07797499999999999,0.12153100000000001,0.130188,0.1258595,0.12111300000000001,0.1302685,0.12569075000000002,0.12577512500000002,0.1687499999999953,47.80012500000003
0.7403333333333333,0.07796540555555556,0.12152205,0.13018506666666665,0.12585355833333334,0.12110215000000002,0.130263925,0.1256830375,0.12576829791666666,0.17052083333332635,47.8028923611111
0.7406666666666667,0.07792198749999998,0.12151310000000001,0.13018213333333334,0.12584761666666666,0.12109130000000001,0.13025935,0.125675325,0.12576147083333333,0.1722916666666574,47.83948333333335
0.741,0.07789124375,0.12150415,0.1301792,0.125841675,0.12108045000000002,0.130254775,0.1256676125,0.12575464375,0.17406249999998846,47.8634
0.7413333333333333,0.077868825,0.12149520000000001,0.13017626666666665,0.12583573333333334,0.12106960000000001,0.1302502,0.12565990000000002,0.12574781666666668,0.17583333333331952,47.87899166666668
0.7416666666666667,0.07785,0.12148625,0.13017333333333334,0.12582979166666666,0.12105875,0.130245625,0.1256521875,0.12574098958333335,0.17760416666665058,47.89098958333335
0.742,0.07783547499999999,0.12147730000000001,0.1301704,0.12582385000000001,0.12104790000000001,0.13024105,0.125644475,0.12573416250000002,0.1793750000000094,47.89868750000004
0.7423333333333333,0.0777718875,0.12146835000000002,0.13016746666666668,0.12581790833333334,0.12103705000000002,0.130236475,0.1256367625,0.12572733541666667,0.18114583333334044,47.95544791666667
0.7426666666666667,0.07773735277777777,0.12145940000000001,0.13016453333333333,0.12581196666666666,0.12102620000000001,0.1302319,0.12562905000000002,0.12572050833333334,0.18291666666664375,47.98315555555558
0.743,0.0777,0.12145045000000002,0.1301616,0.125806025,0.12101535000000002,0.130227325,0.1256213375,0.12571368125,0.1846874999999748,48.01368124999998
0.7433333333333333,0.0776936875,0.12144150000000001,0.13015866666666667,0.12580008333333334,0.12100450000000001,0.13022275,0.125613625,0.12570685416666666,0.18645833333333361,48.01316666666666
0.7436666666666666,0.07764954930555555,0.12143255000000001,0.13015573333333333,0.12579414166666666,0.12099365000000002,0.130218175,0.1256059125,0.12570002708333333,0.18822916666666467,48.05047777777778
0.744,0.07761760000000001,0.1214236,0.13015279999999999,0.1257882,0.12098280000000002,0.1302136,0.12559820000000002,0.1256932,0.18999999999996797,48.075599999999994
0.7443333333333333,0.07759518125,0.12141465000000001,0.13014986666666667,0.12578225833333334,0.12097195000000002,0.130209025,0.12559048750000001,0.12568637291666668,0.19177083333332678,48.091191666666674
0.7446666666666666,0.07756963750000002,0.12140570000000002,0.13014693333333333,0.12577631666666667,0.12096110000000002,0.13020445,0.125582775,0.12567954583333335,0.19354166666665784,48.10990833333332
0.745,0.07754196875,0.12139675000000001,0.13014399999999998,0.125770375,0.12095025000000001,0.130199875,0.1255750625,0.12567271875,0.1953124999999889,48.13075
0.7453333333333333,0.07749355000000001,0.12138780000000002,0.13014106666666667,0.12576443333333334,0.12093940000000002,0.1301953,0.12556735000000002,0.1256658916666667,0.19708333333331995,48.17234166666669
0.7456666666666666,0.07745550625000001,0.12137885000000001,0.13013813333333332,0.12575849166666667,0.12092855000000002,0.130190725,0.12555963750000002,0.12565906458333334,0.198854166666651,48.203558333333326
0.746,0.07744871249999999,0.12136990000000002,0.1301352,0.12575255000000002,0.12091770000000002,0.13018615,0.125551925,0.1256522375,0.20062500000000982,48.20352500000003
0.7463333333333333,0.07741781666666668,0.12136095000000001,0.13013226666666666,0.12574660833333334,0.12090685000000002,0.130181575,0.1255442125,0.12564541041666666,0.20239583333334088,48.227593749999976
0.7466666666666666,0.07739762500000001,0.12135200000000002,0.13012933333333332,0.12574066666666667,0.12089600000000002,0.13017700000000001,0.12553650000000002,0.12563858333333333,0.20416666666664418,48.24095833333332
0.747,0.07736895625000001,0.12134305000000001,0.1301264,0.125734725,0.12088515000000001,0.130172425,0.12552878750000002,0.12563175625,0.20593749999997524,48.26279999999999
0.7473333333333333,0.07730591249999999,0.12133410000000001,0.13012346666666666,0.12572878333333334,0.12087430000000002,0.13016785,0.125521075,0.12562492916666668,0.20770833333333405,48.319016666666684
0.7476666666666666,0.0772919875,0.12132515,0.13012053333333332,0.12572284166666667,0.12086345000000003,0.130163275,0.1255133625,0.12561810208333335,0.2094791666666651,48.32611458333334
0.748,0.07725,0.12131620000000001,0.1301176,0.12571690000000002,0.12085260000000002,0.13015870000000002,0.12550565000000002,0.12561127500000002,0.21124999999999616,48.36127500000002
0.7483333333333333,0.07724315625,0.12130725,0.13011466666666666,0.12571095833333334,0.12084175000000003,0.130154125,0.12549793750000002,0.1256044479166667,0.21302083333332722,48.361291666666695
0.7486666666666666,0.07720054444444446,0.12129830000000001,0.13011173333333334,0.12570501666666667,0.12083090000000002,0.13014955,0.125490225,0.12559762083333334,0.21479166666665828,48.39707638888888
0.749,0.07718131875,0.12128935000000002,0.1301088,0.125699075,0.12082005000000001,0.130144975,0.1254825125,0.12559079374999998,0.21656249999998933,48.40947499999998
0.7493333333333333,0.07716785277777777,0.12128040000000001,0.13010586666666665,0.12569313333333332,0.12080920000000002,0.1301404,0.1254748,0.12558396666666666,0.2183333333333204,48.41611388888889
0.7496666666666666,0.07710397847222225,0.12127145000000002,0.13010293333333334,0.12568719166666667,0.12079835000000003,0.130135825,0.12546708750000002,0.12557713958333333,0.22010416666665145,48.47316111111108
0.75,0.07711388888888888,0.12126250000000001,0.1301,0.12568125,0.12078750000000002,0.13013125,0.125459375,0.1255703125,0.2218749999999825,48.45642361111112
0.7503333333333333,0.0770551625,0.12125355000000002,0.1300956,0.125674575,0.12077665000000001,0.130126675,0.1254516625,0.12556311875,0.2229125000000054,48.507956250000014
0.7506666666666666,0.077044225,0.12124460000000001,0.1300912,0.1256679,0.12076580000000002,0.1301221,0.12544395,0.125555925,0.22395000000000054,48.51170000000002
0.751,0.07700930624999999,0.12123565000000001,0.1300868,0.12566122500000002,0.12075495000000001,0.130117525,0.12543623750000002,0.12554873125000002,0.22498749999999568,48.53942500000002
0.7513333333333333,0.07697065000000002,0.1212267,0.1300824,0.12565455,0.12074410000000002,0.13011295,0.125428525,0.12554153750000002,0.22602499999999082,48.570887500000005
0.7516666666666666,0.07695,0.12121775000000001,0.130078,0.12564787500000002,0.12073325000000003,0.130108375,0.1254208125,0.12553434375,0.2270625000000137,48.584343749999995
0.752,0.07691086666666667,0.1212088,0.13007359999999998,0.1256412,0.12072240000000002,0.1301038,0.1254131,0.12552715,0.22810000000000885,48.61628333333333
0.7523333333333333,0.07687874791666667,0.12119985000000001,0.1300692,0.125634525,0.12071155000000001,0.130099225,0.12540538750000002,0.12551995625,0.22913749999997624,48.64120833333334
0.7526666666666666,0.07685000000000002,0.12119090000000002,0.1300648,0.12562785,0.12070070000000002,0.13009465,0.12539767500000001,0.1255127625,0.23017499999999913,48.6627625
0.753,0.07682391597222224,0.12118195000000001,0.1300604,0.125621175,0.12068985000000002,0.130090075,0.1253899625,0.12550556875000002,0.23121249999999427,48.68165277777778
0.7533333333333333,0.07680000000000002,0.12117300000000002,0.130056,0.12561450000000002,0.12067900000000002,0.1300855,0.12538225,0.125498375,0.23225000000001716,48.69837499999998
0.7536666666666666,0.07679329444444444,0.12116405000000001,0.1300516,0.125607825,0.12066815000000002,0.13008092500000001,0.12537453750000002,0.12549118125000003,0.23328749999998455,48.69788680555559
0.754,0.07673889027777779,0.12115510000000002,0.1300472,0.12560115,0.12065730000000002,0.13007635,0.12536682500000002,0.1254839875,0.2343249999999797,48.74509722222221
0.7543333333333333,0.076725,0.12114615000000001,0.1300428,0.12559447499999998,0.12064645000000002,0.130071775,0.1253591125,0.12547679374999998,0.23536249999997483,48.75179374999998
0.7546666666666666,0.0767004,0.12113720000000001,0.1300384,0.1255878,0.12063560000000002,0.1300672,0.1253514,0.12546960000000001,0.23639999999999772,48.76920000000001
0.755,0.07667500000000001,0.12112825,0.13003399999999998,0.125581125,0.12062475000000002,0.13006262500000002,0.12534368750000002,0.12546240625,0.2374374999999651,48.78740624999998
0.7553333333333333,0.076654475,0.12111930000000001,0.1300296,0.12557445,0.12061390000000002,0.13005805,0.12533597500000002,0.12545521250000002,0.238474999999988,48.800737500000025
0.7556666666666666,0.07660706111111112,0.12111035000000002,0.1300252,0.12556777500000002,0.12060305000000002,0.130053475,0.1253282625,0.12544801875,0.2395125000000109,48.840957638888874
0.756,0.07658552500000002,0.12110140000000001,0.1300208,0.1255611,0.12059220000000002,0.1300489,0.12532055,0.125440825,0.24055000000000604,48.85529999999999
0.7563333333333333,0.07656935625,0.12109245000000002,0.1300164,0.12555442500000003,0.12058135000000002,0.13004432500000002,0.12531283750000002,0.12543363125,0.24158750000000118,48.86427500000001
0.7566666666666666,0.07653443750000001,0.12108350000000001,0.130012,0.12554775,0.12057050000000002,0.13003975,0.12530512500000002,0.12542643750000002,0.24262499999999632,48.892
0.757,0.07652500000000001,0.12107455000000002,0.1300076,0.125541075,0.12055965000000002,0.130035175,0.1252974125,0.12541924375000002,0.24366249999999146,48.89424375000001
0.7573333333333333,0.076517725,0.12106560000000001,0.13000319999999999,0.1255344,0.12054880000000003,0.1300306,0.1252897,0.12541205,0.2446999999999866,48.894325
0.7576666666666666,0.07647064791666668,0.12105665000000002,0.1299988,0.125527725,0.12053795000000002,0.13002602500000002,0.12528198750000002,0.12540485625000003,0.24573749999998173,48.93420833333335
0.758,0.0764447625,0.12104770000000001,0.12999439999999998,0.12552105,0.12052710000000001,0.13002145,0.12527427500000002,0.1253976625,0.24677499999997687,48.95290000000001
0.7583333333333333,0.07641430555555556,0.12103875000000001,0.12999,0.125514375,0.12051625000000002,0.130016875,0.1252665625,0.12539046875,0.24781249999999977,48.97616319444445
0.7586666666666666,0.0763843,0.1210298,0.1299856,0.1255077,0.12050540000000003,0.1300123,0.12525885,0.12538327500000002,0.2488499999999949,48.998975000000016
0.759,0.07636813125,0.12102085000000001,0.1299812,0.125501025,0.12049455000000002,0.13000772500000002,0.12525113750000003,0.12537608125,0.2498874999999623,49.007949999999994
0.7593333333333333,0.07632267499999999,0.1210119,0.1299768,0.12549435,0.12048370000000001,0.13000315,0.12524342500000002,0.12536888750000003,0.2509249999999852,49.04621250000003
0.7596666666666666,0.07629516875000002,0.12100295000000001,0.1299724,0.125487675,0.12047285000000002,0.1299981,0.125235475,0.125361575,0.2521999999999802,49.066406249999986
0.76,0.07627500000000001,0.12099300000000002,0.129968,0.1254805,0.12046200000000001,0.129992,0.125227,0.12535374999999999,0.25349999999998984,49.07874999999998
0.7603333333333333,0.07626140555555555,0.12098255833333335,0.12996359999999998,0.12547307916666667,0.12045115000000002,0.12998590000000002,0.12521852500000002,0.12534580208333335,0.2545541666666429,49.0843965277778
0.7606666666666666,0.07623501527777779,0.12097211666666668,0.1299592,0.12546565833333334,0.12044030000000001,0.1299798,0.12521005000000002,0.12533785416666668,0.25560833333332367,49.10283888888889
0.761,0.07618674375000001,0.12096167500000002,0.1299548,0.1254582375,0.12042945000000002,0.1299737,0.125201575,0.12532990625,0.25666250000000446,49.1431625
0.7613333333333333,0.07616273333333334,0.12095123333333335,0.1299504,0.1254508166666667,0.12041860000000001,0.12996760000000002,0.1251931,0.12532195833333334,0.25771666666668525,49.159225
0.7616666666666666,0.07614503125,0.12094079166666669,0.129946,0.12544339583333336,0.12040775000000002,0.1299615,0.12518462500000002,0.12531401041666668,0.2587708333333383,49.16897916666668
0.762,0.076125,0.12093035000000002,0.1299416,0.125435975,0.12039690000000002,0.1299554,0.12517615,0.1253060625,0.2598249999999913,49.18106250000001
0.7623333333333333,0.0761140611111111,0.12091990833333335,0.1299372,0.12542855416666668,0.12038605000000002,0.12994930000000002,0.12516767500000003,0.12529811458333334,0.26087916666664435,49.18405347222224
0.7626666666666666,0.07609339999999999,0.12090946666666669,0.1299328,0.12542113333333332,0.12037520000000002,0.1299432,0.12515920000000003,0.12529016666666667,0.2619333333332974,49.19676666666668
0.763,0.07606309444444445,0.12089902500000001,0.1299284,0.1254137125,0.12036435000000002,0.1299371,0.12515072500000002,0.12528221875,0.26298749999997817,49.21912430555555
0.7633333333333333,0.07603513194444445,0.12088858333333335,0.12992399999999998,0.12540629166666667,0.12035350000000002,0.129931,0.12514225,0.12527427083333334,0.26404166666665896,49.239138888888895
0.7636666666666666,0.07599489375,0.12087814166666669,0.1299196,0.12539887083333334,0.12034265000000002,0.1299249,0.125133775,0.12526632291666667,0.26509583333333975,49.27142916666667
0.764,0.07597499999999999,0.12086770000000001,0.1299152,0.12539145000000002,0.12033180000000002,0.1299188,0.1251253,0.125258375,0.26615000000002054,49.28337500000002
0.7643333333333333,0.07595948749999999,0.12085725833333334,0.1299108,0.12538402916666666,0.12032095000000002,0.1299127,0.12511682500000001,0.12525042708333334,0.2672041666666458,49.29093958333335
0.7646666666666666,0.075925,0.12084681666666669,0.1299064,0.12537660833333336,0.12031010000000002,0.1299066,0.12510835,0.1252424791666667,0.26825833333335436,49.31747916666669
0.765,0.07591459375,0.12083637500000001,0.129902,0.1253691875,0.12029925000000001,0.1299005,0.125099875,0.12523453125,0.2693125000000074,49.31993750000001
0.7653333333333333,0.07589217500000002,0.12082593333333334,0.1298976,0.12536176666666668,0.12028840000000002,0.1298944,0.12509140000000002,0.12522658333333336,0.2703666666666604,49.33440833333334
0.7656666666666666,0.07586975625000002,0.12081549166666668,0.1298932,0.12535434583333332,0.12027755000000001,0.1298883,0.125082925,0.12521863541666667,0.27142083333331346,49.34887916666665
0.766,0.07585,0.12080505000000001,0.1298888,0.125346925,0.12026670000000002,0.1298822,0.12507445,0.1252106875,0.27247499999999425,49.3606875
0.7663333333333333,0.07584366875000001,0.12079460833333334,0.1298844,0.12533950416666667,0.12025585000000001,0.1298761,0.125065975,0.12520273958333333,0.27352916666667504,49.35907083333333
0.7666666666666666,0.07580812500000002,0.12078416666666668,0.12988,0.12533208333333334,0.12024500000000002,0.12987,0.12505750000000002,0.1251947916666667,0.2745833333333281,49.38666666666668
0.767,0.075775,0.12077372500000001,0.1298756,0.12532466250000002,0.12023415000000001,0.1298639,0.125049025,0.12518684375,0.27563750000000886,49.41184375
0.7673333333333333,0.075746575,0.12076328333333335,0.1298712,0.12531724166666666,0.12022330000000002,0.1298578,0.12504055,0.12517889583333333,0.2766916666666619,49.432320833333335
0.7676666666666666,0.07571961875000001,0.12075284166666668,0.1298668,0.12530982083333334,0.12021245000000001,0.12985170000000001,0.12503207500000002,0.12517094791666666,0.27774583333331493,49.45132916666665
0.768,0.0757,0.12074240000000001,0.1298624,0.1253024,0.12020160000000002,0.1298456,0.1250236,0.12516300000000002,0.2787999999999957,49.46300000000002
0.7683333333333333,0.07569353125,0.12073195833333335,0.129858,0.12529497916666668,0.12019075000000001,0.1298395,0.125015125,0.12515505208333333,0.2798541666666765,49.461520833333324
0.7686666666666666,0.075660975,0.12072151666666668,0.12985359999999999,0.12528755833333333,0.12017990000000002,0.1298334,0.12500665,0.12514710416666666,0.28090833333332954,49.48612916666666
0.769,0.075625,0.12071107500000001,0.1298492,0.1252801375,0.12016905000000001,0.1298273,0.12499817500000002,0.12513915625,0.2819624999999826,49.51415625
0.7693333333333333,0.075620025,0.12070063333333335,0.1298448,0.12527271666666667,0.12015820000000002,0.1298212,0.12498970000000001,0.12513120833333335,0.28301666666666336,49.51118333333336
0.7696666666666666,0.0756,0.12069019166666668,0.1298404,0.12526529583333335,0.12014735000000001,0.1298151,0.124981225,0.12512326041666666,0.28407083333334415,49.52326041666666
0.77,0.0755970625,0.12067975000000002,0.129836,0.12525787500000002,0.12013650000000001,0.129809,0.12497275000000001,0.12511531250000002,0.28512500000001106,49.518250000000016
0.7703333333333333,0.07555974375,0.12066930833333335,0.1298316,0.12525045416666666,0.12012565000000001,0.1298029,0.12496427500000001,0.12510736458333332,0.2861791666666502,49.54762083333332
0.7706666666666666,0.07551250000000004,0.12065886666666668,0.1298272,0.12524303333333334,0.12011480000000002,0.1297968,0.1249558,0.12509941666666669,0.287233333333331,49.586916666666646
0.771,0.07551730625,0.12064842500000002,0.1298228,0.1252356125,0.12010395000000001,0.1297907,0.12494732500000001,0.12509146875000002,0.2882874999999979,49.57416250000002
0.7713333333333333,0.0754929,0.12063798333333335,0.1298184,0.12522819166666668,0.12009310000000001,0.1297846,0.12493885,0.12508352083333335,0.2893416666666787,49.59062083333335
0.7716666666666666,0.07545,0.12062754166666668,0.129814,0.12522077083333336,0.12008225000000002,0.1297785,0.12493037500000001,0.12507557291666668,0.2903958333333456,49.62557291666668
0.772,0.07544999999999999,0.12061710000000002,0.1298096,0.12521335,0.12007140000000001,0.1297724,0.1249219,0.12506762500000002,0.29144999999999865,49.617625000000025
0.7723333333333333,0.0754115125,0.12060665833333335,0.1298052,0.12520592916666667,0.12006055000000002,0.1297663,0.12491342500000001,0.12505967708333335,0.29250416666666557,49.64816458333335
0.7726666666666666,0.07537500000000001,0.12059621666666669,0.1298008,0.12519850833333335,0.12004970000000001,0.1297602,0.12490495,0.12505172916666668,0.29355833333334636,49.67672916666667
0.773,0.075375,0.12058577500000002,0.1297952,0.1251904875,0.12003885000000002,0.1297541,0.124896475,0.12504348125,0.294012499999996,49.668481250000006
0.7733333333333333,0.07536974999999999,0.12057533333333335,0.12978933333333334,0.12518233333333334,0.12002800000000001,0.129748,0.124888,0.12503516666666667,0.2943333333333409,49.66541666666669
0.7736666666666666,0.07532545625,0.12056489166666669,0.12978346666666668,0.12517417916666668,0.12001715000000002,0.1297419,0.124879525,0.12502685208333333,0.2946541666666719,49.70139583333333
0.774,0.075325,0.12055445000000002,0.1297776,0.12516602500000001,0.12000630000000001,0.12973579999999998,0.12487105,0.1250185375,0.29497500000001675,49.6935375
0.7743333333333333,0.07531055,0.12054400833333336,0.12977173333333333,0.12515787083333335,0.11999350000000002,0.1297297,0.12486160000000002,0.12500973541666668,0.29627083333333415,49.69918541666668
0.7746666666666666,0.075265225,0.12053356666666669,0.12976586666666667,0.1251497166666667,0.11997800000000003,0.1297236,0.12485080000000001,0.12500025833333334,0.2989166666666765,49.735033333333334
0.775,0.075225,0.12052312500000002,0.12976,0.1251415625,0.11996250000000001,0.12971749999999999,0.12484,0.12499078125,0.3015624999999911,49.76578125
0.7753333333333333,0.075225,0.12051268333333336,0.12975413333333333,0.12513340833333333,0.11994700000000003,0.1297114,0.12482920000000002,0.12498130416666667,0.30420833333331954,49.756304166666666
0.7756666666666666,0.07521906874999999,0.12050224166666669,0.12974826666666667,0.12512525416666667,0.11993150000000002,0.1297053,0.12481840000000001,0.12497182708333335,0.3068541666666619,49.752758333333354
0.776,0.0751779,0.12049180000000002,0.1297424,0.1251171,0.11991600000000002,0.1296992,0.1248076,0.12496235,0.3095000000000042,49.78444999999999
0.7763333333333333,0.07516876111111112,0.12048135833333336,0.12973653333333332,0.12510894583333335,0.11990050000000002,0.1296931,0.12479680000000001,0.12495287291666668,0.3121458333333327,49.78411180555556
0.7766666666666666,0.07514556250000001,0.12047091666666669,0.12973066666666666,0.12510079166666668,0.11988500000000002,0.129687,0.12478600000000001,0.12494339583333335,0.314791666666675,49.79783333333333
0.777,0.075125,0.12046047500000001,0.1297248,0.1250926375,0.11986950000000002,0.1296809,0.1247752,0.12493391875,0.3174374999999896,49.808918750000004
0.7773333333333333,0.07509338333333333,0.12045003333333336,0.12971893333333334,0.12508448333333336,0.11985400000000002,0.1296748,0.12476440000000001,0.12492444166666669,0.3200833333333458,49.83105833333336
0.7776666666666666,0.075075,0.12043959166666669,0.12971306666666665,0.12507632916666667,0.11983850000000003,0.1296687,0.12475360000000002,0.12491496458333334,0.3227291666666465,49.83996458333334
0.778,0.07506250972222221,0.12042915000000001,0.1297072,0.125068175,0.11982300000000003,0.1296626,0.12474280000000001,0.12490548750000001,0.32537499999998887,49.8429777777778
0.7783333333333333,0.07500937500000003,0.12041870833333335,0.12970133333333334,0.12506002083333334,0.11980750000000003,0.1296565,0.12473200000000001,0.12489601041666668,0.3280208333333312,49.88663541666664
0.7786666666666666,0.07502042499999999,0.1204082666666667,0.12969546666666668,0.12505186666666668,0.11979200000000002,0.1296504,0.1247212,0.12488653333333334,0.33066666666667355,49.86610833333335
0.779,0.07499488125,0.12039782500000001,0.1296896,0.12504371250000001,0.11977650000000002,0.1296443,0.1247104,0.12487705625000001,0.3333125000000159,49.882175000000004
0.7793333333333333,0.074975,0.12038738333333335,0.12968373333333333,0.12503555833333335,0.11976100000000002,0.12963819999999998,0.1246996,0.12486757916666667,0.33595833333335823,49.89257916666667
0.7796666666666666,0.074975,0.12037694166666668,0.12967786666666667,0.1250274041666667,0.11974550000000002,0.1296321,0.12468880000000002,0.12485810208333335,0.3386041666666728,49.883102083333355
0.78,0.0749578888888889,0.12036650000000002,0.129672,0.12501925000000003,0.11973000000000002,0.129626,0.12467800000000001,0.12484862500000002,0.34125000000001515,49.890736111111124
0.7803333333333333,0.07494166249999999,0.12035605833333335,0.12966613333333332,0.12501109583333334,0.11971450000000002,0.12961989999999998,0.1246672,0.12483914791666667,0.34389583333332974,49.897485416666676
0.7806666666666666,0.07490000000000001,0.12034561666666668,0.12966026666666666,0.12500294166666667,0.11969900000000003,0.1296138,0.12465640000000001,0.12482967083333335,0.3465416666666582,49.92967083333334
0.781,0.0748769875,0.12033517500000002,0.1296544,0.12499478750000001,0.11968350000000003,0.1296077,0.12464560000000001,0.12482019375,0.34918750000000054,49.943206249999996
0.7813333333333333,0.07485000000000001,0.12032473333333335,0.12964853333333332,0.12498663333333333,0.11966800000000002,0.12960159999999998,0.1246348,0.12481071666666667,0.351833333333329,49.960716666666656
0.7816666666666666,0.07484365625,0.12031429166666668,0.12964266666666666,0.12497847916666667,0.11965250000000002,0.12959325,0.12462287500000001,0.12480067708333334,0.35560416666666206,49.95702083333334
0.782,0.074825,0.12030385000000002,0.1296368,0.12497032500000001,0.11963700000000002,0.12958409999999998,0.12461055,0.1247904375,0.3597750000000066,49.9654375
0.7823333333333333,0.07482069375,0.12029152500000002,0.12963093333333334,0.12496122916666669,0.11962150000000002,0.12957495,0.124598225,0.12477972708333335,0.36300416666668056,49.959033333333345
0.7826666666666666,0.07478026666666668,0.12027810000000003,0.12962506666666665,0.12495158333333334,0.11960600000000002,0.12956579999999998,0.1245859,0.12476874166666667,0.3656833333333387,49.988474999999994
0.783,0.07475,0.12026467500000003,0.1296192,0.12494193750000002,0.11959050000000002,0.12955665,0.124573575,0.12475775625000002,0.3683625000000107,50.00775625000002
0.7833333333333333,0.07475,0.12025125000000003,0.12961333333333333,0.12493229166666668,0.11957500000000003,0.12954749999999998,0.12456125000000001,0.12474677083333335,0.3710416666666688,49.99677083333336
0.7836666666666666,0.07473078749999998,0.12023782500000002,0.12960746666666667,0.12492264583333335,0.11955950000000003,0.12953835,0.124548925,0.12473578541666668,0.37372083333334083,50.004997916666696
0.7839999999999999,0.07470000000000002,0.12022440000000002,0.12960159999999998,0.124913,0.11954400000000003,0.12952919999999998,0.1245366,0.1247248,0.37639999999999896,50.02479999999998
0.7843333333333333,0.07469882777777778,0.12021097500000003,0.12959573333333332,0.12490335416666667,0.11952850000000002,0.12952005,0.12452427500000002,0.12471381458333335,0.3790791666666571,50.014986805555566
0.7846666666666666,0.07467425972222223,0.12019755000000003,0.12958986666666666,0.12489370833333335,0.11951300000000002,0.12951089999999998,0.12451195000000001,0.12470282916666668,0.38175833333334297,50.02856944444445
0.7849999999999999,0.0746326875,0.12018412500000003,0.129584,0.12488406250000002,0.11949750000000002,0.12950175,0.124499625,0.12469184375,0.384437500000015,50.05915625
0.7853333333333333,0.07460000000000001,0.12017070000000002,0.12957813333333332,0.12487441666666667,0.11948200000000002,0.12949259999999999,0.1244873,0.12468085833333334,0.3871166666666731,50.080858333333325
0.7856666666666666,0.0746,0.12015727500000002,0.12957226666666666,0.12486477083333333,0.11946650000000003,0.12948345,0.12447497500000002,0.12466987291666667,0.38979583333331735,50.069872916666675
0.7859999999999999,0.0746,0.12014385000000002,0.1295664,0.12485512500000001,0.11945100000000003,0.1294743,0.12446265000000001,0.12465888750000001,0.39247500000000324,50.05888750000001
0.7863333333333333,0.0745845875,0.12013042500000003,0.12956053333333334,0.12484547916666669,0.11943550000000003,0.12946515,0.12445032500000001,0.12464790208333335,0.39515416666667524,50.06331458333335
0.7866666666666666,0.07455000000000002,0.12011700000000003,0.12955466666666665,0.12483583333333334,0.11942000000000003,0.129456,0.12443800000000001,0.12463691666666668,0.39783333333333337,50.08691666666666
0.7869999999999999,0.0745477388888889,0.12010357500000003,0.1295488,0.12482618750000002,0.11940450000000002,0.12944685,0.12442567500000001,0.12462593125000002,0.4005125000000054,50.07819236111112
0.7873333333333333,0.07452503333333334,0.12009015000000002,0.12954293333333333,0.12481654166666667,0.11938900000000002,0.1294377,0.12441335,0.12461494583333334,0.4031916666666635,50.0899125
0.7876666666666666,0.07451899444444444,0.12007672500000002,0.12953706666666667,0.12480689583333335,0.11937350000000002,0.12942855,0.12440102500000001,0.12460396041666669,0.4058708333333355,50.08496597222224
0.7879999999999999,0.07449073333333334,0.12006330000000003,0.12953119999999999,0.12479725,0.11935800000000002,0.1294194,0.1243887,0.124592975,0.40854999999999364,50.10224166666666
0.7883333333333333,0.07445465625,0.12004987500000003,0.12952533333333333,0.12478760416666668,0.11934250000000002,0.12941025,0.12437637500000001,0.12458198958333334,0.41122916666666565,50.12733333333334
0.7886666666666666,0.07445,0.12003645000000003,0.12951946666666667,0.12477795833333336,0.11932700000000003,0.1294011,0.12436405,0.12457100416666668,0.41390833333335153,50.12100416666668
0.7889999999999999,0.07444419374999998,0.12002302500000003,0.1295136,0.12476831250000002,0.11931150000000003,0.12939195,0.12435172500000002,0.12456001875000003,0.4165874999999958,50.115825000000044
0.7893333333333333,0.07440000000000001,0.12000960000000002,0.12950773333333332,0.12475866666666667,0.11929600000000003,0.1293828,0.12433940000000002,0.12454903333333334,0.4192666666666539,50.14903333333333
0.7896666666666666,0.07439310625000001,0.11999617500000002,0.12950186666666666,0.12474902083333334,0.11928050000000003,0.12937365,0.12432707500000001,0.12453804791666667,0.4219458333333259,50.14494166666667
0.7899999999999999,0.074375,0.11998275000000003,0.129496,0.12473937500000001,0.11926500000000002,0.1293645,0.12431475,0.12452706250000001,0.4246250000000118,50.152062500000014
0.7903333333333333,0.07437014375,0.11996932500000003,0.1294901333333333,0.12472972916666666,0.11924950000000002,0.12935535,0.12430242500000002,0.12451607708333334,0.42730416666664217,50.14593333333334
0.7906666666666666,0.07435,0.11995590000000003,0.12948426666666665,0.12472008333333334,0.11923400000000002,0.1293462,0.12429010000000001,0.12450509166666668,0.42998333333332805,50.15509166666668
0.7909999999999999,0.07434405625,0.11994247500000003,0.1294784,0.12471043750000002,0.11921850000000003,0.12933705,0.12427777500000002,0.12449410625000001,0.43266250000000006,50.150050000000014
0.7913333333333333,0.07430000000000002,0.11992905000000002,0.12947253333333333,0.12470079166666667,0.11920300000000002,0.1293279,0.12426545,0.12448312083333334,0.43534166666667207,50.18312083333332
0.7916666666666666,0.07429609375,0.11991562500000003,0.12946666666666665,0.12469114583333334,0.11918750000000003,0.12931875,0.12425312500000002,0.12447213541666668,0.4380208333333163,50.176041666666684
0.7919999999999999,0.07425805000000002,0.11990220000000003,0.1294608,0.1246815,0.11917200000000003,0.1293096,0.12424080000000001,0.12446115,0.4406999999999883,50.203099999999985
0.7923333333333333,0.07425,0.11988877500000003,0.12945493333333333,0.12467185416666668,0.11915650000000003,0.12930045,0.12422847500000002,0.12445016458333336,0.44337916666666033,50.20016458333336
0.7926666666666666,0.07424446250000001,0.11987535000000003,0.12944906666666667,0.12466220833333336,0.11914100000000002,0.1292913,0.12421615000000001,0.12443917916666669,0.4460583333333462,50.19471666666668
0.7929999999999999,0.074225,0.11986192500000004,0.12944319999999998,0.12465256250000001,0.11912550000000002,0.12928215,0.12420382500000002,0.12442819375000001,0.44873749999999046,50.20319375000001
0.7933333333333333,0.07421877777777777,0.11984850000000002,0.12943733333333332,0.12464291666666667,0.11911000000000002,0.129273,0.12419150000000001,0.12441720833333333,0.45141666666666247,50.19843055555556
0.7936666666666666,0.07417696111111112,0.11983507500000003,0.12943146666666666,0.12463327083333334,0.11909450000000002,0.12926385,0.12417917500000002,0.12440622291666667,0.4540958333333206,50.22926180555555
0.7939999999999999,0.0741735375,0.11982165000000003,0.1294256,0.12462362500000002,0.11907900000000003,0.1292547,0.12416685000000002,0.12439523750000002,0.4567749999999926,50.22170000000002
0.7943333333333333,0.07415000000000001,0.11980822500000003,0.12941973333333331,0.12461397916666667,0.11906350000000002,0.12924555,0.124154525,0.12438425208333334,0.4594541666666646,50.23425208333333
0.7946666666666666,0.07414432499999998,0.11979480000000003,0.12941386666666665,0.12460433333333334,0.11904800000000003,0.1292364,0.12414220000000001,0.12437326666666668,0.4621333333333366,50.22894166666669
0.7949999999999999,0.074125,0.11978137500000004,0.129408,0.12459468750000002,0.11903250000000003,0.12922725,0.124129875,0.12436228125000001,0.4648125000000225,50.23728125000002
0.7953333333333333,0.074125,0.11976795000000003,0.12940213333333334,0.12458504166666667,0.11901700000000003,0.1292181,0.12411755000000002,0.12435129583333335,0.46749166666665287,50.22629583333335
0.7956666666666666,0.074125,0.11975452500000003,0.1293944,0.12457446250000001,0.11900150000000002,0.12920895,0.12410522500000001,0.12433984375000001,0.4692374999999971,50.214843750000014
0.7959999999999999,0.074118675,0.11974110000000003,0.1293856,0.12456335000000002,0.11898180000000004,0.1291998,0.12409080000000003,0.12432707500000002,0.47254999999998826,50.208400000000026
0.7963333333333333,0.07404074236111112,0.11972767500000003,0.1293768,0.12455223750000001,0.11896165000000003,0.12919065,0.12407615000000001,0.12431419375000001,0.4760874999999998,50.27345138888889
0.7966666666666666,0.07402500000000001,0.11971425000000004,0.12936799999999998,0.124541125,0.11894150000000003,0.1291815,0.12406150000000002,0.12430131250000001,0.47962499999998354,50.2763125
0.7969999999999999,0.07402500000000001,0.11970082500000002,0.12935919999999998,0.12453001250000001,0.11892135000000004,0.12917235,0.12404685000000001,0.12428843125000001,0.48316249999999505,50.263431250000004
0.7973333333333333,0.07402122500000001,0.11968740000000003,0.12935039999999998,0.1245189,0.11890120000000003,0.1291632,0.12403220000000001,0.12427555000000001,0.4866999999999927,50.254325
0.7976666666666666,0.0739989388888889,0.11967397500000003,0.1293416,0.12450778750000002,0.11888105000000003,0.12915405,0.12401755,0.12426266875000001,0.4902375000000181,50.26372986111112
0.7979999999999999,0.07397623333333335,0.11966055000000003,0.1293328,0.12449667500000001,0.11886090000000003,0.1291449,0.12400290000000003,0.12424978750000001,0.493774999999988,50.27355416666666
0.7983333333333333,0.07395396874999999,0.11964712500000003,0.129324,0.12448556250000001,0.11884075000000004,0.12913575,0.12398825000000002,0.12423690625000001,0.4973124999999856,50.282937500000024
0.7986666666666666,0.07394999999999999,0.11963370000000002,0.1293152,0.12447445000000001,0.11882060000000004,0.1291266,0.12397360000000002,0.12422402500000002,0.5008499999999971,50.27402500000003
0.7989999999999999,0.07394422777777776,0.11962027500000003,0.1293064,0.12446333750000001,0.11880045000000004,0.12911745,0.12395895000000001,0.12421114375,0.5043874999999948,50.26691597222224
0.7993333333333333,0.07392499999999999,0.11960685000000003,0.12929759999999998,0.124452225,0.11878030000000003,0.1291083,0.12394430000000002,0.12419826250000002,0.5079249999999785,50.27326250000003
0.7996666666666666,0.07390179375,0.11959342500000003,0.12928879999999998,0.1244411125,0.11876015000000004,0.12909915,0.12392965000000002,0.12418538125,0.51146249999999,50.2835875
0.7999999999999999,0.0739,0.11958000000000003,0.12928,0.12443000000000001,0.11874000000000004,0.12909,0.12391500000000003,0.12417250000000002,0.5149999999999877,50.27250000000002
0.8003333333333333,0.07388952847222222,0.11956657500000002,0.1292712,0.12441888750000002,0.11871985000000003,0.12908085,0.12390035000000002,0.12415961875000002,0.5185374999999992,50.270090277777804
0.8006666666666666,0.07383125000000001,0.11955315000000002,0.1292624,0.12440777500000001,0.11869970000000003,0.1290717,0.12388570000000002,0.12414673750000002,0.5220749999999968,50.3154875
0.8009999999999999,0.07384649374999999,0.11953972500000003,0.1292536,0.1243966625,0.11867955000000004,0.12906255,0.12387105000000001,0.12413385625000001,0.5256124999999945,50.287362500000015
0.8013333333333333,0.07380473333333334,0.11952630000000003,0.1292448,0.12438555000000001,0.11865940000000004,0.1290534,0.12385640000000003,0.12412097500000002,0.5291499999999782,50.31624166666668
0.8016666666666666,0.0738,0.11951287500000003,0.129236,0.12437443750000002,0.11863925000000004,0.12904425,0.12384175000000003,0.12410809375000002,0.5326874999999898,50.30809375000002
0.8019999999999999,0.07379486249999999,0.11949945000000003,0.1292272,0.12436332500000001,0.11861910000000003,0.1290351,0.12382710000000002,0.12409521250000002,0.5362249999999874,50.30035000000004
0.8023333333333333,0.07377500000000001,0.11948602500000002,0.12921839999999998,0.1243522125,0.11859895000000004,0.12902595,0.12381245000000002,0.12408233125000001,0.539762499999985,50.307331250000004
0.8026666666666666,0.07377500000000001,0.11947260000000003,0.12920959999999998,0.12434110000000001,0.11857880000000004,0.12901680000000001,0.12379780000000003,0.12406945000000003,0.5432999999999827,50.29445000000002
0.8029999999999999,0.07377500000000001,0.11945917500000003,0.1292008,0.12432998750000002,0.11855865000000004,0.12900765,0.12378315000000002,0.12405656875000001,0.5468374999999942,50.281568750000005
0.8033333333333333,0.0737343125,0.11944575000000003,0.129192,0.12431887500000002,0.11853850000000003,0.12899750000000001,0.12376800000000002,0.12404343750000002,0.5508750000000062,50.30912500000002
0.8036666666666666,0.07370000000000002,0.11943232500000003,0.1291832,0.12430776250000002,0.11851835000000004,0.12898225,0.12375030000000001,0.12402903125,0.5574625000000083,50.329031249999986
0.8039999999999999,0.07369472499999999,0.11941890000000004,0.1291744,0.12429665000000001,0.11849820000000004,0.128967,0.12373260000000003,0.12401462500000002,0.5640499999999826,50.319900000000025
0.8043333333333333,0.073675,0.11940547500000002,0.1291656,0.12428553750000002,0.11847805000000003,0.12895175,0.12371490000000002,0.12400021875000002,0.5706374999999986,50.32521875000001
0.8046666666666666,0.073675,0.11938940000000003,0.1291568,0.12427310000000001,0.11845790000000003,0.1289365,0.12369720000000002,0.12398515000000002,0.5758999999999903,50.310150000000014
0.8049999999999999,0.07365871875000002,0.11937150000000005,0.12914799999999999,0.12425975000000002,0.11843775000000004,0.12892125000000002,0.12367950000000003,0.12396962500000003,0.5802499999999905,50.31090625000001
0.8053333333333333,0.073625725,0.11935360000000003,0.12913919999999998,0.1242464,0.11841760000000004,0.128906,0.12366180000000002,0.12395410000000001,0.5845999999999907,50.32837500000001
0.8056666666666666,0.0736,0.11933570000000004,0.1291304,0.12423305000000003,0.11839745000000004,0.12889075,0.12364410000000002,0.12393857500000002,0.5889500000000047,50.33857500000003
0.8059999999999999,0.0736,0.11931780000000004,0.1291216,0.12421970000000002,0.11837730000000005,0.1288755,0.12362640000000003,0.12392305000000002,0.5932999999999911,50.32305000000002
0.8063333333333333,0.0736,0.11929990000000004,0.1291128,0.12420635000000002,0.11835715000000004,0.12886025,0.12360870000000002,0.12390752500000002,0.5976500000000051,50.30752500000002
0.8066666666666666,0.0736,0.11928200000000004,0.129104,0.12419300000000003,0.11833700000000004,0.12884500000000002,0.12359100000000003,0.12389200000000003,0.6019999999999914,50.29200000000003
0.8069999999999999,0.07359608124999999,0.11926410000000004,0.1290952,0.12417965000000002,0.11831685000000004,0.12882975,0.12357330000000002,0.12387647500000001,0.6063499999999916,50.28039375000003
0.8073333333333333,0.0735216892857143,0.11924620000000004,0.1290864,0.12416630000000001,0.11829670000000003,0.1288145,0.12355560000000002,0.12386095000000001,0.6106999999999918,50.33926071428571
0.8076666666666666,0.07350000000000001,0.11922830000000004,0.1290776,0.12415295000000001,0.11827655000000004,0.12879925,0.12353790000000002,0.12384542500000001,0.615049999999992,50.345425
0.8079999999999999,0.0735,0.11921040000000004,0.12906879999999998,0.12413960000000002,0.11825640000000004,0.128784,0.12352020000000002,0.12382990000000002,0.6193999999999922,50.32990000000002
0.8083333333333333,0.0735,0.11919250000000003,0.12906,0.12412625000000002,0.11823625000000004,0.12876875000000002,0.12350250000000003,0.12381437500000003,0.6237499999999924,50.314375000000034
0.8086666666666666,0.07349648749999999,0.11917460000000003,0.1290512,0.12411290000000003,0.11821610000000005,0.1287535,0.12348480000000002,0.12379885000000002,0.6281000000000064,50.30236250000003
0.8089999999999999,0.07347500000000001,0.11915670000000005,0.1290424,0.12409955000000003,0.11819595000000004,0.12873825,0.12346710000000002,0.12378332500000003,0.6324500000000066,50.30832500000002
0.8093333333333333,0.07346257777777777,0.11913880000000003,0.1290336,0.12408620000000001,0.11817580000000004,0.128723,0.12344940000000001,0.12376780000000001,0.6367999999999929,50.305222222222234
0.8096666666666666,0.07343235625000001,0.11912090000000004,0.1290248,0.12407285000000001,0.11815565000000004,0.12870775,0.12343170000000003,0.12375227500000002,0.6411499999999792,50.319918750000014
0.8099999999999999,0.07342499999999999,0.11910300000000004,0.129016,0.12405950000000002,0.11813550000000005,0.12869250000000002,0.12341400000000002,0.12373675000000002,0.6454999999999933,50.31175000000003
0.8103333333333333,0.0734194611111111,0.11908510000000004,0.1290072,0.12404615000000002,0.11811535000000004,0.12867725,0.12339630000000001,0.12372122500000002,0.6498500000000074,50.30176388888892
0.8106666666666666,0.07338384999999999,0.11906720000000004,0.12899839999999999,0.12403280000000001,0.11809520000000004,0.128662,0.12337860000000002,0.12370570000000002,0.6541999999999937,50.321850000000026
0.8109999999999999,0.073375,0.11904930000000004,0.1289896,0.12401945000000003,0.11807505000000004,0.12864675,0.12336090000000002,0.12369017500000003,0.6585500000000077,50.31517500000003
0.8113333333333334,0.07336401249999999,0.11903140000000004,0.1289808,0.12400610000000002,0.11805490000000003,0.1286315,0.12334320000000001,0.12367465000000002,0.6629000000000079,50.310637500000034
0.8116666666666666,0.07335,0.11901350000000004,0.128972,0.12399275000000001,0.11803475000000004,0.12861625000000002,0.12332550000000003,0.12365912500000002,0.6672499999999804,50.30912500000002
0.8119999999999999,0.07334482222222222,0.11899560000000003,0.1289632,0.12397940000000002,0.11801460000000004,0.128601,0.12330780000000002,0.12364360000000002,0.6715999999999944,50.2987777777778
0.8123333333333334,0.073325,0.11897770000000003,0.1289544,0.12396605000000002,0.11799445000000004,0.12858575,0.12329010000000001,0.12362807500000002,0.6759500000000085,50.303075000000014
0.8126666666666666,0.07330871249999998,0.11895980000000003,0.1289456,0.12395270000000001,0.11797430000000005,0.1285705,0.12327240000000003,0.12361255000000002,0.6802999999999809,50.30383750000003
0.813,0.0733,0.11894190000000004,0.1289368,0.12393935000000002,0.11795415000000005,0.12855525,0.12325470000000002,0.12359702500000003,0.684649999999995,50.297025000000026
0.8133333333333334,0.0733,0.11892400000000003,0.128928,0.12392600000000001,0.11793400000000004,0.12854000000000002,0.12323700000000003,0.12358150000000001,0.6889999999999813,50.28150000000001
0.8136666666666666,0.07329145625,0.11890610000000004,0.12891919999999998,0.12391265000000001,0.11791385000000004,0.12852475,0.12321930000000002,0.12356597500000002,0.6933499999999954,50.27451875000003
0.814,0.07326970000000001,0.11888820000000004,0.1289104,0.12389930000000002,0.11789370000000005,0.1285095,0.12320160000000002,0.12355045000000002,0.6976999999999955,50.28075000000001
0.8143333333333334,0.07324036875,0.11887030000000004,0.1289016,0.12388595000000002,0.11787355000000004,0.12849425,0.12318390000000001,0.12353492500000002,0.7020500000000096,50.294556250000014
0.8146666666666667,0.073225,0.11885240000000004,0.1288928,0.12387260000000003,0.11785340000000004,0.128479,0.12316620000000003,0.12351940000000003,0.7063999999999959,50.29440000000003
0.815,0.073225,0.11883450000000004,0.128884,0.12385925000000002,0.11783325000000004,0.12846375000000002,0.12314850000000002,0.12350387500000001,0.7107499999999961,50.27887500000001
0.8153333333333334,0.0732106125,0.11881660000000004,0.1288752,0.12384590000000001,0.11781310000000005,0.1284485,0.12313080000000001,0.12348835000000001,0.7150999999999963,50.277737500000015
0.8156666666666667,0.0731950611111111,0.11879870000000003,0.1288664,0.12383255000000001,0.11779295000000005,0.12843325,0.12311310000000003,0.12347282500000002,0.7194499999999826,50.27776388888893
0.816,0.0731695777777778,0.11878080000000003,0.1288576,0.12381920000000002,0.11777280000000004,0.128418,0.12309540000000002,0.12345730000000002,0.7237999999999967,50.28772222222222
0.8163333333333334,0.07315,0.11876290000000003,0.12884879999999999,0.12380585000000001,0.11775265000000004,0.12840275,0.12307770000000003,0.12344177500000002,0.728149999999983,50.29177500000001
0.8166666666666667,0.07315,0.11874500000000003,0.12884,0.12379250000000003,0.11773250000000005,0.12838750000000002,0.12306000000000003,0.12342625000000003,0.732499999999997,50.27625000000002
0.817,0.07315,0.11872710000000004,0.1288312,0.12377915000000003,0.11771235000000005,0.12837225,0.12304230000000002,0.12341072500000003,0.7368500000000111,50.26072500000002
0.8173333333333334,0.073135475,0.11870920000000004,0.1288224,0.12376580000000002,0.11768800000000007,0.128357,0.12302250000000003,0.12339415000000004,0.7432999999999884,50.25867500000003
0.8176666666666667,0.07311424513888888,0.11869130000000004,0.1288136,0.12375245000000001,0.11765700000000007,0.12834175,0.12299937500000004,0.12337591250000002,0.7530749999999781,50.26166736111114
0.818,0.07307500000000001,0.11867340000000004,0.1288048,0.12373910000000002,0.11762600000000006,0.1283265,0.12297625000000004,0.12335767500000003,0.7628499999999816,50.28267500000001
0.8183333333333334,0.07307134374999999,0.11865550000000004,0.12879333333333334,0.1237244166666667,0.11759500000000006,0.12831125000000002,0.12295312500000004,0.12333877083333336,0.7712916666666597,50.267427083333374
0.8186666666666667,0.07305,0.11863760000000004,0.12877866666666668,0.12370813333333336,0.11756400000000007,0.128296,0.12293000000000004,0.1233190666666667,0.7781333333333196,50.269066666666696
0.819,0.07305,0.11861970000000004,0.128764,0.12369185000000002,0.11753300000000007,0.12828075,0.12290687500000003,0.12329936250000002,0.7849749999999933,50.24936250000002
0.8193333333333334,0.07303696666666666,0.11860180000000003,0.12874933333333333,0.12367556666666668,0.11750200000000006,0.1282655,0.12288375000000004,0.12327965833333336,0.7918166666666393,50.2426916666667
0.8196666666666667,0.07301981666666665,0.11858390000000003,0.12873466666666666,0.12365928333333334,0.11747100000000006,0.12825025,0.12286062500000003,0.12325995416666669,0.798658333333313,50.24013750000003
0.82,0.073,0.11856600000000003,0.12872,0.12364300000000002,0.11744000000000007,0.12823500000000002,0.12283750000000004,0.12324025000000002,0.8054999999999729,50.240250000000024
0.8203333333333334,0.073,0.11854810000000003,0.12870533333333334,0.12362671666666669,0.11740900000000007,0.12821975,0.12281437500000003,0.12322054583333336,0.8123416666666605,50.22054583333337
0.8206666666666667,0.073,0.11853020000000004,0.12869066666666668,0.12361043333333335,0.11737800000000007,0.1282045,0.12279125000000003,0.1232008416666667,0.8191833333333204,50.200841666666705
0.821,0.07299824375,0.11851230000000004,0.128676,0.12359415000000003,0.11734700000000008,0.12818925,0.12276812500000003,0.12318113750000004,0.8260249999999941,50.18289375000004
0.8213333333333334,0.07297017777777778,0.11849440000000004,0.12866133333333332,0.12357786666666667,0.11731600000000006,0.128174,0.12274500000000003,0.12316143333333335,0.8328666666666401,50.191255555555564
0.8216666666666667,0.0729130625,0.11847650000000004,0.12864666666666666,0.12356158333333335,0.11728500000000007,0.12815875000000002,0.12272187500000004,0.12314172916666669,0.8397083333333138,50.22866666666668
0.822,0.07289999999999999,0.11845860000000004,0.128632,0.12354530000000002,0.11725400000000007,0.1281435,0.12269875000000002,0.12312202500000002,0.8465500000000015,50.22202500000003
0.8223333333333334,0.07289999999999999,0.11844070000000004,0.12861733333333333,0.12352901666666669,0.11722300000000006,0.12812825,0.12267562500000004,0.12310232083333336,0.8533916666666475,50.20232083333337
0.8226666666666667,0.07289999999999999,0.11842280000000004,0.12860266666666667,0.12351273333333335,0.11719200000000006,0.128113,0.12265250000000003,0.12308261666666669,0.8602333333333212,50.182616666666696
0.823,0.07289999999999999,0.11840490000000004,0.128588,0.12349645000000002,0.11716100000000007,0.12809775,0.12262937500000004,0.12306291250000004,0.867074999999981,50.16291250000005
0.8233333333333333,0.07289999999999999,0.11838700000000005,0.12857333333333335,0.1234801666666667,0.11713000000000007,0.12808250000000002,0.12260625000000004,0.12304320833333338,0.8739166666666548,50.143208333333384
0.8236666666666667,0.07289701874999999,0.11836910000000003,0.12855866666666665,0.12346388333333334,0.11709900000000006,0.12806725,0.12258312500000003,0.12302350416666669,0.8807583333333147,50.126485416666696
0.824,0.07284125833333335,0.11835120000000005,0.128544,0.12344760000000002,0.11706800000000007,0.128052,0.12256000000000003,0.12300380000000002,0.8875999999999884,50.16254166666667
0.8243333333333333,0.072825,0.11833330000000004,0.12852933333333333,0.12343131666666668,0.11703700000000007,0.12803675,0.12253687500000005,0.12298409583333336,0.8944416666666344,50.15909583333336
0.8246666666666667,0.07280423333333333,0.11831540000000004,0.12851466666666667,0.12341503333333335,0.11700600000000007,0.1280215,0.12251375000000003,0.1229643916666667,0.901283333333322,50.16015833333337
0.825,0.0728,0.11829750000000004,0.1285,0.12339875000000003,0.11697500000000007,0.12800625000000002,0.12249062500000005,0.12294468750000004,0.9081249999999819,50.14468750000003
0.8253333333333333,0.0728,0.11827960000000004,0.12848533333333334,0.12338246666666669,0.11694400000000008,0.1279856,0.12246480000000004,0.12292363333333337,0.91766666666665,50.12363333333336
0.8256666666666667,0.07279688125,0.11826170000000004,0.12847066666666668,0.12336618333333335,0.11691300000000006,0.1279612,0.12243710000000002,0.12290164166666669,0.9290833333333304,50.104760416666686
0.826,0.07277500000000002,0.11824380000000004,0.12845600000000001,0.12334990000000003,0.11688200000000007,0.12793680000000002,0.12240940000000004,0.12287965000000003,0.940499999999983,50.104650000000014
0.8263333333333333,0.072775,0.11822590000000004,0.12844133333333332,0.12333361666666667,0.11685100000000007,0.1279124,0.12238170000000004,0.12285765833333336,0.9519166666666357,50.08265833333335
0.8266666666666667,0.072775,0.11820800000000004,0.12842666666666666,0.12331733333333335,0.11682000000000006,0.127888,0.12235400000000003,0.12283566666666669,0.963333333333316,50.060666666666684
0.827,0.07274486180555557,0.11818597500000005,0.128412,0.12329898750000003,0.11678900000000007,0.12786360000000002,0.12232630000000005,0.12281264375000003,0.9726874999999718,50.06778194444446
0.8273333333333333,0.072725,0.11816061666666672,0.12839733333333334,0.12327897500000003,0.11675800000000007,0.12783920000000001,0.12229860000000004,0.12278878750000002,0.9803749999999917,50.063787500000025
0.8276666666666667,0.07272174375,0.11813525833333338,0.12838266666666667,0.12325896250000003,0.11672700000000007,0.1278148,0.12227090000000004,0.12276493125000004,0.9880624999999837,50.043187500000045
0.828,0.07268273333333335,0.11810990000000006,0.128368,0.12323895000000004,0.11669600000000006,0.1277904,0.12224320000000002,0.12274107500000003,0.9957500000000175,50.058341666666685
0.8283333333333333,0.072675,0.11808454166666672,0.12835333333333335,0.12321893750000004,0.11666500000000007,0.12776600000000002,0.12221550000000005,0.12271721875000005,1.0034374999999955,50.042218750000046
0.8286666666666667,0.072675,0.11805918333333339,0.12833866666666666,0.12319892500000001,0.11663400000000007,0.1277416,0.12218780000000004,0.12269336250000003,1.0111249999999739,50.01836250000002
0.829,0.07266644374999999,0.11803382500000005,0.128324,0.12317891250000002,0.11660300000000007,0.1277172,0.12216010000000004,0.12266950625000003,1.0188124999999797,50.00306250000004
0.8293333333333333,0.07263357777777779,0.11800846666666673,0.12830933333333333,0.12315890000000003,0.11657200000000006,0.12769280000000002,0.12213240000000004,0.12264565000000004,1.0264999999999858,50.012072222222244
0.8296666666666667,0.07264089374999999,0.11798310833333339,0.12829466666666667,0.12313888750000003,0.11654100000000006,0.12766840000000002,0.12210470000000004,0.12262179375000004,1.0341874999999918,49.98090000000005
0.83,0.0726335625,0.11795775000000006,0.12828,0.12311887500000003,0.11651000000000007,0.127644,0.12207700000000005,0.12259793750000003,1.0418749999999837,49.96437500000003
0.8303333333333333,0.07262051874999999,0.11793239166666672,0.12826533333333334,0.12309886250000003,0.11647900000000007,0.1276196,0.12204930000000003,0.12257408125000002,1.0495625000000035,49.95356250000003
0.8306666666666667,0.07257745,0.11790703333333338,0.12825066666666668,0.12307885000000003,0.11644800000000007,0.12759520000000002,0.12202160000000004,0.12255022500000004,1.0572499999999958,49.97277500000004
0.831,0.07255000000000002,0.11788167500000006,0.128236,0.12305883750000002,0.11641700000000006,0.1275708,0.12199390000000004,0.12252636875000003,1.064937499999974,49.97636875000001
0.8313333333333333,0.07255,0.11785631666666672,0.12822133333333333,0.12303882500000002,0.11638600000000007,0.1275464,0.12196620000000004,0.12250251250000002,1.07262499999998,49.95251250000002
0.8316666666666667,0.07255,0.11783095833333339,0.12820666666666666,0.12301881250000002,0.11635500000000007,0.127522,0.12193850000000003,0.12247865625000003,1.0803124999999858,49.928656250000024
0.832,0.07255,0.11780560000000005,0.128192,0.12299880000000002,0.11632400000000007,0.12749760000000002,0.12191080000000004,0.12245480000000003,1.0879999999999779,49.90480000000003
0.8323333333333333,0.07255,0.11778024166666673,0.12817733333333334,0.12297878750000003,0.11629300000000008,0.1274732,0.12188310000000005,0.12243094375000005,1.095687499999984,49.88094375000004
0.8326666666666667,0.07252107638888887,0.11775488333333338,0.12816266666666667,0.12295877500000002,0.11626200000000006,0.1274488,0.12185540000000003,0.12240708750000003,1.1033749999999898,49.88601111111116
0.833,0.0724777777777778,0.11772952500000006,0.128148,0.12293876250000003,0.11623100000000007,0.12742440000000002,0.12182770000000004,0.12238323125000003,1.1110624999999956,49.905453472222234
0.8333333333333333,0.07246562499999999,0.11770416666666672,0.12813333333333335,0.12291875000000003,0.11620000000000007,0.1274,0.12180000000000005,0.12235937500000005,1.118749999999988,49.893750000000054
0.8336666666666667,0.07245,0.11767880833333338,0.12811866666666666,0.12289873750000002,0.11616900000000006,0.1273756,0.12177230000000003,0.12233551875000002,1.1264374999999938,49.885518750000024
0.834,0.07245,0.11765345000000006,0.128104,0.12287872500000002,0.11613800000000006,0.12735120000000003,0.12174460000000004,0.12231166250000003,1.1341249999999858,49.86166250000003
0.8343333333333333,0.07245,0.11762809166666673,0.12808933333333333,0.12285871250000002,0.11610700000000007,0.12732680000000002,0.12171690000000004,0.12228780625000003,1.141812499999978,49.837806250000035
0.8346666666666667,0.07245,0.11760273333333339,0.12807466666666667,0.12283870000000002,0.11607600000000007,0.1273024,0.12168920000000004,0.12226395000000004,1.1494999999999838,49.813950000000034
0.835,0.07245,0.11757737500000005,0.12806,0.12281868750000002,0.11604500000000006,0.127278,0.12166150000000003,0.12224009375000003,1.1571874999999898,49.790093750000025
0.8353333333333333,0.0724436125,0.11755201666666673,0.12804533333333334,0.12279867500000004,0.11601400000000008,0.12725360000000002,0.12163380000000004,0.12221623750000005,1.1648749999999959,49.77262500000004
0.8356666666666667,0.07241113750000001,0.11752665833333338,0.12803066666666665,0.12277866250000002,0.11598300000000006,0.12722920000000001,0.12160610000000004,0.12219238125000004,1.1725624999999877,49.78124375000002
0.836,0.07236835555555556,0.11750130000000006,0.128016,0.12275865000000002,0.11595200000000007,0.1272048,0.12157840000000003,0.12216852500000003,1.1802499999999938,49.80016944444447
0.8363333333333333,0.07235000000000001,0.11747594166666672,0.12800133333333333,0.12273863750000003,0.11592100000000007,0.12718040000000003,0.12155070000000004,0.12214466875000003,1.1879374999999859,49.79466875000002
0.8366666666666667,0.07235,0.11745058333333339,0.12798666666666667,0.12271862500000003,0.11589000000000006,0.12715600000000002,0.12152300000000005,0.12212081250000004,1.195624999999978,49.77081250000004
0.837,0.07235,0.11742522500000005,0.127972,0.12269861250000003,0.11585900000000006,0.1271316,0.12149530000000003,0.12209695625000003,1.2033124999999978,49.74695625000003
0.8373333333333333,0.07234347499999999,0.11739986666666673,0.12795733333333334,0.12267860000000003,0.11582800000000007,0.1271072,0.12146760000000004,0.12207310000000003,1.2109999999999899,49.72962500000004
0.8376666666666667,0.072325,0.11737450833333339,0.12794266666666668,0.12265858750000003,0.11579700000000007,0.12708280000000002,0.12143990000000005,0.12204924375000004,1.218687499999982,49.724243750000035
0.838,0.072325,0.11734915000000005,0.127928,0.12263857500000003,0.11576600000000006,0.12705840000000002,0.12141220000000004,0.12202538750000003,1.226374999999988,49.700387500000026
0.8383333333333333,0.07232052777777778,0.11732379166666673,0.12791333333333332,0.12261856250000003,0.11573500000000007,0.127034,0.12138450000000003,0.12200153125000003,1.2340624999999938,49.68100347222225
0.8386666666666667,0.0723028,0.11729843333333338,0.12789866666666666,0.12259855000000003,0.11570400000000006,0.1270096,0.12135680000000003,0.12197767500000004,1.2417499999999997,49.674875000000036
0.839,0.07231656736111111,0.11727307500000006,0.127884,0.12257853750000003,0.11565140000000013,0.12698520000000002,0.12131830000000007,0.12194841875000005,1.2602374999999555,49.63185138888894
0.8393333333333333,0.07226480000000002,0.11724771666666672,0.12786933333333333,0.12255852500000003,0.11559560000000013,0.1269608,0.12127820000000007,0.12191836250000004,1.2803249999999573,49.65356250000003
0.8396666666666667,0.072225,0.11722235833333339,0.12785466666666667,0.12253851250000003,0.11553980000000011,0.1269364,0.12123810000000006,0.12188830625000005,1.3004124999999727,49.663306250000055
0.84,0.072225,0.11719700000000005,0.12784,0.12251850000000003,0.11548400000000011,0.12691200000000002,0.12119800000000007,0.12185825000000006,1.3204999999999605,49.63325000000006
0.8403333333333333,0.072225,0.11717164166666673,0.12782533333333335,0.12249848750000003,0.11542820000000013,0.12688760000000002,0.12115790000000007,0.12182819375000005,1.3405874999999623,49.60319375000005
0.8406666666666667,0.072225,0.11714628333333339,0.12781066666666666,0.12247847500000003,0.11537240000000011,0.1268632,0.12111780000000005,0.12179813750000004,1.3606749999999779,49.573137500000044
0.841,0.072225,0.11712092500000006,0.1277932,0.12245706250000002,0.11531660000000012,0.1268388,0.12107770000000007,0.12176738125000004,1.3793624999999532,49.54238125000005
0.8413333333333333,0.072221325,0.11709556666666672,0.12776826666666666,0.1224319166666667,0.11526080000000012,0.12681440000000002,0.12103760000000008,0.12173475833333339,1.3943166666666174,49.51343333333338
0.8416666666666667,0.07220000000000001,0.11707020833333338,0.12774333333333332,0.12240677083333334,0.11520500000000011,0.12679,0.12099750000000006,0.1217021354166667,1.4092708333332815,49.50213541666669
0.842,0.07217225416666666,0.11704485000000006,0.1277184,0.12238162500000004,0.11514920000000012,0.1267656,0.12095740000000006,0.12166951250000005,1.4242249999999734,49.49725833333339
0.8423333333333333,0.07214781875000002,0.11701949166666673,0.12769346666666667,0.1223564791666667,0.11509340000000012,0.12674120000000003,0.12091730000000007,0.12163688958333338,1.4391791666666238,49.48907083333336
0.8426666666666667,0.072125,0.11699413333333339,0.12766853333333333,0.12233133333333336,0.11503760000000011,0.12671680000000002,0.12087720000000007,0.12160426666666671,1.4541333333332878,49.47926666666672
0.843,0.072125,0.11696877500000005,0.1276436,0.12230618750000002,0.11498180000000012,0.1266924,0.12083710000000006,0.12157164375000004,1.469087499999966,49.44664375000005
0.8433333333333333,0.072125,0.11694341666666673,0.12761866666666666,0.1222810416666667,0.11492600000000013,0.12666800000000003,0.12079700000000007,0.12153902083333339,1.48404166666663,49.41402083333339
0.8436666666666667,0.07212112777777777,0.1169180583333334,0.12759373333333332,0.12225589583333335,0.11487020000000012,0.12664360000000002,0.12075690000000007,0.1215063979166667,1.4989958333332805,49.385270138888934
0.844,0.07207947500000002,0.11689270000000006,0.1275688,0.12223075000000003,0.11481440000000012,0.12661920000000002,0.12071680000000007,0.12147377500000005,1.5139499999999584,49.39430000000003
0.8443333333333333,0.072075,0.11686734166666672,0.12754386666666667,0.1222056041666667,0.11475860000000013,0.1265948,0.12067670000000007,0.12144115208333339,1.5289041666666363,49.36615208333339
0.8446666666666667,0.072075,0.11684198333333339,0.12751893333333333,0.12218045833333335,0.11470280000000012,0.12657040000000003,0.12063660000000007,0.12140852916666671,1.5438583333332867,49.33352916666671
0.845,0.0720681875,0.11681662500000006,0.127494,0.12215531250000003,0.11464700000000012,0.12654600000000002,0.12059650000000008,0.12137590625000005,1.5588124999999509,49.30771875000005
0.8453333333333333,0.07202500000000002,0.11679126666666673,0.12746906666666666,0.12213016666666669,0.11459120000000013,0.1265216,0.12055640000000006,0.12134328333333338,1.573766666666629,49.31828333333336
0.8456666666666667,0.072025,0.11676590833333339,0.12744413333333332,0.12210502083333336,0.11453540000000012,0.1264972,0.12051630000000006,0.12131066041666672,1.588720833333293,49.28566041666671
0.846,0.072025,0.11674055000000005,0.1274192,0.12207987500000003,0.11447960000000013,0.12647280000000002,0.12047620000000007,0.12127803750000005,1.6036749999999573,49.25303750000004
0.8463333333333333,0.072025,0.11671519166666673,0.12739426666666667,0.12205472916666671,0.11442380000000013,0.12644840000000002,0.12043610000000007,0.12124541458333339,1.6186291666666353,49.22041458333339
0.8466666666666667,0.0720028888888889,0.11668983333333338,0.12736933333333333,0.12202958333333336,0.11436800000000012,0.126424,0.12039600000000006,0.12121279166666671,1.6335833333332994,49.20990277777781
0.847,0.07199684999999999,0.11666447500000006,0.1273444,0.12200443750000003,0.11431220000000013,0.12639917500000003,0.12035568750000009,0.12118006250000006,1.6487499999999489,49.183212500000074
0.8473333333333333,0.07195841250000001,0.11663911666666672,0.12731946666666666,0.12197929166666668,0.11425640000000013,0.12634885000000004,0.12030262500000008,0.12114095833333338,1.6766666666666041,49.18254583333337
0.8476666666666667,0.07195,0.11661375833333339,0.12729453333333332,0.12195414583333336,0.11420060000000012,0.12629852500000002,0.12024956250000007,0.12110185416666672,1.7045833333332872,49.151854166666716
0.848,0.07194765714285714,0.11658840000000006,0.1272696,0.12192900000000004,0.11414480000000013,0.12624820000000003,0.12019650000000008,0.12106275000000005,1.7324999999999564,49.11509285714291
0.8483333333333333,0.07193008333333334,0.11656304166666673,0.12724466666666667,0.1219038541666667,0.11408900000000013,0.12619787500000004,0.12014343750000009,0.12102364583333339,1.7604166666666115,49.09356250000005
0.8486666666666667,0.07194686249999999,0.11653768333333339,0.12721973333333333,0.12187870833333336,0.11403320000000013,0.12614755000000002,0.12009037500000008,0.12098454166666672,1.7883333333332807,49.037679166666734
0.849,0.07191061666666668,0.11651232500000006,0.1271948,0.12185356250000003,0.11397740000000013,0.12609722500000003,0.12003731250000008,0.12094543750000006,1.81624999999995,49.034820833333384
0.8493333333333333,0.0719125,0.11647776666666676,0.12716986666666666,0.12182381666666671,0.11392160000000014,0.12604690000000002,0.11998425000000007,0.12090403333333338,1.8395666666666393,48.99153333333338
0.8496666666666667,0.07188742777777778,0.11643450833333342,0.12714493333333332,0.12178972083333336,0.11386580000000013,0.12599657500000003,0.11993118750000008,0.12086045416666671,1.8585333333332872,48.97302638888894
0.85,0.071875,0.1163912500000001,0.12712,0.12175562500000006,0.11381000000000013,0.12594625,0.11987812500000007,0.12081687500000007,1.8774999999999902,48.94187500000008
0.8503333333333333,0.07185590555555556,0.11634799166666676,0.12709506666666667,0.12172152916666672,0.11375420000000014,0.12589592500000002,0.11982506250000008,0.1207732958333334,1.896466666666638,48.91739027777785
0.8506666666666667,0.07185,0.11630473333333342,0.12707013333333333,0.12168743333333337,0.11369840000000013,0.12584560000000003,0.11977200000000007,0.12072971666666672,1.9154333333332996,48.879716666666724
0.851,0.07185,0.1162614750000001,0.1270452,0.12165333750000004,0.11364260000000014,0.125795275,0.11971893750000007,0.12068613750000005,1.934399999999975,48.836137500000056
0.8513333333333333,0.0718489,0.11621821666666676,0.12702026666666666,0.12161924166666671,0.11358680000000014,0.12574495000000002,0.11966587500000009,0.1206425583333334,1.9533666666666227,48.793658333333404
0.8516666666666667,0.07181503819444444,0.11617495833333343,0.12699533333333332,0.12158514583333338,0.11353100000000013,0.125694625,0.11961281250000007,0.12059897916666673,1.972333333333312,48.78394097222229
0.852,0.07179515555555555,0.1161317000000001,0.1269704,0.12155105000000005,0.11347520000000014,0.12564430000000001,0.11955975000000008,0.12055540000000006,1.9912999999999736,48.76024444444452
0.8523333333333333,0.07177786875000002,0.11608844166666676,0.12694546666666667,0.12151695416666672,0.11341940000000014,0.12559397500000002,0.11950668750000008,0.1205118208333334,2.0102666666666353,48.73395208333338
0.8526666666666667,0.0717965875,0.11604518333333343,0.12692053333333334,0.12148285833333339,0.11336360000000012,0.12554365,0.11945362500000006,0.12046824166666673,2.0292333333333246,48.671654166666734
0.853,0.07177426111111113,0.1160019250000001,0.1268956,0.12144876250000006,0.11330780000000014,0.12549332500000002,0.11940056250000008,0.12042466250000007,2.048199999999972,48.650401388888945
0.8533333333333333,0.07175155555555555,0.11595866666666677,0.12687066666666666,0.12141466666666671,0.11325200000000014,0.12544300000000003,0.11934750000000008,0.12038108333333339,2.0671666666666337,48.62952777777783
0.8536666666666667,0.07175000000000001,0.11591540833333343,0.12684573333333332,0.12138057083333337,0.11319620000000012,0.125392675,0.11929443750000007,0.12033750416666672,2.0861333333332954,48.58750416666671
0.854,0.07174225555555555,0.11587215000000009,0.1268208,0.12134647500000005,0.11314040000000014,0.12534235000000002,0.11924137500000008,0.12029392500000007,2.105099999999971,48.551669444444514
0.8543333333333333,0.07173113125,0.11582889166666677,0.12679586666666667,0.12131237916666672,0.11308460000000015,0.12529202500000003,0.11918831250000009,0.12025034583333341,2.1240666666666326,48.519214583333415
0.8546666666666667,0.07172727499999998,0.11578563333333343,0.12677093333333334,0.12127828333333338,0.11302880000000012,0.1252417,0.11913525000000007,0.12020676666666671,2.143033333333308,48.47949166666673
0.855,0.07167715625,0.11574237500000009,0.126746,0.12124418750000004,0.11297300000000013,0.12519137500000002,0.11908218750000008,0.12016318750000006,2.1619999999999697,48.48603125000006
0.8553333333333333,0.071675,0.11569911666666677,0.12672106666666666,0.12121009166666671,0.11291720000000015,0.12514105000000003,0.1190291250000001,0.1201196083333334,2.180966666666617,48.444608333333406
0.8556666666666667,0.071675,0.11565585833333343,0.12669613333333332,0.12117599583333338,0.11286140000000013,0.125090725,0.11897606250000006,0.12007602916666672,2.1999333333333206,48.40102916666672
0.856,0.071675,0.1156126000000001,0.1266712,0.12114190000000005,0.11280560000000013,0.12504040000000002,0.11892300000000008,0.12003245000000007,2.218899999999968,48.357450000000064
0.8563333333333333,0.071675,0.11556934166666677,0.12664626666666667,0.12110780416666672,0.11274980000000014,0.12499007500000002,0.11886993750000008,0.1199888708333334,2.2378666666666436,48.3138708333334
0.8566666666666667,0.07166762500000001,0.11552608333333343,0.12662133333333334,0.12107370833333339,0.11269400000000013,0.12493975000000002,0.11881687500000007,0.11994529166666673,2.256833333333319,48.27766666666672
0.857,0.07160201875000001,0.1154828250000001,0.1265964,0.12103961250000005,0.11263820000000013,0.12488942500000001,0.11876381250000007,0.11990171250000006,2.2757999999999807,48.29969375000005
0.8573333333333333,0.0716,0.11543956666666677,0.12657146666666666,0.12100551666666672,0.11258240000000014,0.12483910000000002,0.11871075000000009,0.1198581333333334,2.294766666666628,48.2581333333334
0.8576666666666667,0.0716,0.11539630833333343,0.12654653333333332,0.12097142083333337,0.11252660000000013,0.12478877500000002,0.11865768750000008,0.11981455416666673,2.31373333333329,48.21455416666673
0.858,0.0716,0.1153530500000001,0.1265216,0.12093732500000005,0.11247080000000013,0.12473845000000001,0.11860462500000007,0.11977097500000006,2.332699999999979,48.17097500000006
0.8583333333333333,0.0716,0.11530979166666677,0.12649666666666667,0.12090322916666672,0.11241500000000014,0.12468812500000002,0.11855156250000008,0.1197273958333334,2.351666666666641,48.1273958333334
0.8586666666666667,0.0716,0.11526653333333342,0.12647173333333334,0.12086913333333338,0.11235920000000013,0.1246378,0.11849850000000006,0.11968381666666672,2.3706333333333163,48.08381666666672
0.859,0.07156501875,0.1152232750000001,0.1264468,0.12083503750000005,0.11230340000000014,0.12458747500000002,0.11844543750000008,0.11964023750000007,2.389599999999964,48.07521875000006
0.8593333333333333,0.07152500000000002,0.11518001666666677,0.12642186666666666,0.12080094166666672,0.11224760000000014,0.12453715000000003,0.11839237500000008,0.1195966583333334,2.4085666666666397,48.071658333333374
0.8596666666666667,0.071525,0.11513675833333342,0.12639693333333332,0.12076684583333337,0.11219180000000013,0.12448682500000001,0.11833931250000007,0.11955307916666671,2.427533333333301,48.02807916666671
0.86,0.071525,0.1150935000000001,0.126372,0.12073275000000006,0.11213600000000014,0.12443650000000002,0.11828625000000008,0.11950950000000007,2.4464999999999764,47.98450000000007
0.8603333333333333,0.071525,0.11505024166666677,0.12634706666666667,0.12069865416666672,0.1120576500000003,0.12438617500000003,0.11822191250000016,0.11946028333333344,2.47674166666656,47.93528333333344
0.8606666666666667,0.07150084861111113,0.11500698333333342,0.12632213333333334,0.12066455833333338,0.11193830000000028,0.12433585000000001,0.11813707500000015,0.11940081666666677,2.527483333333233,47.89996805555565
0.861,0.07147500000000001,0.1149637250000001,0.1262972,0.12063046250000005,0.11181895000000029,0.12428552500000002,0.11805223750000016,0.1193413500000001,2.5782249999998923,47.86635000000008
0.8613333333333333,0.07147500000000001,0.11492046666666678,0.12627226666666666,0.12059636666666672,0.1116996000000003,0.12423520000000002,0.11796740000000017,0.11928188333333345,2.628966666666552,47.80688333333344
0.8616666666666667,0.07145378125000001,0.11487720833333342,0.12624733333333332,0.12056227083333337,0.11158025000000028,0.12418487500000001,0.11788256250000015,0.11922241666666676,2.679708333333225,47.76863541666675
0.862,0.07145,0.1148339500000001,0.1262224,0.12052817500000006,0.1114609000000003,0.12413455000000001,0.11779772500000016,0.1191629500000001,2.730449999999898,47.7129500000001
0.8623333333333333,0.07145,0.11479069166666678,0.12619746666666667,0.12049407916666673,0.1113415500000003,0.12408422500000002,0.11771288750000017,0.11910348333333345,2.7811916666665577,47.653483333333455
0.8626666666666667,0.07143027499999999,0.11474743333333343,0.12617253333333334,0.12045998333333338,0.11122220000000028,0.12403390000000002,0.11762805000000015,0.11904401666666677,2.8319333333332306,47.613741666666776
0.863,0.071425,0.1147041750000001,0.1261476,0.12042588750000005,0.1111028500000003,0.12398357500000001,0.11754321250000016,0.1189845500000001,2.88267499999989,47.5595500000001
0.8633333333333333,0.071425,0.11466091666666678,0.12612266666666666,0.12039179166666672,0.1109835000000003,0.12393325000000002,0.11745837500000017,0.11892508333333345,2.9334166666665498,47.50008333333344
0.8636666666666666,0.07140601666666667,0.11461765833333344,0.12609533333333336,0.12035649583333341,0.11086415000000033,0.12388292500000003,0.11737353750000018,0.1188650166666668,2.98295833333323,47.459000000000124
0.864,0.071393725,0.1145744000000001,0.12604400000000002,0.12030920000000006,0.1107448000000003,0.12383260000000001,0.11728870000000016,0.11879895000000011,3.020499999999898,47.40522500000011
0.8643333333333333,0.07135568125000001,0.11453114166666677,0.12599266666666667,0.12026190416666671,0.1106254500000003,0.12378227500000002,0.11720386250000017,0.11873288333333344,3.058041666666539,47.37720208333343
0.8646666666666666,0.07135,0.11448788333333344,0.12594133333333335,0.12021460833333339,0.11050610000000033,0.12373195000000002,0.11711902500000018,0.11866681666666679,3.0955833333332072,47.31681666666679
0.865,0.07134521875,0.1144446250000001,0.12589,0.12016731250000005,0.1103867500000003,0.12368162500000002,0.11703418750000016,0.11860075000000012,3.1331249999998896,47.25553125000012
0.8653333333333333,0.071325,0.11440136666666677,0.12583866666666668,0.12012001666666672,0.1102674000000003,0.12363130000000003,0.11694935000000017,0.11853468333333345,3.170666666666544,47.209683333333444
0.8656666666666666,0.07129030347222223,0.11435810833333344,0.12578733333333336,0.1200727208333334,0.11014805000000033,0.12358097500000002,0.11686451250000018,0.11846861666666679,3.2082083333332125,47.178313194444556
0.866,0.071275,0.1143148500000001,0.12573600000000001,0.12002542500000006,0.1100287000000003,0.12353065000000002,0.11677967500000017,0.1184025500000001,3.2457499999998944,47.1275500000001
0.8663333333333333,0.071275,0.11427159166666677,0.1256846666666667,0.11997812916666672,0.10990935000000031,0.12348032500000002,0.11669483750000016,0.11833648333333344,3.283291666666563,47.061483333333435
0.8666666666666666,0.071275,0.11422833333333345,0.12563333333333335,0.1199308333333334,0.10979000000000033,0.12343000000000003,0.11661000000000019,0.1182704166666668,3.3208333333332174,46.99541666666679
0.867,0.07125673888888888,0.11418507500000011,0.125582,0.11988353750000005,0.1096706500000003,0.12337967500000001,0.11652516250000015,0.1182043500000001,3.3583749999998997,46.947611111111215
0.8673333333333333,0.07125,0.11414181666666677,0.12553066666666668,0.11983624166666673,0.10955130000000031,0.12332935000000002,0.11644032500000016,0.11813828333333345,3.395916666666568,46.88828333333346
0.8676666666666666,0.07125,0.11409855833333345,0.12547933333333336,0.11978894583333341,0.10943195000000033,0.12327902500000003,0.11635548750000019,0.1180722166666668,3.4334583333332223,46.822216666666804
0.868,0.07123719999999999,0.11405530000000011,0.125428,0.11974165000000006,0.1093126000000003,0.12322870000000001,0.11627065000000016,0.11800615000000012,3.4709999999999046,46.76895000000013
0.8683333333333333,0.07122500000000001,0.11401204166666677,0.1253766666666667,0.11969435416666674,0.10919325000000031,0.12317837500000002,0.11618581250000017,0.11794008333333345,3.508541666666573,46.71508333333343
0.8686666666666666,0.07120586666666667,0.11396878333333345,0.12532533333333334,0.11964705833333339,0.10907390000000033,0.12312805000000003,0.11610097500000019,0.11787401666666679,3.5460833333331996,46.66815000000012
0.869,0.0711760611111111,0.1139255250000001,0.125274,0.11959976250000004,0.1089545500000003,0.12303857500000004,0.11599656250000018,0.11779816250000011,3.603199999999862,46.62210138888901
0.8693333333333333,0.071175,0.11388226666666677,0.12522266666666668,0.11955246666666672,0.10883520000000031,0.12289980000000005,0.11586750000000018,0.11770998333333345,3.684966666666539,46.53498333333344
0.8696666666666666,0.071175,0.11383900833333345,0.12517133333333336,0.1195051708333334,0.10871585000000034,0.12276102500000007,0.11573843750000021,0.1176218041666668,3.766733333333189,46.4468041666668
0.87,0.07115993749999999,0.1137957500000001,0.12512,0.11945787500000005,0.1085965000000003,0.12262225000000003,0.11560937500000017,0.11753362500000011,3.8484999999998797,46.37368750000012
0.8703333333333333,0.07112910625000003,0.11375249166666677,0.1250686666666667,0.11941057916666672,0.10847715000000031,0.12248347500000005,0.11548031250000018,0.11744544583333345,3.930266666666543,46.31633958333342
0.8706666666666666,0.07112871666666665,0.11370923333333345,0.12501733333333334,0.1193632833333334,0.10835780000000034,0.12234470000000006,0.1153512500000002,0.11735726666666679,4.012033333333206,46.22855000000015
0.871,0.07110000000000002,0.1136659750000001,0.12496600000000001,0.11931598750000005,0.1082384500000003,0.12220592500000003,0.11522218750000017,0.11726908750000012,4.0937999999998835,46.169087500000096
0.8713333333333333,0.07110000000000001,0.11362271666666678,0.12491466666666667,0.11926869166666673,0.10811910000000031,0.12206715000000004,0.11509312500000018,0.11718090833333346,4.175566666666547,46.08090833333345
0.8716666666666666,0.07110000000000001,0.11355891666666688,0.12486333333333335,0.11921112500000011,0.10799975000000034,0.12192837500000006,0.1149640625000002,0.11708759375000016,4.247062499999912,45.98759375000015
0.872,0.07107495555555556,0.1134724000000002,0.124812,0.1191422000000001,0.1078804000000003,0.12178960000000003,0.11483500000000016,0.11698860000000014,4.307199999999941,45.91364444444458
0.8723333333333333,0.07105000000000002,0.11338588333333355,0.12476066666666667,0.11907327500000012,0.10776105000000032,0.12165082500000005,0.11470593750000019,0.11688960625000015,4.3673374999999295,45.83960625000014
0.8726666666666666,0.07105,0.11329936666666689,0.12470933333333335,0.11900435000000012,0.10764170000000034,0.12151205000000007,0.1145768750000002,0.11679061250000017,4.427474999999917,45.74061250000017
0.873,0.07105,0.1132128500000002,0.124658,0.1189354250000001,0.10752235000000031,0.12137327500000003,0.11444781250000016,0.11669161875000013,4.4876124999999325,45.64161875000013
0.8733333333333333,0.07105,0.11312633333333355,0.12460666666666667,0.11886650000000011,0.10740300000000032,0.12123450000000004,0.11431875000000018,0.11659262500000014,4.547749999999934,45.54262500000014
0.8736666666666666,0.0710277875,0.11303981666666689,0.12455533333333335,0.11879757500000013,0.10728365000000034,0.12109572500000006,0.11418968750000019,0.11649363125000016,4.6078874999999355,45.46584375000017
0.874,0.07100000000000001,0.1129533000000002,0.124504,0.1187286500000001,0.10716430000000031,0.12095695000000002,0.11406062500000017,0.11639463750000013,4.668024999999937,45.39463750000013
0.8743333333333333,0.07100000000000001,0.11286678333333354,0.12445266666666667,0.1186597250000001,0.10704495000000032,0.12081817500000004,0.11393156250000018,0.11629564375000015,4.728162499999924,45.29564375000014
0.8746666666666666,0.07100000000000001,0.11278026666666689,0.12440133333333335,0.11859080000000012,0.10692560000000034,0.12067940000000006,0.1138025000000002,0.11619665000000015,4.788299999999926,45.19665000000014
0.875,0.07098281249999999,0.1126937500000002,0.12435,0.11852187500000011,0.10680625000000031,0.12054062500000003,0.11367343750000017,0.11609765625000014,4.848437499999942,45.11484375000015
0.8753333333333333,0.07093437500000001,0.11260723333333354,0.12429866666666668,0.11845295000000011,0.10668690000000032,0.12040185000000003,0.11354437500000017,0.11599866250000014,4.908574999999943,45.064287500000134
0.8756666666666666,0.07094656874999998,0.1125207166666669,0.12424733333333335,0.11838402500000011,0.10656755000000034,0.12026307500000005,0.1134153125000002,0.11589966875000016,4.968712499999917,44.95310000000018
0.876,0.07092500000000002,0.1124342000000002,0.124196,0.1183151000000001,0.10644820000000031,0.12012430000000002,0.11328625000000017,0.11580067500000013,5.028849999999932,44.875675000000115
0.8763333333333333,0.07092098333333333,0.11234768333333355,0.12414466666666668,0.11824617500000012,0.10632885000000032,0.11998552500000004,0.11315718750000017,0.11570168125000015,5.088987499999948,44.78069791666682
0.8766666666666666,0.07088556250000001,0.1122611666666669,0.12409333333333335,0.11817725000000012,0.10620950000000035,0.11984675000000006,0.1130281250000002,0.11560268750000016,5.149124999999922,44.71712500000015
0.877,0.070875,0.11217465000000021,0.124042,0.1181083250000001,0.10609015000000031,0.11970797500000002,0.11289906250000017,0.11550369375000014,5.209262499999923,44.628693750000146
0.8773333333333333,0.070875,0.11208813333333355,0.12399066666666668,0.11803940000000011,0.10597080000000032,0.11956920000000003,0.11277000000000018,0.11540470000000014,5.269399999999938,44.52970000000015
0.8776666666666666,0.07087455625,0.11200161666666689,0.12393933333333335,0.11797047500000012,0.10585145000000035,0.11943042500000005,0.1126409375000002,0.11530570625000017,5.329537499999912,44.431150000000166
0.878,0.07085000000000001,0.11191510000000021,0.123888,0.1179015500000001,0.10573210000000031,0.11929165000000001,0.11251187500000016,0.11520671250000014,5.389674999999941,44.35671250000013
0.8783333333333333,0.07083596874999999,0.11182858333333355,0.12383666666666668,0.11783262500000011,0.10561275000000032,0.11915287500000003,0.11238281250000018,0.11510771875000014,5.449812499999929,44.271750000000154
0.8786666666666666,0.07082500000000001,0.11174206666666689,0.12378533333333334,0.11776370000000011,0.10549340000000035,0.11901410000000005,0.11225375000000021,0.11500872500000016,5.509949999999902,44.183725000000145
0.879,0.070825,0.1116555500000002,0.123734,0.1176947750000001,0.10537405000000032,0.11887532500000002,0.11212468750000017,0.11490973125000013,5.570087499999932,44.08473125000013
0.8793333333333333,0.07081107777777777,0.11156903333333355,0.12368266666666668,0.11762585000000012,0.10525470000000033,0.11873655000000002,0.11199562500000018,0.11481073750000015,5.630224999999934,43.999659722222376
0.8796666666666666,0.0708,0.11148251666666689,0.12363133333333334,0.11755692500000012,0.10513535000000035,0.11859777500000004,0.1118665625000002,0.11471174375000015,5.690362499999921,43.91174375000015
0.88,0.0708,0.1113960000000002,0.12358,0.11748800000000009,0.10501600000000032,0.11845900000000001,0.11173750000000016,0.11461275000000012,5.750499999999937,43.81275000000012
0.8803333333333333,0.07077645625000002,0.11130948333333356,0.12352866666666668,0.11741907500000012,0.10489665000000033,0.11832022500000003,0.11160843750000018,0.11451375625000015,5.810637499999938,43.73730000000013
0.8806666666666666,0.07076192222222222,0.1112229666666669,0.12347733333333334,0.11735015000000013,0.10477730000000035,0.11818145000000005,0.1114793750000002,0.11441476250000016,5.8707749999999255,43.65284027777794
0.881,0.07075000000000001,0.1111364500000002,0.123426,0.1172812250000001,0.10465795000000032,0.11804267500000001,0.11135031250000016,0.11431576875000013,5.930912499999941,43.565768750000124
0.8813333333333333,0.07075000000000001,0.11104993333333356,0.12337466666666667,0.11721230000000012,0.10453860000000033,0.11790390000000003,0.11122125000000019,0.11421677500000016,5.9910499999999285,43.466775000000155
0.8816666666666666,0.07073678125,0.1109634166666669,0.12332333333333334,0.11714337500000012,0.10441925000000035,0.11776512500000004,0.11109218750000019,0.11411778125000016,6.05118749999993,43.38100000000016
0.882,0.07070498750000001,0.11087690000000021,0.123272,0.11707445000000011,0.10424790000000048,0.11762635,0.11093712500000025,0.11400578750000018,6.13732499999986,43.300800000000166
0.8823333333333333,0.07069665833333333,0.11079038333333355,0.12322066666666667,0.11700552500000011,0.10406655000000051,0.11748757500000002,0.11077706250000027,0.11389129375000019,6.2284624999998375,43.19463541666686
0.8826666666666666,0.07066327500000001,0.1107038666666669,0.12316933333333334,0.11693660000000011,0.10388520000000052,0.11734880000000004,0.11061700000000028,0.1137768000000002,6.319599999999828,43.113525000000195
0.883,0.07065,0.11061735000000021,0.123118,0.11686767500000012,0.10370385000000049,0.11721002500000001,0.11045693750000024,0.11366230625000018,6.4107374999998745,43.01230625000017
0.8833333333333333,0.07065,0.11053083333333355,0.12306666666666667,0.11679875000000012,0.1035225000000005,0.11707125000000003,0.11029687500000027,0.11354781250000019,6.501874999999852,42.897812500000185
0.8836666666666666,0.07063257222222223,0.1104443166666669,0.12301533333333334,0.11672982500000012,0.10334115000000052,0.11693247500000004,0.11013681250000028,0.1134333187500002,6.593012499999842,42.800746527777974
0.884,0.07061422499999999,0.11035780000000021,0.122964,0.11666090000000011,0.10315980000000048,0.1167937,0.10997675000000023,0.11331882500000018,6.684149999999875,42.70460000000019
0.8843333333333333,0.0706,0.11027128333333355,0.12291266666666667,0.11659197500000011,0.1029784500000005,0.11665492500000002,0.10981668750000026,0.11320433125000018,6.775287499999852,42.604331250000186
0.8846666666666666,0.0706,0.11018476666666689,0.12286133333333335,0.11652305000000013,0.10279710000000052,0.11651615000000004,0.10965662500000029,0.1130898375000002,6.866424999999843,42.48983750000021
0.885,0.0706,0.11009825000000022,0.12281,0.1164541250000001,0.10261575000000048,0.116377375,0.10949656250000024,0.11297534375000018,6.957562499999861,42.375343750000184
0.8853333333333333,0.0705741,0.11001173333333356,0.12275866666666667,0.1163852000000001,0.1024344000000005,0.11623860000000003,0.10933650000000025,0.11286085000000018,7.048699999999853,42.286750000000175
0.8856666666666666,0.07055000000000002,0.1099252166666669,0.12270733333333335,0.11631627500000012,0.10225305000000053,0.11609982500000003,0.10917643750000028,0.11274635625000021,7.139837499999843,42.19635625000019
0.886,0.07055,0.10983870000000022,0.122656,0.11624735000000011,0.10207170000000047,0.11596105000000001,0.10901637500000025,0.11263186250000018,7.230974999999862,42.08186250000018
0.8863333333333333,0.07053854374999999,0.10975218333333356,0.12260466666666667,0.11617842500000011,0.1018903500000005,0.11582227500000002,0.10885631250000026,0.11251736875000018,7.322112499999853,41.97882500000019
0.8866666666666666,0.07052500000000002,0.1096656666666669,0.12247733333333335,0.11607150000000013,0.10170900000000052,0.11568350000000004,0.10869625000000027,0.1123838750000002,7.375249999999861,41.85887500000018
0.887,0.070525,0.10957915000000021,0.12234239999999999,0.1159607750000001,0.10152765000000048,0.115544725,0.10853618750000024,0.11224848125000017,7.424587499999857,41.72348125000017
0.8873333333333333,0.0705119125,0.10949263333333356,0.12220746666666667,0.11585005000000012,0.1013463000000005,0.11540595000000002,0.10837612500000027,0.1121130875000002,7.473924999999854,41.6011750000002
0.8876666666666666,0.07048949375,0.1094061166666669,0.12207253333333336,0.11573932500000013,0.10116495000000052,0.11526717500000003,0.10821606250000027,0.11197769375000019,7.523262499999864,41.488200000000184
0.888,0.070475,0.10931960000000021,0.1219376,0.11562860000000011,0.10098360000000048,0.11512839999999999,0.10805600000000024,0.11184230000000017,7.572599999999873,41.36730000000018
0.8883333333333333,0.070475,0.10923308333333356,0.12180266666666667,0.11551787500000012,0.1008022500000005,0.11498962500000001,0.10789593750000026,0.11170690625000018,7.621937499999857,41.231906250000186
0.8886666666666666,0.07046286249999999,0.1091465666666669,0.12166773333333336,0.11540715000000012,0.10062090000000051,0.11485085000000003,0.10773587500000027,0.11157151250000019,7.671274999999852,41.1086500000002
0.889,0.07044044375000001,0.10906005000000021,0.1215328,0.1152964250000001,0.10043955000000047,0.114712075,0.10757581250000023,0.11143611875000017,7.720612499999876,40.99567500000016
0.8893333333333333,0.070425,0.10897353333333355,0.12139786666666667,0.11518570000000011,0.10025820000000049,0.11457330000000002,0.10741575000000025,0.11130072500000018,7.769949999999859,40.87572500000018
0.8896666666666666,0.070425,0.1088870166666669,0.12126293333333335,0.11507497500000013,0.10007685000000052,0.11443452500000002,0.10725568750000028,0.11116533125000021,7.819287499999855,40.7403312500002
0.89,0.070425,0.10880050000000022,0.12112799999999999,0.1149642500000001,0.09989550000000047,0.11429575,0.10709562500000024,0.11102993750000018,7.868624999999866,40.604937500000176
0.8903333333333333,0.0704140375,0.10871398333333356,0.12099306666666668,0.11485352500000012,0.0997141500000005,0.11415697500000001,0.10693556250000025,0.11089454375000019,7.9179624999998754,40.48050625000019
0.8906666666666666,0.07036686666666668,0.10862746666666691,0.12085813333333335,0.11474280000000013,0.09953280000000052,0.11401820000000003,0.10677550000000027,0.1107591500000002,7.967299999999858,40.392283333333516
0.891,0.07035,0.10854095000000022,0.12072319999999999,0.11463207500000011,0.09935145000000048,0.11374162499999999,0.10654653750000023,0.11058930625000017,8.085537499999878,40.239306250000176
0.8913333333333333,0.0703400375,0.10845443333333356,0.12058826666666667,0.1145213500000001,0.0991701000000005,0.11344425000000001,0.10630717500000025,0.11041426250000018,8.214174999999852,40.07422500000018
0.8916666666666666,0.07030000000000003,0.1083679166666669,0.12045333333333336,0.11441062500000013,0.09898875000000051,0.11314687500000005,0.10606781250000027,0.1102392187500002,8.342812499999852,39.93921875000017
0.892,0.0703,0.10828140000000022,0.12031839999999999,0.11429990000000011,0.09880740000000048,0.11284949999999998,0.10582845000000023,0.11006417500000017,8.47144999999988,39.764175000000165
0.8923333333333333,0.07029438125,0.10819488333333356,0.12018346666666667,0.11418917500000011,0.09862605000000049,0.11255212500000002,0.10558908750000026,0.10988913125000019,8.600087499999853,39.59475000000019
0.8926666666666666,0.070275,0.1081083666666669,0.12004853333333335,0.11407845000000012,0.09844470000000051,0.11225475000000004,0.10534972500000028,0.1097140875000002,8.72872499999984,39.43908750000019
0.893,0.07026829374999999,0.10802185000000022,0.11991359999999998,0.1139677250000001,0.09826335000000047,0.11195737499999998,0.10511036250000022,0.10953904375000016,8.857362499999882,39.27075000000017
0.8933333333333333,0.07025,0.10793533333333356,0.11977866666666667,0.11385700000000012,0.09808200000000049,0.11166000000000001,0.10487100000000024,0.10936400000000018,8.985999999999883,39.114000000000175
0.8936666666666666,0.07025,0.1078488166666669,0.11964373333333335,0.11374627500000012,0.0979006500000005,0.11136262500000005,0.10463163750000028,0.10918895625000019,9.114637499999843,38.93895625000018
0.894,0.07023702916666666,0.1077304500000004,0.11950879999999998,0.1136196250000002,0.09771930000000047,0.11106524999999998,0.10439227500000023,0.10900595000000021,9.227349999999968,38.76892083333355
0.8943333333333333,0.07020000000000001,0.10757084166666708,0.11937386666666668,0.11347235416666687,0.09753795000000048,0.11076787500000002,0.10415291250000025,0.10881263333333356,9.319441666666622,38.61263333333355
0.8946666666666666,0.0702,0.10741123333333377,0.11923893333333335,0.11332508333333356,0.09735660000000051,0.11047050000000005,0.10391355000000028,0.10861931666666692,9.411533333333278,38.41931666666692
0.895,0.07019315625,0.1072516250000004,0.11910399999999999,0.1131778125000002,0.09717525000000046,0.11017312499999998,0.10367418750000022,0.10842600000000022,9.503624999999975,38.232843750000214
0.8953333333333333,0.07017386249999999,0.1070920166666671,0.11896906666666666,0.11303054166666687,0.0969939000000005,0.10987575000000002,0.10343482500000026,0.10823268333333357,9.595716666666615,38.05882083333358
0.8956666666666666,0.07015,0.10693240833333377,0.11883413333333336,0.11288327083333356,0.09681255000000051,0.10957837500000005,0.10319546250000028,0.10803936666666691,9.687808333333283,37.88936666666691
0.896,0.07014999999999999,0.1067728000000004,0.11869919999999999,0.1127360000000002,0.09663120000000047,0.10928099999999999,0.10295610000000023,0.10784605000000022,9.779899999999966,37.696050000000234
0.8963333333333333,0.07014410625,0.10661319166666709,0.11856426666666667,0.11258872916666687,0.09644985000000049,0.10898362500000001,0.10271673750000025,0.10765273333333356,9.871991666666622,37.50862708333355
0.8966666666666666,0.07012499999999999,0.10645358333333378,0.11842933333333334,0.11244145833333356,0.0962685000000005,0.10868625000000005,0.10247737500000029,0.10745941666666692,9.964083333333276,37.334416666666925
0.897,0.07012434999999999,0.10629397500000042,0.11829439999999998,0.1122941875000002,0.09608715000000047,0.10838887499999998,0.10223801250000022,0.10726610000000021,10.056174999999973,37.14175000000022
0.8973333333333333,0.07010164444444446,0.10613436666666709,0.11815946666666667,0.11214691666666687,0.09590580000000049,0.10809150000000002,0.10199865000000025,0.10707278333333356,10.148266666666627,36.9711388888891
0.8976666666666666,0.07009505625000001,0.10597475833333378,0.11802453333333335,0.11199964583333356,0.0957244500000005,0.10779412500000005,0.10175928750000027,0.10687946666666692,10.240358333333296,36.784410416666915
0.898,0.070075,0.10581515000000041,0.11788959999999998,0.1118523750000002,0.09554310000000046,0.10749674999999999,0.10151992500000023,0.10668615000000022,10.332449999999966,36.611150000000215
0.8983333333333333,0.070075,0.1056555416666671,0.11775466666666666,0.11170510416666687,0.09536175000000048,0.10719937500000001,0.10128056250000025,0.10649283333333356,10.42454166666662,36.41783333333357
0.8986666666666666,0.07004591388888891,0.10549593333333379,0.11761973333333335,0.11155783333333358,0.0951804000000005,0.10690200000000005,0.10104120000000028,0.10629951666666693,10.516633333333303,36.25360277777802
0.899,0.07002500000000002,0.10533632500000041,0.11748479999999999,0.1114105625000002,0.09499905000000046,0.10660462499999998,0.10080183750000021,0.1061062000000002,10.608724999999986,36.08120000000019
0.8993333333333333,0.070025,0.1051767166666671,0.11734986666666666,0.11126329166666687,0.09481770000000049,0.10630725000000002,0.10056247500000026,0.10591288333333357,10.700816666666613,35.88788333333356
0.8996666666666666,0.070025,0.10501710833333379,0.11721493333333334,0.11111602083333356,0.09463635000000051,0.10600987500000005,0.10032311250000028,0.10571956666666693,10.792908333333282,35.69456666666693
0.9,0.070019375,0.10485750000000042,0.11707999999999999,0.1109687500000002,0.09445500000000047,0.10571249999999999,0.10008375000000022,0.10552625000000021,10.884999999999978,35.506875000000214
0.9003333333333333,0.07,0.10469789166666711,0.11694506666666667,0.11082147916666689,0.09427365000000049,0.10541512500000001,0.09984438750000024,0.10533293333333357,10.977091666666647,35.332933333333564
0.9006666666666666,0.06998014444444445,0.10453828333333379,0.11681013333333334,0.11067420833333357,0.0940923000000005,0.10511775000000005,0.09960502500000028,0.10513961666666692,11.069183333333289,35.159472222222476
0.901,0.06997500000000001,0.10437867500000042,0.11667519999999998,0.1105269375000002,0.09391095000000046,0.10482037499999998,0.09936566250000023,0.10494630000000021,11.161274999999971,34.971300000000205
0.9013333333333333,0.069970325,0.10421906666666711,0.11654026666666667,0.11037966666666689,0.09372960000000048,0.10452300000000002,0.09912630000000025,0.10475298333333358,11.25336666666664,34.78265833333358
0.9016666666666666,0.06995,0.1040594583333338,0.11640533333333335,0.11023239583333358,0.0935482500000005,0.10422562500000004,0.09888693750000027,0.10455966666666693,11.345458333333308,34.609666666666925
0.902,0.0699166,0.10389985000000043,0.11627039999999998,0.1100851250000002,0.09336690000000046,0.10392824999999999,0.09864757500000022,0.10436635000000022,11.437549999999977,34.44975000000022
0.9023333333333333,0.06989999999999999,0.10374024166666712,0.11613546666666666,0.10993785416666689,0.09318555000000048,0.10363087500000001,0.09840821250000024,0.10417303333333357,11.529641666666645,34.27303333333358
0.9026666666666666,0.06991249999999997,0.1035806333333338,0.11600053333333335,0.10979058333333358,0.09300420000000051,0.10333350000000005,0.09816885000000028,0.10397971666666693,11.621733333333301,34.06721666666696
0.903,0.06988509444444445,0.10342102500000043,0.11586559999999999,0.1096433125000002,0.09282285000000046,0.10303612499999998,0.09792948750000022,0.10378640000000021,11.713824999999984,33.90130555555576
0.9033333333333333,0.06985768750000002,0.10326141666666712,0.11573066666666666,0.10949604166666689,0.09267800000000018,0.10273875000000002,0.0977083750000001,0.1036022083333335,11.787666666666793,33.74452083333349
0.9036666666666666,0.0698625,0.10310180833333381,0.11559573333333334,0.10934877083333358,0.09260980000000019,0.10244137500000006,0.09752558750000012,0.10343717916666685,11.823183333333459,33.574679166666854
0.9039999999999999,0.069834725,0.10294220000000048,0.11546080000000003,0.10920150000000026,0.0925416000000002,0.10214400000000008,0.09734280000000015,0.1032721500000002,11.85870000000011,33.437425000000204
0.9043333333333333,0.069825,0.10278259166666712,0.11532586666666667,0.10905422916666689,0.09247340000000019,0.10184662500000001,0.0971600125000001,0.1031071208333335,11.89421666666679,33.2821208333335
0.9046666666666666,0.06982113749999999,0.1026229833333338,0.11519093333333334,0.10890695833333358,0.09240520000000019,0.10154925000000005,0.09697722500000011,0.10294209166666685,11.92973333333347,33.120954166666856
0.9049999999999999,0.06978750000000003,0.1024633750000005,0.11505600000000002,0.10875968750000026,0.0923370000000002,0.10125187500000007,0.09679443750000014,0.1027770625000002,11.965250000000122,32.98956250000017
0.9053333333333333,0.0698,0.10230376666666713,0.11492106666666665,0.10861241666666689,0.09226880000000019,0.10095450000000002,0.0966116500000001,0.10261203333333349,12.000766666666788,32.81203333333349
0.9056666666666666,0.06979763125,0.10214415833333382,0.11478613333333335,0.10846514583333358,0.0922006000000002,0.10065712500000004,0.09642886250000013,0.10244700416666686,12.036283333333452,32.64937291666685
0.9059999999999999,0.06977500000000002,0.10198455000000049,0.11465120000000002,0.10831787500000026,0.0921324000000002,0.10035975000000008,0.09624607500000014,0.10228197500000019,12.071800000000119,32.506975000000175
0.9063333333333333,0.069775,0.10182494166666713,0.11451626666666666,0.10817060416666689,0.0920642000000002,0.10006237500000001,0.0960632875000001,0.1021169458333335,12.107316666666797,32.3419458333335
0.9066666666666666,0.06976223611111111,0.10166533333333382,0.11438133333333333,0.10802333333333358,0.0919960000000002,0.09976500000000005,0.09588050000000012,0.10195191666666685,12.142833333333463,32.18968055555574
0.9069999999999999,0.06972500000000002,0.1015057250000005,0.11424640000000003,0.10787606250000026,0.0919278000000002,0.09946762500000009,0.09569771250000014,0.1017868875000002,12.178350000000115,32.061887500000175
0.9073333333333333,0.069725,0.10134611666666714,0.11411146666666666,0.1077287916666669,0.0918596000000002,0.09917025000000002,0.09551492500000011,0.10162185833333351,12.213866666666796,31.896858333333515
0.9076666666666666,0.06972249375,0.10118650833333381,0.11397653333333334,0.10758152083333358,0.0917914000000002,0.09887287500000005,0.09533213750000014,0.10145682916666686,12.249383333333446,31.734335416666855
0.9079999999999999,0.06969070000000002,0.1010269000000005,0.11384160000000002,0.10743425000000026,0.09172320000000021,0.09857550000000008,0.09514935000000015,0.10129180000000021,12.284900000000112,31.601100000000187
0.9083333333333333,0.069675,0.10086729166666714,0.11370666666666666,0.10728697916666691,0.0916550000000002,0.09827812500000002,0.0949665625000001,0.1011267708333335,12.320416666666805,31.451770833333505
0.9086666666666666,0.06967398749999999,0.10070768333333383,0.11357173333333334,0.10713970833333358,0.0915868000000002,0.09798075000000005,0.09478377500000013,0.10096174166666685,12.355933333333457,31.28775416666686
0.9089999999999999,0.06965000000000003,0.10054807500000051,0.11343680000000002,0.10699243750000026,0.09151860000000021,0.09768337500000009,0.09460098750000015,0.1007967125000002,12.391450000000109,31.146712500000174
0.9093333333333333,0.06964165,0.10038846666666715,0.11318346666666665,0.1067859666666669,0.0914504000000002,0.09738600000000001,0.0944182000000001,0.10060208333333351,12.367766666666794,30.96043333333351
0.9096666666666666,0.069625,0.10022885833333382,0.11288573333333335,0.10655729583333359,0.0913822000000002,0.09708862500000005,0.09423541250000013,0.10039635416666687,12.321883333333464,30.77135416666686
0.9099999999999999,0.06962493749999998,0.10006925000000051,0.11258800000000005,0.10632862500000029,0.09131400000000021,0.09679125000000008,0.09405262500000014,0.10019062500000021,12.276000000000147,30.56568750000023
0.9103333333333333,0.06960000000000001,0.09990964166666715,0.11229026666666665,0.1060999541666669,0.0912458000000002,0.09649387500000002,0.09386983750000011,0.0999848958333335,12.23011666666679,30.384895833333495
0.9106666666666666,0.06959227222222222,0.09975003333333383,0.11199253333333335,0.1058712833333336,0.0911776000000002,0.09619650000000005,0.09368705000000013,0.09977916666666686,12.184233333333461,30.18689444444464
0.9109999999999999,0.06955000000000001,0.09959042500000051,0.11169480000000005,0.10564261250000029,0.09110940000000022,0.09589912500000008,0.09350426250000016,0.09957343750000022,12.13835000000013,30.02343750000021
0.9113333333333333,0.06955,0.09943081666666714,0.11139706666666666,0.1054139416666669,0.0910412000000002,0.09560175000000001,0.0933214750000001,0.0993677083333335,12.092466666666802,29.8177083333335
0.9116666666666666,0.06955,0.09927120833333383,0.11109933333333336,0.1051852708333336,0.0909730000000002,0.09530437500000005,0.09313868750000012,0.09916197916666686,12.046583333333471,29.611979166666856
0.9119999999999999,0.06954426666666666,0.09911160000000052,0.11080160000000006,0.10495660000000029,0.09090480000000022,0.09500700000000008,0.09295590000000015,0.09895625000000022,12.000700000000142,29.41198333333356
0.9123333333333333,0.06952425624999999,0.09895199166666716,0.11050386666666666,0.1047279291666669,0.0908366000000002,0.09470962500000002,0.09277311250000012,0.09875052083333351,11.954816666666785,29.22626458333352
0.9126666666666666,0.0695,0.09879238333333384,0.11020613333333336,0.1044992583333336,0.09076840000000021,0.09448290000000001,0.09262565000000011,0.09856245416666685,11.873608333333479,29.06245416666685
0.9129999999999999,0.06949999999999999,0.09863277500000052,0.10990840000000006,0.10427058750000029,0.09070020000000022,0.09442495000000002,0.09256257500000012,0.0984165812500002,11.70801250000017,28.916581250000213
0.9133333333333333,0.06947337499999999,0.09847316666666715,0.10961066666666666,0.1040419166666669,0.0906320000000002,0.094367,0.0924995000000001,0.0982707083333335,11.542416666666805,28.79733333333351
0.9136666666666666,0.06945000000000001,0.09831355833333384,0.10931293333333336,0.1038132458333336,0.09056380000000021,0.09430905,0.0924364250000001,0.09812483541666685,11.376820833333495,28.674835416666834
0.9139999999999999,0.0694496625,0.09815395000000053,0.10901520000000006,0.10358457500000029,0.09049560000000022,0.09425110000000002,0.09237335000000012,0.09797896250000021,11.211225000000171,28.529300000000216
0.9143333333333333,0.06942500000000001,0.09799434166666716,0.10871746666666667,0.10335590416666691,0.0904274000000002,0.09419315,0.09231027500000011,0.0978330895833335,11.045629166666806,28.40808958333349
0.9146666666666666,0.069423575,0.09783473333333384,0.10841973333333337,0.1031272333333336,0.09035920000000021,0.09413520000000002,0.09224720000000011,0.09768721666666685,10.880033333333483,28.263641666666853
0.9149999999999999,0.06940000000000002,0.09767512500000053,0.10812200000000007,0.10289856250000029,0.09029100000000022,0.09407725000000002,0.09218412500000012,0.0975413437500002,10.714437500000173,28.141343750000186
0.9153333333333333,0.0693756125,0.09751551666666716,0.10782426666666667,0.10266989166666692,0.0902228000000002,0.0940193,0.0921210500000001,0.0973954708333335,10.548841666666823,28.019858333333495
0.9156666666666666,0.06937499999999999,0.09735590833333385,0.10752653333333337,0.10244122083333361,0.09015460000000021,0.09396135000000001,0.09205797500000011,0.09724959791666686,10.383245833333499,27.87459791666687
0.9159999999999999,0.06937452499999999,0.09719630000000054,0.10722880000000007,0.1022125500000003,0.09008640000000022,0.09390340000000001,0.09199490000000012,0.09710372500000021,10.217650000000189,27.72920000000022
0.9163333333333333,0.06932710625,0.09705444166666703,0.10693106666666667,0.10199275416666685,0.0900182000000002,0.09384545000000001,0.0919318250000001,0.09696228958333347,10.060929166666746,27.635183333333465
0.9166666666666666,0.069325,0.0969395833333337,0.10663333333333337,0.10178645833333354,0.08995000000000021,0.09378750000000001,0.09186875000000011,0.09682760416666683,9.917708333333428,27.502604166666835
0.9169999999999999,0.069325,0.09682472500000039,0.10633560000000007,0.10158016250000024,0.08988180000000022,0.09372955000000002,0.09180567500000011,0.09669291875000018,9.774487500000124,27.36791875000018
0.9173333333333333,0.06930320000000001,0.09670986666666702,0.10603786666666667,0.10137386666666684,0.0898136000000002,0.09367160000000001,0.0917426000000001,0.09655823333333347,9.631266666666734,27.255033333333458
0.9176666666666666,0.06927805625000001,0.0965950083333337,0.10574013333333337,0.10116757083333354,0.08974540000000021,0.09361365,0.09167952500000011,0.09642354791666682,9.48804583333343,27.145491666666814
0.9179999999999999,0.069275,0.09648015000000038,0.10544240000000007,0.10096127500000023,0.08967720000000022,0.09355570000000002,0.09161645000000013,0.09628886250000018,9.344825000000098,27.01386250000018
0.9183333333333333,0.06925196875000002,0.09636529166666702,0.10514466666666668,0.10075497916666684,0.08960900000000022,0.09349775,0.0915533750000001,0.09615417708333347,9.201604166666739,26.902208333333455
0.9186666666666666,0.06922904444444444,0.0962504333333337,0.10484693333333338,0.10054868333333354,0.08954080000000021,0.09343980000000002,0.09149030000000011,0.09601949166666682,9.058383333333433,26.790447222222376
0.9189999999999999,0.069225,0.09613557500000038,0.10454920000000008,0.10034238750000023,0.08947260000000022,0.09338185000000002,0.09142722500000011,0.09588480625000018,8.915162500000115,26.65980625000018
0.9193333333333333,0.06920346250000001,0.09602071666666702,0.10425146666666668,0.10013609166666684,0.08940440000000022,0.0933239,0.09136415000000012,0.09575012083333348,8.771941666666727,26.546658333333472
0.9196666666666666,0.0692,0.0959058583333337,0.10395373333333338,0.09992979583333354,0.08933620000000021,0.09326595000000001,0.09130107500000012,0.09561543541666684,8.628720833333423,26.415435416666842
0.9199999999999999,0.0692,0.09579100000000038,0.10365600000000008,0.09972350000000023,0.08926800000000022,0.09320800000000001,0.09123800000000012,0.09548075000000017,8.485500000000105,26.28075000000017
0.9203333333333333,0.06915901458333334,0.09567614166666702,0.10335826666666668,0.09951720416666684,0.08919980000000022,0.09315005,0.0911749250000001,0.09534606458333347,8.342279166666744,26.187050000000127
0.9206666666666666,0.06915,0.09556128333333369,0.10306053333333338,0.09931090833333353,0.08913160000000023,0.09309210000000001,0.09111185000000012,0.09521137916666683,8.199058333333411,26.06137916666683
0.9209999999999999,0.06911086250000001,0.09544642500000038,0.10276280000000008,0.09910461250000023,0.08906340000000022,0.09303415000000002,0.09104877500000012,0.09507669375000018,8.055837500000107,25.965831250000168
0.9213333333333333,0.0691,0.09533156666666702,0.10246506666666669,0.09889831666666685,0.08899520000000022,0.09297620000000001,0.09098570000000011,0.09494200833333348,7.912616666666733,25.842008333333485
0.9216666666666666,0.06910308333333333,0.09521670833333369,0.10216733333333339,0.09869202083333353,0.08892700000000023,0.09291825000000001,0.09092262500000012,0.09480732291666683,7.769395833333414,25.704239583333496
0.9219999999999999,0.06912499999999998,0.09510185000000038,0.10186960000000009,0.09848572500000023,0.08885880000000024,0.09286030000000002,0.09085955000000012,0.09467263750000018,7.62617500000011,25.547637500000207
0.9223333333333333,0.06908769097222221,0.094986991666667,0.10157186666666668,0.09827942916666685,0.08879060000000022,0.09280235,0.09079647500000011,0.09453795208333349,7.482954166666736,25.450261111111274
0.9226666666666666,0.06905197500000002,0.09487213333333369,0.10127413333333339,0.09807313333333353,0.08872240000000023,0.0927444,0.09073340000000012,0.09440326666666682,7.339733333333418,25.351291666666803
0.9229999999999999,0.06905373124999999,0.09475727500000036,0.10097640000000009,0.09786683750000022,0.08865420000000024,0.09268645000000002,0.09067032500000013,0.09426858125000018,7.196512500000085,25.21485000000019
0.9233333333333333,0.06905,0.094642416666667,0.1006786666666667,0.09766054166666685,0.08858600000000022,0.0926285,0.09060725000000011,0.09413389583333348,7.053291666666739,25.08389583333348
0.9236666666666666,0.06903520208333332,0.09452755833333369,0.1003809333333334,0.09745424583333354,0.08851780000000023,0.09257055000000002,0.09054417500000012,0.09399921041666683,6.91007083333342,24.96400833333351
0.9239999999999999,0.06900102500000002,0.09441270000000036,0.1000832000000001,0.09724795000000022,0.08844960000000024,0.09251260000000001,0.09048110000000012,0.09386452500000017,6.766850000000102,24.86350000000015
0.9243333333333333,0.06900468125,0.094297841666667,0.09978546666666668,0.09704165416666685,0.08838140000000022,0.09245465,0.09041802500000011,0.09372983958333347,6.623629166666742,24.725158333333468
0.9246666666666666,0.069,0.09418298333333368,0.09948773333333338,0.09683535833333354,0.08831320000000023,0.09239670000000001,0.09035495000000013,0.09359515416666683,6.4804083333334095,24.595154166666827
0.9249999999999999,0.06896894097222224,0.09406812500000036,0.0991900000000001,0.09662906250000022,0.08828875000000005,0.09233875000000002,0.09031375000000004,0.09347140625000014,6.315312500000184,24.502465277777898
0.9253333333333333,0.06895,0.093953266666667,0.0988922666666667,0.09642276666666685,0.08827480000000004,0.09228080000000001,0.09027780000000002,0.09335028333333344,6.144966666666835,24.40028333333344
0.9256666666666666,0.06893063125,0.09383840833333368,0.0985945333333334,0.09621647083333354,0.08826085000000004,0.09222285000000001,0.09024185000000003,0.09322916041666679,5.974620833333513,24.29852916666679
0.9259999999999999,0.06891446250000001,0.09372355000000036,0.0982968000000001,0.09601017500000023,0.08824690000000004,0.09216490000000002,0.09020590000000003,0.09310803750000013,5.804275000000192,24.19357500000012
0.9263333333333333,0.0689,0.093608691666667,0.09799906666666669,0.09580387916666684,0.08823295000000005,0.09210695,0.09016995000000003,0.09298691458333344,5.633929166666815,24.08691458333344
0.9266666666666666,0.06888133333333334,0.09349383333333368,0.09770133333333339,0.09559758333333354,0.08821900000000005,0.092049,0.09013400000000002,0.09286579166666678,5.4635833333335215,23.984458333333443
0.9269999999999999,0.06886595625,0.09337897500000035,0.09740360000000009,0.09539128750000023,0.08820505000000005,0.09199105000000002,0.09009805000000004,0.09274466875000013,5.293237500000187,23.878712500000134
0.9273333333333333,0.0688310375,0.093264116666667,0.09710586666666671,0.09518499166666686,0.08819110000000005,0.0919331,0.09006210000000003,0.09262354583333345,5.122891666666823,23.792508333333448
0.9276666666666666,0.068825,0.09314925833333368,0.09680813333333341,0.09497869583333354,0.08817715000000005,0.09187515000000002,0.09002615000000003,0.09250242291666678,4.952545833333516,23.67742291666679
0.9279999999999999,0.068825,0.09303440000000035,0.09651040000000011,0.09477240000000023,0.08816320000000005,0.09181720000000002,0.08999020000000003,0.09238130000000014,4.782200000000195,23.556300000000142
0.9283333333333333,0.06879943749999999,0.092919541666667,0.0962126666666667,0.09456610416666685,0.08814925000000005,0.09175925,0.08995425000000003,0.09226017708333344,4.611854166666818,23.460739583333446
0.9286666666666666,0.06877500000000002,0.09280468333333367,0.0959149333333334,0.09435980833333353,0.08813530000000006,0.09170130000000001,0.08991830000000003,0.09213905416666679,4.441508333333497,23.364054166666772
0.9289999999999999,0.068775,0.09268982500000035,0.0956172000000001,0.09415351250000023,0.08812135000000006,0.09164335000000001,0.08988235000000003,0.09201793125000013,4.271162500000203,23.242931250000126
0.9293333333333333,0.06875590000000001,0.092574966666667,0.0953194666666667,0.09394721666666685,0.08810740000000004,0.09158540000000001,0.08984640000000002,0.09189680833333344,4.100816666666826,23.14090833333343
0.9296666666666666,0.06874285624999998,0.09246010833333367,0.09502173333333341,0.09374092083333355,0.08809345000000005,0.09152745000000001,0.08981045000000003,0.09177568541666678,3.9304708333335188,23.032829166666797
0.9299999999999999,0.06870793750000002,0.09234525000000035,0.09472400000000011,0.09353462500000023,0.08807950000000005,0.09146950000000002,0.08977450000000003,0.09165456250000013,3.7601250000001976,22.94662500000011
0.9303333333333333,0.06870000000000001,0.09223039166666698,0.0944262666666667,0.09332832916666683,0.08806555000000005,0.09141155000000001,0.08973855000000003,0.09153343958333343,3.5897791666668066,22.83343958333342
0.9306666666666666,0.06869497777777778,0.09211553333333367,0.0941285333333334,0.09312203333333353,0.08805160000000005,0.09135360000000001,0.08970260000000002,0.09141231666666677,3.419433333333513,22.717338888888992
0.9309999999999999,0.06865630625000001,0.09200067500000034,0.0938308000000001,0.09291573750000022,0.08803765000000005,0.09129565000000002,0.08966665000000004,0.09129119375000014,3.249087500000178,22.63488750000013
0.9313333333333333,0.06864999999999999,0.09188581666666698,0.0935330666666667,0.09270944166666684,0.08802370000000005,0.0912377,0.08963070000000004,0.09117007083333344,3.078741666666801,22.520070833333445
0.9316666666666666,0.06862918749999997,0.09177095833333367,0.0932353333333334,0.09250314583333354,0.08800975000000005,0.09117975000000002,0.08959475000000003,0.09104894791666679,2.9083958333335076,22.419760416666822
0.9319999999999999,0.06860000000000001,0.09165610000000034,0.09307200000000002,0.09236405000000017,0.08799580000000005,0.09112180000000002,0.08955880000000004,0.0909614250000001,2.805250000000134,22.361425000000086
0.9323333333333333,0.0686,0.09154124166666698,0.09302066666666668,0.09228095416666683,0.08798185000000004,0.09106385,0.08952285000000001,0.09090190208333343,2.7581041666668167,22.301902083333434
0.9326666666666666,0.06857905000000002,0.09142638333333367,0.09296933333333335,0.09219785833333351,0.08796790000000004,0.09100590000000001,0.08948690000000004,0.09084237916666676,2.7109583333334712,22.263329166666747
0.9329999999999999,0.06855000000000001,0.09131152500000034,0.09291800000000001,0.09211476250000017,0.08795395000000004,0.09094795000000001,0.08945095000000003,0.0907828562500001,2.66381250000014,22.232856250000086
0.9333333333333333,0.06853374999999999,0.09119666666666698,0.09286666666666668,0.09203166666666683,0.08794000000000005,0.09089000000000001,0.08941500000000002,0.09072333333333343,2.616666666666809,22.18958333333344
0.9336666666666666,0.06852383125,0.09108180833333365,0.09281533333333335,0.09194857083333349,0.08792605000000005,0.09083205000000001,0.08937905000000003,0.09066381041666677,2.5695208333334634,22.13997916666677
0.9339999999999999,0.06850000000000002,0.09096695000000034,0.09276400000000001,0.09186547500000017,0.08791210000000005,0.09077410000000002,0.08934310000000004,0.0906042875000001,2.522375000000132,22.104287500000083
0.9343333333333333,0.06848410555555554,0.09085209166666698,0.09271266666666668,0.09178237916666683,0.08789815000000005,0.09071615000000001,0.08930715000000003,0.09054476458333344,2.475229166666801,22.060659027777902
0.9346666666666666,0.06847500000000001,0.09073723333333365,0.09266133333333335,0.09169928333333349,0.08788420000000005,0.09068680000000001,0.08928550000000003,0.09049239166666675,2.413783333333461,22.017391666666747
0.9349999999999999,0.06845000000000002,0.09062237500000034,0.09261000000000003,0.09161618750000018,0.08787025000000005,0.09066850000000001,0.08926937500000004,0.0904427812500001,2.346812500000142,21.99278125000008
0.9353333333333333,0.0684336125,0.09050751666666697,0.09255866666666668,0.09153309166666682,0.08785630000000005,0.0906502,0.08925325000000003,0.09039317083333342,2.279841666666782,21.95955833333342
0.9356666666666666,0.06842500000000001,0.09039265833333365,0.09250733333333334,0.09144999583333349,0.08784235000000006,0.0906319,0.08923712500000003,0.09034356041666676,2.2128708333334632,21.918560416666747
0.9359999999999999,0.06840946666666667,0.09027780000000032,0.09245600000000002,0.09136690000000017,0.08782840000000006,0.0906136,0.08922100000000002,0.0902939500000001,2.145900000000145,21.884483333333428
0.9363333333333334,0.06837842777777779,0.09016294166666697,0.09240466666666668,0.09128380416666682,0.08781445000000004,0.0905953,0.08920487500000002,0.09024433958333342,2.0789291666667986,21.865911805555623
0.9366666666666666,0.0683595625,0.09004808333333365,0.09235333333333334,0.09120070833333349,0.08780050000000005,0.090577,0.08918875000000002,0.09019472916666676,2.011958333333466,21.835166666666765
0.9369999999999999,0.06832812500000003,0.08993322500000032,0.09230200000000002,0.09111761250000017,0.08778655000000005,0.0905587,0.08917262500000003,0.0901451187500001,1.9449875000001338,21.81699375000007
0.9373333333333334,0.06833531111111112,0.08981836666666697,0.09225066666666668,0.09103451666666681,0.08777260000000005,0.09054040000000001,0.08915650000000003,0.09009550833333342,1.8780166666667875,21.760197222222306
0.9376666666666666,0.068325,0.08970350833333364,0.09219933333333334,0.09095142083333349,0.08775865000000005,0.09052210000000001,0.08914037500000002,0.09004589791666676,1.811045833333469,21.720897916666758
0.938,0.068325,0.08958865000000032,0.09214800000000002,0.09086832500000017,0.08774470000000005,0.09050380000000001,0.08912425000000003,0.0899962875000001,1.7440750000001364,21.67128750000011
0.9383333333333334,0.06829105208333335,0.08947379166666697,0.09209666666666667,0.09078522916666681,0.08773075000000005,0.0904855,0.08910812500000002,0.08994667708333343,1.67710416666679,21.655625000000082
0.9386666666666666,0.068275,0.08938986666666673,0.09204533333333334,0.09071760000000004,0.08771680000000005,0.09046720000000001,0.08909200000000003,0.08990480000000003,1.6256000000000048,21.62980000000003
0.939,0.06826200624999999,0.08936152500000008,0.09199400000000002,0.09067776250000005,0.08770285000000005,0.09044890000000001,0.08907587500000003,0.08987681875000003,1.6018875000000237,21.61481250000004
0.9393333333333334,0.06823021250000001,0.0893331833333334,0.09194266666666667,0.09063792500000004,0.08768890000000004,0.0904306,0.08905975000000002,0.08984883750000003,1.578175000000015,21.618625000000016
0.9396666666666667,0.06821091875,0.08930484166666675,0.09189133333333334,0.09059808750000004,0.08767495000000004,0.0904123,0.08904362500000002,0.08982085625000003,1.55446250000002,21.609937500000022
0.94,0.06818225000000001,0.08927650000000008,0.09184000000000002,0.09055825000000005,0.08766100000000004,0.090394,0.08902750000000002,0.08979287500000004,1.5307500000000251,21.610625000000024
0.9403333333333334,0.068175,0.0892481583333334,0.09178866666666667,0.09051841250000003,0.08764705000000005,0.0903757,0.08901137500000003,0.08976489375000003,1.5070375000000025,21.589893750000034
0.9406666666666667,0.0681624125,0.08921981666666674,0.09173733333333335,0.09047857500000005,0.08763310000000005,0.0903574,0.08899525000000003,0.08973691250000004,1.4833250000000215,21.57450000000004
0.941,0.06813374375000002,0.08919147500000008,0.09168600000000002,0.09043873750000005,0.08761915000000005,0.0903391,0.08897912500000002,0.08970893125000004,1.4596125000000266,21.575187500000023
0.9413333333333334,0.06811132500000001,0.08916313333333341,0.09163466666666667,0.09039890000000003,0.08760520000000005,0.0903208,0.08896300000000003,0.08968095000000004,1.4359000000000037,21.569625000000023
0.9416666666666667,0.0681,0.08913479166666674,0.09158333333333335,0.09035906250000005,0.08759125000000005,0.09030250000000001,0.08894687500000004,0.08965296875000003,1.4121875000000088,21.55296875000004
0.942,0.06807211527777779,0.08910645000000007,0.09153200000000002,0.09031922500000004,0.08757730000000005,0.09028420000000001,0.08893075000000003,0.08962498750000003,1.388475000000014,21.55287222222224
0.9423333333333334,0.06805,0.0890781083333334,0.09148066666666667,0.09027938750000003,0.08756335000000005,0.0902659,0.08891462500000002,0.08959700625000003,1.3647625000000052,21.547006250000027
0.9426666666666667,0.06805,0.08904976666666674,0.09142933333333335,0.09023955000000004,0.08754940000000005,0.0902476,0.08889850000000002,0.08956902500000002,1.341050000000024,21.519025000000024
0.943,0.06802346249999999,0.08902142500000007,0.09137800000000001,0.09019971250000004,0.08753545000000006,0.09022930000000001,0.08888237500000004,0.08954104375000005,1.3173375000000016,21.517581250000056
0.9433333333333334,0.068,0.0889930833333334,0.09132666666666667,0.09015987500000003,0.08752150000000004,0.090211,0.08886625000000002,0.08951306250000002,1.2936250000000067,21.513062500000014
0.9436666666666667,0.06798876875,0.08896474166666674,0.09127533333333335,0.09012003750000004,0.08750755000000005,0.0901927,0.08885012500000003,0.08948508125000004,1.2699125000000118,21.496312500000045
0.944,0.06796322500000002,0.08893640000000008,0.09122400000000001,0.09008020000000005,0.08749360000000005,0.0901744,0.08883400000000002,0.08945710000000004,1.2462000000000306,21.493875000000024
0.9443333333333332,0.06793768125000002,0.08890805833333341,0.0911726666666667,0.09004036250000005,0.08747965000000005,0.0901561,0.08881787500000002,0.08942911875000004,1.2224875000000357,21.491437500000014
0.9446666666666667,0.0679253625,0.08887971666666675,0.09112133333333335,0.09000052500000005,0.08746570000000005,0.0901378,0.08880175000000003,0.08940113750000003,1.198775000000027,21.47577500000003
0.945,0.06792780208333334,0.08885137500000008,0.09107000000000001,0.08996068750000005,0.08745175000000005,0.0901195,0.08878562500000003,0.08937315625000004,1.175062500000018,21.445354166666707
0.9453333333333332,0.06790000000000002,0.08882303333333341,0.09101866666666669,0.08992085000000005,0.08743780000000005,0.0901012,0.08876950000000003,0.08934517500000004,1.1513500000000232,21.445175000000024
0.9456666666666667,0.0679,0.08879469166666674,0.09096733333333334,0.08988101250000005,0.08742385000000005,0.09008290000000001,0.08875337500000002,0.08931719375000004,1.1276375000000283,21.417193750000035
0.946,0.06787929999999999,0.08876635000000008,0.09091600000000001,0.08984117500000005,0.08740990000000005,0.09006460000000001,0.08873725000000003,0.08928921250000005,1.1039250000000194,21.409912500000058
0.9463333333333332,0.06785000000000001,0.08873800833333341,0.09086466666666669,0.08980133750000005,0.08739955,0.09004630000000001,0.08872292500000001,0.08926213125000003,1.0784125000000422,21.412131250000023
0.9466666666666667,0.06783134722222221,0.08870966666666674,0.09081333333333334,0.08976150000000005,0.087398,0.090028,0.088713,0.08923725000000002,1.0485000000000495,21.405902777777804
0.947,0.06780000000000001,0.08868132500000007,0.09076200000000001,0.08972166250000005,0.08739645000000001,0.0900097,0.088703075,0.08921236875000002,1.0185875000000428,21.412368750000006
0.9473333333333332,0.06778903750000001,0.08865298333333342,0.09071066666666669,0.08968182500000005,0.08739490000000001,0.08999140000000001,0.08869315000000001,0.08918748750000002,0.988675000000036,21.398450000000015
0.9476666666666667,0.06776661875,0.08862464166666674,0.09065933333333334,0.08964198750000005,0.08739335000000001,0.0899731,0.088683225,0.08916260625000003,0.9587625000000433,21.395987500000032
0.948,0.06774107500000001,0.08859630000000009,0.09060800000000001,0.08960215000000005,0.0873918,0.0899548,0.08867330000000001,0.08913772500000003,0.9288500000000366,21.396650000000015
0.9483333333333333,0.06772509374999999,0.08856795833333342,0.09055666666666669,0.08956231250000005,0.08739025000000002,0.0899365,0.08866337500000002,0.08911284375000003,0.8989375000000299,21.38775000000004
0.9486666666666667,0.06774387777777778,0.08853961666666675,0.09050533333333334,0.08952247500000005,0.08738870000000001,0.0899182,0.08865345000000001,0.08908796250000003,0.8690250000000371,21.344084722222252
0.949,0.06771444375,0.08851127500000008,0.090454,0.08948263750000005,0.08738715000000001,0.0898999,0.088643525,0.08906308125000002,0.8391125000000443,21.348637500000017
0.9493333333333333,0.06770000000000001,0.08848293333333342,0.09040266666666669,0.08944280000000004,0.08738560000000001,0.0898816,0.0886336,0.08903820000000003,0.8092000000000377,21.338200000000015
0.9496666666666667,0.06768668680555555,0.08845459166666675,0.09035133333333334,0.08940296250000004,0.08738405,0.08986330000000001,0.08862367500000001,0.08901331875000003,0.779287500000031,21.32663194444448
0.95,0.06765000000000003,0.08842625000000008,0.09030000000000002,0.08936312500000004,0.08738250000000002,0.08984500000000001,0.08861375000000002,0.08898843750000003,0.7493750000000243,21.3384375
0.9503333333333333,0.0676370375,0.08839790833333341,0.09024866666666669,0.08932328750000004,0.08738095000000001,0.08982670000000001,0.08860382500000001,0.08896355625000002,0.7194625000000315,21.326518750000023
0.9506666666666667,0.0676,0.08836956666666675,0.09019733333333334,0.08928345000000004,0.08737940000000001,0.0898084,0.0885939,0.08893867500000002,0.6895500000000387,21.33867500000003
0.951,0.06759049444444444,0.08834122500000008,0.09014600000000002,0.08924361250000004,0.08737785,0.0897901,0.08858397500000001,0.08891379375000003,0.6596375000000321,21.323299305555583
0.9513333333333333,0.06757313749999999,0.08831288333333343,0.09009466666666668,0.08920377500000005,0.0873763,0.0897718,0.08857405,0.08888891250000003,0.6297250000000532,21.315775000000038
0.9516666666666667,0.06754348263888892,0.08828454166666674,0.09004333333333334,0.08916393750000004,0.08737475000000001,0.0897535,0.08856412500000001,0.08886403125000003,0.5998125000000326,21.320548611111114
0.952,0.06756529444444444,0.08825620000000009,0.08999200000000002,0.08912410000000005,0.08737320000000001,0.0897352,0.0885542,0.08883915000000003,0.5699000000000537,21.273855555555595
0.9523333333333333,0.06752603958333335,0.08822785833333342,0.08994066666666668,0.08908426250000005,0.08737165000000001,0.0897169,0.088544275,0.08881426875000004,0.539987500000047,21.288229166666685
0.9526666666666667,0.0675,0.08819951666666674,0.08988933333333333,0.08904442500000004,0.0873701,0.0896986,0.08853435000000001,0.08878938750000002,0.5100750000000265,21.28938750000002
0.953,0.06750495555555555,0.08817117500000009,0.08983800000000002,0.08900458750000005,0.08736855,0.0896803,0.088524425,0.08876450625000003,0.48016250000004757,21.259550694444478
0.9533333333333333,0.06747600000000001,0.08814283333333342,0.08978666666666668,0.08896475000000005,0.08736700000000001,0.089662,0.08851450000000001,0.08873962500000003,0.4502500000000409,21.263625000000022
0.9536666666666667,0.06747500000000001,0.08811449166666675,0.08973533333333333,0.08892491250000004,0.08736545000000001,0.0896437,0.088504575,0.08871474375000002,0.4203375000000342,21.239743750000013
0.954,0.06743204861111113,0.08808615000000009,0.08968400000000001,0.08888507500000005,0.08736390000000001,0.08962540000000001,0.08849465000000001,0.08868986250000002,0.39042500000004143,21.257813888888894
0.9543333333333333,0.06741156111111112,0.08805780833333342,0.08963266666666668,0.08884523750000005,0.08736235,0.08960710000000001,0.08848472500000001,0.08866498125000002,0.36051250000003476,21.25342013888891
0.9546666666666667,0.06741875000000001,0.08802946666666675,0.0895936,0.08881153333333337,0.0873608,0.0895888,0.08847479999999999,0.08864316666666669,0.3367333333333805,21.224416666666677
0.955,0.06740153125,0.08800112500000008,0.089576,0.08878856250000004,0.08735925000000001,0.0895705,0.088464875,0.08862671875000003,0.3236875000000444,21.225187500000033
0.9553333333333333,0.06738010000000001,0.08797278333333343,0.08955840000000001,0.08876559166666673,0.08735770000000001,0.0895522,0.08845495,0.08861027083333337,0.3106416666667222,21.230170833333354
0.9556666666666667,0.06733928541666667,0.08794444166666675,0.0895408,0.08874262083333337,0.08735615000000001,0.0895339,0.08844502500000001,0.08859382291666669,0.2975958333333584,21.25453750000002
0.956,0.06734365,0.08791610000000008,0.0895232,0.08871965000000004,0.0873546,0.0895156,0.0884351,0.08857737500000001,0.28455000000003616,21.23372500000001
0.9563333333333333,0.067325,0.08788775833333343,0.0895056,0.08869667916666671,0.08735305000000002,0.08949775,0.08842540000000002,0.08856103958333336,0.2712791666666936,21.236039583333365
0.9566666666666667,0.067297625,0.08785941666666675,0.089488,0.08867370833333338,0.08735150000000001,0.08948249999999999,0.088417,0.08854535416666669,0.25670833333338305,21.247729166666687
0.957,0.06726790555555556,0.08783107500000009,0.0894704,0.08865073750000005,0.08734995000000001,0.08946725,0.0884086,0.08852966875000003,0.24213750000004475,21.261763194444462
0.9573333333333333,0.06725000000000002,0.08780273333333342,0.0894528,0.08862776666666672,0.0873484,0.089452,0.08840020000000001,0.08851398333333337,0.22756666666670644,21.263983333333346
0.9576666666666667,0.06723155625,0.08777439166666676,0.0894352,0.08860479583333339,0.08734685,0.08943675,0.08839179999999999,0.08849829791666669,0.2129958333333959,21.266741666666686
0.958,0.06721851250000001,0.08774605000000009,0.0894176,0.08858182500000004,0.08734530000000001,0.0894215,0.0883834,0.08848261250000003,0.1984250000000437,21.26410000000002
0.9583333333333333,0.06718263888888891,0.08771770833333342,0.08940000000000001,0.08855885416666671,0.08734375000000001,0.08940625,0.08837500000000001,0.08846692708333337,0.1838541666667054,21.28428819444446
0.9586666666666667,0.06717055,0.08768936666666675,0.0893824,0.08853588333333337,0.08734220000000001,0.089391,0.0883666,0.08845124166666668,0.1692833333333671,21.280691666666684
0.959,0.06713437500000004,0.08766102500000009,0.08936480000000001,0.08851291250000004,0.08734065,0.08937575,0.0883582,0.08843555625000002,0.15471250000004266,21.30118124999998
0.9593333333333333,0.0671444625,0.08763268333333342,0.0893472,0.08848994166666671,0.0873391,0.08936050000000001,0.0883498,0.08841987083333336,0.14014166666670436,21.275408333333356
0.9596666666666667,0.067125,0.08760434166666675,0.08932960000000001,0.08846697083333338,0.08733755000000001,0.08934525,0.08834140000000001,0.0884041854166667,0.12557083333336605,21.279185416666692
0.96,0.06710311111111111,0.08757600000000008,0.089312,0.08844400000000005,0.08733600000000001,0.08933,0.08833300000000001,0.08838850000000004,0.11100000000004162,21.285388888888924
0.9603333333333333,0.06707500000000001,0.08754765833333343,0.08929440000000001,0.08842102916666672,0.08733445000000001,0.08931475,0.0883246,0.08837281458333336,0.09642916666671719,21.297814583333352
0.9606666666666667,0.06705644999999998,0.08751931666666675,0.0892768,0.08839805833333338,0.0873329,0.0892995,0.08831620000000001,0.08835712916666669,0.08185833333336501,21.30067916666671
0.961,0.06702500000000002,0.08749905000000001,0.08925920000000001,0.088379125,0.08733135,0.08928425,0.08830779999999999,0.0883434625,0.07132500000001096,21.31846249999998
0.9613333333333333,0.06700427499999999,0.08749606666666668,0.0892416,0.08836883333333334,0.08732980000000001,0.089269,0.0882994,0.08833411666666667,0.06943333333334079,21.32984166666668
0.9616666666666667,0.066975,0.08749308333333333,0.089224,0.08835854166666667,0.08732825000000001,0.08925374999999999,0.08829100000000001,0.08832477083333334,0.06754166666665673,21.349770833333338
0.962,0.06697187500000001,0.0874901,0.0892064,0.08834825,0.08732670000000001,0.0892385,0.0882826,0.088315425,0.06565000000000043,21.34354999999999
0.9623333333333333,0.06696295,0.08748711666666667,0.08918880000000001,0.08833795833333334,0.08732515,0.08922325,0.0882742,0.08830607916666666,0.06375833333334413,21.343129166666667
0.9626666666666667,0.06694947500000001,0.08748413333333334,0.0891712,0.08832766666666667,0.0873236,0.089208,0.0882658,0.08829673333333334,0.061866666666660075,21.347258333333325
0.963,0.06693848124999999,0.08748115000000001,0.0891536,0.088317375,0.08732205000000001,0.08919275,0.08825740000000001,0.08828738750000001,0.0599749999999899,21.34890625000002
0.9633333333333333,0.06691983333333333,0.08747816666666668,0.089136,0.08830708333333334,0.08732050000000001,0.0891775,0.08824900000000001,0.08827804166666667,0.0580833333333336,21.358208333333337
0.9636666666666667,0.06688556319444446,0.08747518333333335,0.0891184,0.08829679166666668,0.08731895,0.08916225,0.0882406,0.08826869583333334,0.0561916666666773,21.383132638888885
0.964,0.06685000000000002,0.0874722,0.08910080000000001,0.0882865,0.0873174,0.089147,0.08823220000000001,0.08825935000000001,0.05429999999999324,21.409349999999993
0.9643333333333333,0.06683943125,0.08746921666666667,0.0890832,0.08827620833333333,0.08731585000000001,0.08913175,0.0882238,0.08825000416666667,0.052408333333323065,21.410572916666677
0.9646666666666667,0.06682067777777778,0.08746623333333334,0.08906560000000001,0.08826591666666667,0.08731430000000001,0.0891165,0.0882154,0.08824065833333333,0.050516666666666765,21.41998055555555
0.965,0.06678918750000001,0.08746325,0.089048,0.088255625,0.08731275000000001,0.08910125,0.08820700000000001,0.0882313125,0.04862499999999659,21.442124999999994
0.9653333333333333,0.06675000000000003,0.08746026666666668,0.08903040000000001,0.08824533333333334,0.0873112,0.089086,0.0881986,0.08822196666666668,0.04673333333334029,21.47196666666665
0.9656666666666667,0.06674663125,0.08745728333333334,0.0890128,0.08823504166666668,0.08730965,0.08907075,0.0881902,0.08821262083333334,0.04484166666668399,21.465989583333347
0.966,0.06671875000000001,0.08745430000000001,0.08899520000000001,0.08822475000000002,0.08730810000000001,0.0890555,0.0881818,0.08820327500000001,0.04295000000001381,21.484525000000005
0.9663333333333333,0.06672103888888889,0.08745131666666667,0.0889776,0.08821445833333333,0.08730655000000001,0.08904025,0.08817340000000001,0.08819392916666667,0.04105833333331588,21.472890277777783
0.9666666666666667,0.06669277777777777,0.08744833333333334,0.08896,0.08820416666666667,0.08730500000000001,0.08902499999999999,0.088165,0.08818458333333333,0.039166666666673455,21.491805555555562
0.967,0.06667258124999999,0.08744535,0.0889424,0.088193875,0.08730345,0.08900975,0.0881566,0.0881752375,0.03727500000000328,21.502656250000015
0.9673333333333333,0.06664391250000003,0.08744236666666667,0.08892480000000001,0.08818358333333334,0.0873019,0.0889945,0.08814820000000001,0.08816589166666668,0.0353833333333331,21.52197916666665
0.9676666666666667,0.06662188333333334,0.08743938333333334,0.0889072,0.08817329166666668,0.08730035000000001,0.08897925,0.0881398,0.08815654583333335,0.0334916666666768,21.53466250000001
0.968,0.06661782499999998,0.08743640000000001,0.08888960000000001,0.08816300000000002,0.0873012,0.088964,0.0881326,0.08814780000000001,0.03040000000001375,21.529975000000036
0.9683333333333333,0.06657500000000002,0.08743341666666668,0.088872,0.08815270833333334,0.08730275,0.08894875000000001,0.08812575,0.08813922916666667,0.026958333333340634,21.564229166666642
0.9686666666666667,0.06656842083333334,0.08743043333333333,0.0888544,0.08814241666666667,0.0873043,0.0889335,0.0881189,0.08813065833333333,0.02351666666666752,21.5622375
0.969,0.06652500000000001,0.08742745,0.08883680000000001,0.088132125,0.08730585,0.08891825,0.08811205,0.0881220875,0.02007500000000828,21.597087499999986
0.9693333333333333,0.066525,0.08742446666666667,0.08881920000000001,0.08812183333333334,0.0873074,0.088903,0.0881052,0.08811351666666667,0.016633333333349043,21.588516666666667
0.9696666666666667,0.06649676111111111,0.08742148333333334,0.08880160000000001,0.08811154166666668,0.08730895,0.08888775,0.08809834999999999,0.08810494583333334,0.013191666666689805,21.60818472222223
0.97,0.06647393750000001,0.08741850000000001,0.088784,0.08810125,0.0873105,0.08887250000000001,0.0880915,0.088096375,0.009750000000002812,21.622437499999993
0.9703333333333333,0.06644821527777778,0.08741551666666668,0.08876640000000001,0.08809095833333334,0.08731205,0.08885725,0.08808465,0.08808780416666667,0.006308333333343574,21.639588888888895
0.9706666666666667,0.06642413333333336,0.08741253333333335,0.0887488,0.08808066666666667,0.0873136,0.088842,0.08807780000000001,0.08807923333333334,0.002866666666656581,21.655099999999983
0.971,0.06642260555555554,0.08740955,0.08873120000000001,0.088070375,0.08731515,0.08882675,0.08807095,0.08807066250000001,-0.0005749999999887789,21.648056944444466
0.9713333333333333,0.06637500000000002,0.08740656666666667,0.0887136,0.08806008333333334,0.0873167,0.0888115,0.0880641,0.08806209166666668,-0.004016666666661894,21.687091666666657
0.9716666666666667,0.06637376041666668,0.08740358333333334,0.08869600000000001,0.08804979166666668,0.08731825,0.08879625,0.08805725,0.08805352083333334,-0.007458333333321132,21.679760416666667
0.972,0.06634546111111113,0.08740060000000001,0.0886784,0.0880395,0.0873198,0.088781,0.0880504,0.08804495000000001,-0.010899999999994248,21.699488888888883
0.9723333333333333,0.06630678333333334,0.08739761666666668,0.08866080000000001,0.08802920833333334,0.08732134999999999,0.08876575,0.08804355,0.08803637916666668,-0.014341666666653485,21.729595833333338
0.9726666666666667,0.06629375,0.08739463333333335,0.0886432,0.08801891666666667,0.0873229,0.0887505,0.0880367,0.08802780833333333,-0.0177833333333266,21.734058333333333
0.973,0.06627529375,0.08739165000000002,0.08862560000000001,0.08800862500000001,0.08732445,0.08873525,0.08802984999999999,0.0880192375,-0.02122499999998584,21.743943749999993
0.9733333333333333,0.06625230555555556,0.08738866666666667,0.088608,0.08799833333333335,0.087326,0.08872000000000001,0.088023,0.08801066666666668,-0.024666666666658954,21.758361111111125
0.9736666666666667,0.066225,0.08738568333333334,0.0885904,0.08798804166666667,0.08732755,0.08870475,0.08801615,0.08800209583333334,-0.02810833333333207,21.77709583333333
0.974,0.06620317777777777,0.08738270000000001,0.08857280000000001,0.08797775000000001,0.08732909999999999,0.0886895,0.0880093,0.087993525,-0.03154999999999131,21.790347222222227
0.9743333333333333,0.06617610555555557,0.08737971666666668,0.08855520000000001,0.08796745833333335,0.08733065,0.08867425,0.08800245,0.08798495416666667,-0.034991666666650545,21.8088486111111
0.9746666666666667,0.06615382499999999,0.08737673333333335,0.08853760000000001,0.08795716666666667,0.0873322,0.088659,0.08799560000000001,0.08797638333333334,-0.03843333333333754,21.822558333333355
0.975,0.06614062500000001,0.08737375000000001,0.08852,0.08794687500000001,0.08733375,0.08864375,0.08798875,0.0879678125,-0.041874999999996776,21.827187499999997
0.9753333333333333,0.06615486666666667,0.08737076666666668,0.08850240000000001,0.08793658333333335,0.0873353,0.0886285,0.0879819,0.08795924166666667,-0.045316666666656014,21.804375
0.9756666666666667,0.06612695000000002,0.08736778333333334,0.0884848,0.08792629166666667,0.08733685,0.08861325,0.08797505,0.08795067083333333,-0.04875833333332913,21.82372083333331
0.976,0.066104775,0.0873648,0.08846720000000001,0.08791600000000001,0.0873384,0.088598,0.0879682,0.0879421,-0.05219999999998837,21.83732499999999
0.9763333333333333,0.06607610625,0.08736181666666668,0.08844960000000002,0.08790570833333335,0.08733995,0.08858275,0.08796135,0.08793352916666666,-0.055641666666647605,21.85742291666666
0.9766666666666667,0.0660568125,0.08735883333333334,0.08843200000000001,0.08789541666666667,0.0873415,0.0885675,0.08795449999999999,0.08792495833333333,-0.05908333333332072,21.868145833333326
0.977,0.06602501875000001,0.08735585000000001,0.0884144,0.08788512500000001,0.08734305,0.08855225,0.08794765,0.0879163875,-0.06252499999999384,21.891368749999987
0.9773333333333333,0.06598517777777778,0.08735286666666668,0.08839733333333334,0.08787510000000001,0.0873446,0.088537,0.0879408,0.08790795000000001,-0.06569999999998799,21.922772222222235
0.9776666666666667,0.06597499999999999,0.08734988333333335,0.08838266666666668,0.08786627500000002,0.08734615,0.08852175,0.08793395,0.08790011250000002,-0.0676749999999754,21.925112500000026
0.978,0.065934275,0.0873469,0.088368,0.08785745,0.0873477,0.0885065,0.08792710000000001,0.087892275,-0.06965000000000443,21.958000000000006
0.9783333333333333,0.06593653125,0.08734391666666667,0.08835333333333334,0.08784862500000001,0.08734925,0.08849125000000001,0.08792025,0.08788443750000001,-0.07162499999999183,21.94790625000001
0.9786666666666667,0.06591295555555554,0.08734093333333334,0.08833866666666668,0.08783980000000001,0.0873508,0.088476,0.0879134,0.0878766,-0.07359999999999312,21.96364444444446
0.979,0.06585300625,0.08733795000000001,0.08832400000000001,0.087830975,0.08735235,0.08846075,0.08790655,0.0878687625,-0.0755749999999944,22.015756250000003
0.9793333333333333,0.06583552222222222,0.08733496666666668,0.08830933333333334,0.08782215000000002,0.0873539,0.0884455,0.0878997,0.087860925,-0.0775499999999818,22.025402777777785
0.9796666666666667,0.06580191875,0.08733198333333335,0.08829466666666667,0.08781332500000001,0.08735545,0.08843025,0.08789285,0.08785308750000001,-0.07952499999998308,22.051168750000016
0.98,0.06578575,0.08732900000000002,0.08828000000000001,0.08780450000000001,0.087357,0.088415,0.08788599999999999,0.08784525,-0.08149999999998436,22.059499999999996
0.9803333333333333,0.06575395625000001,0.08732601666666667,0.08826533333333335,0.08779567500000002,0.08735855,0.08839975,0.08787914999999999,0.0878374125,-0.08347499999997177,22.083456249999994
0.9806666666666667,0.06571620000000002,0.08732303333333334,0.08825066666666667,0.08778685,0.0873601,0.0883845,0.0878723,0.087829575,-0.0854500000000008,22.113374999999976
0.981,0.06568724375000001,0.08732005000000001,0.08823600000000001,0.08777802500000001,0.08736165,0.08836925,0.08786545,0.0878217375,-0.0874249999999882,22.134493749999983
0.9813333333333333,0.06565232500000001,0.08731706666666668,0.08822133333333335,0.08776920000000002,0.0873632,0.088354,0.08785860000000001,0.08781390000000001,-0.08939999999998949,22.161575000000003
0.9816666666666667,0.06564687500000001,0.08731408333333335,0.08820666666666667,0.087760375,0.08736475,0.08833875,0.08785175,0.0878060625,-0.09137500000000465,22.159187499999998
0.982,0.065621225,0.08731110000000002,0.088192,0.08775155000000001,0.0873663,0.0883235,0.0878449,0.08779822500000001,-0.09334999999999205,22.177000000000003
0.9823333333333333,0.06556701250000002,0.08730811666666669,0.08817733333333334,0.08774272500000002,0.08736785,0.08830825,0.08783805,0.08779038750000001,-0.09532499999997945,22.22337499999999
0.9826666666666667,0.06553334999999999,0.08730513333333334,0.08816266666666667,0.0877339,0.0873694,0.088293,0.0878312,0.08778255,-0.09729999999999461,22.24920000000001
0.983,0.06551835625,0.08730215000000001,0.088148,0.08772507500000001,0.08737095,0.08827775,0.08782435,0.0877747125,-0.09927499999998202,22.256356249999996
0.9833333333333333,0.0655240625,0.08730055555555555,0.08813333333333334,0.08771694444444444,0.0873725,0.0882625,0.08781749999999999,0.08776722222222222,-0.10055555555554818,22.243159722222224
0.9836666666666667,0.06547335416666666,0.08730254444444444,0.08811866666666668,0.08771060555555556,0.08737405,0.08824725,0.08781064999999999,0.08776062777777777,-0.10004444444443317,22.287273611111104
0.984,0.06545324722222222,0.08730453333333332,0.088104,0.08770426666666667,0.0873756,0.088232,0.0878038,0.08775403333333334,-0.09953333333333203,22.300786111111123
0.9843333333333333,0.06544118125,0.08730652222222222,0.08808933333333334,0.08769792777777778,0.08737715,0.08821675,0.08779695,0.08774743888888889,-0.09902222222221702,22.306257638888898
0.9846666666666666,0.0653948152777778,0.08730851111111111,0.08807466666666668,0.0876915888888889,0.0873787,0.0882015,0.08779010000000001,0.08774084444444445,-0.09851111111111588,22.346029166666657
0.985,0.06533008333333333,0.0873105,0.08806000000000001,0.08768525,0.08738025,0.08818625,0.08778325000000001,0.08773425000000001,-0.09800000000000086,22.404166666666683
0.9853333333333333,0.06531848888888889,0.08731248888888889,0.08804533333333334,0.08767891111111112,0.0873818,0.088171,0.0877764,0.08772765555555556,-0.09748888888888585,22.409166666666675
0.9856666666666666,0.06527963125000001,0.08731447777777777,0.08803066666666667,0.08767257222222222,0.08738335,0.08815575,0.08776955,0.08772106111111111,-0.09697777777778471,22.441429861111096
0.986,0.0652697125,0.08731646666666666,0.08801600000000001,0.08766623333333334,0.0873849,0.0881405,0.0877627,0.08771446666666667,-0.09646666666665582,22.444754166666677
0.9863333333333333,0.06520905277777779,0.08731845555555555,0.08800133333333335,0.08765989444444444,0.08738645,0.08812525,0.08775585,0.08770787222222222,-0.09595555555555468,22.49881944444443
0.9866666666666666,0.06520045833333332,0.08732044444444444,0.08798666666666667,0.08765355555555555,0.087388,0.08811000000000001,0.087749,0.08770127777777778,-0.09544444444443967,22.50081944444446
0.987,0.06517500000000001,0.08732243333333332,0.08797200000000001,0.08764721666666667,0.08738955,0.08809475,0.08774214999999999,0.08769468333333333,-0.09493333333332465,22.51968333333332
0.9873333333333333,0.06515070000000002,0.08732442222222223,0.08795733333333335,0.08764087777777779,0.0873911,0.0880795,0.0877353,0.0876880888888889,-0.09442222222220964,22.537388888888884
0.9876666666666666,0.06510015486111112,0.08732641111111111,0.08794266666666668,0.08763453888888889,0.08739265,0.08806425,0.08772845,0.08768149444444445,-0.0939111111111085,22.58133958333333
0.988,0.06505000000000001,0.0873284,0.087928,0.0876282,0.0873942,0.088049,0.08772160000000001,0.0876749,-0.09340000000000737,22.62489999999999
0.9883333333333333,0.06506562500000002,0.08733038888888889,0.08791333333333334,0.08762186111111112,0.08739575,0.08803375,0.08771475,0.08766830555555555,-0.09288888888887847,22.602680555555533
0.9886666666666666,0.06503697499999998,0.08733237777777778,0.08789866666666668,0.08761552222222223,0.0873973,0.0880185,0.0877079,0.08766171111111112,-0.09237777777777734,22.62473611111114
0.989,0.0650046375,0.08733436666666666,0.087884,0.08760918333333334,0.08739885,0.08800324999999999,0.08770105,0.08765511666666667,-0.09186666666666232,22.650479166666667
0.9893333333333333,0.06495713333333335,0.08733635555555555,0.08786933333333334,0.08760284444444444,0.0874008,0.087988,0.0876944,0.08764862222222222,-0.09155555555556694,22.691488888888873
0.9896666666666666,0.06494831666666666,0.08733834444444444,0.08785466666666668,0.08759650555555556,0.08740389999999999,0.08797275,0.087688325,0.08764241527777777,-0.09181944444443257,22.694098611111116
0.99,0.06488323611111112,0.08734033333333333,0.08784,0.08759016666666666,0.087407,0.0879575,0.08768224999999999,0.08763620833333333,-0.09208333333332597,22.75297222222221
0.9903333333333333,0.06483153750000002,0.08734232222222221,0.08782533333333334,0.08758382777777778,0.08741009999999999,0.08794225,0.087676175,0.08763000138888888,-0.09234722222221936,22.798463888888858
0.9906666666666666,0.06479920000000002,0.08734431111111111,0.08781066666666668,0.08757748888888889,0.0874132,0.087927,0.0876701,0.08762379444444444,-0.09261111111111275,22.82459444444443
0.991,0.06473259236111112,0.0873463,0.08779600000000001,0.08757115000000001,0.08741629999999999,0.08791175,0.08766402499999999,0.08761758750000001,-0.09287499999997839,22.884995138888893
0.9913333333333333,0.06470770555555556,0.08734828888888889,0.08778133333333334,0.08756481111111111,0.0874194,0.0878965,0.08765795,0.08761138055555556,-0.09313888888888566,22.903675
0.9916666666666666,0.06467357638888888,0.08735027777777778,0.08776666666666667,0.08755847222222223,0.08742249999999999,0.08788125,0.08765187499999999,0.08760517361111111,-0.09340277777776518,22.931597222222237
0.992,0.06460777777777776,0.08735226666666666,0.08775200000000001,0.08755213333333334,0.08742559999999999,0.087866,0.0876458,0.08759896666666667,-0.09366666666665857,22.991188888888903
0.9923333333333333,0.06455834513888889,0.08735425555555555,0.08773733333333335,0.08754579444444445,0.0874287,0.08785074999999999,0.087639725,0.08759275972222222,-0.09393055555555196,23.03441458333333
0.9926666666666666,0.06447651250000001,0.08735624444444444,0.08772266666666667,0.08753945555555556,0.08743179999999999,0.0878355,0.08763365,0.08758655277777777,-0.09419444444443148,23.110040277777756
0.993,0.06440829375000001,0.08735823333333333,0.08770800000000001,0.08753311666666666,0.0874349,0.08782025,0.087627575,0.08758034583333332,-0.09445833333333875,23.172052083333313
0.9933333333333333,0.06436186111111111,0.08736022222222221,0.08769333333333335,0.08752677777777779,0.08743799999999999,0.087805,0.08762149999999999,0.08757413888888889,-0.09472222222220439,23.212277777777775
0.9936666666666666,0.06425695000000001,0.0873622111111111,0.08767866666666668,0.08752043888888889,0.0874411,0.08778975,0.087615425,0.08756793194444444,-0.09498611111111166,23.310981944444435
0.994,0.0641599375,0.0873642,0.087664,0.08751410000000001,0.08744419999999999,0.08777449999999999,0.08760934999999999,0.087561725,-0.0952499999999773,23.401787500000008
0.9943333333333333,0.0640398375,0.08736618888888889,0.08764933333333334,0.08750776111111111,0.08744729999999999,0.08775925,0.087603275,0.08755551805555556,-0.09551388888888457,23.51568055555556
0.9946666666666666,0.06394166944444447,0.08736817777777778,0.08763466666666668,0.08750142222222224,0.08745039999999998,0.087744,0.08759719999999999,0.08754931111111111,-0.0957777777777502,23.607641666666638
0.995,0.06378168749999999,0.08737016666666667,0.08762,0.08749508333333333,0.08745349999999999,0.08772875,0.08759112499999999,0.08754310416666666,-0.09604166666665748,23.761416666666673
0.9953333333333333,0.06361403333333338,0.08737215555555555,0.08760533333333334,0.08748874444444445,0.0874566,0.0877135,0.08758505,0.08753689722222222,-0.09630555555555087,23.92286388888884
0.9956666666666666,0.06343897361111114,0.08737414444444444,0.08759066666666668,0.08748240555555556,0.08745969999999999,0.08769825,0.087578975,0.08753069027777778,-0.09656944444444426,24.09171666666664
0.996,0.06321810000000003,0.08737613333333333,0.087576,0.08747606666666666,0.0874628,0.087683,0.0875729,0.08752448333333332,-0.09683333333333766,24.306383333333294
0.9963333333333333,0.06298978194444445,0.08737812222222222,0.08756133333333334,0.08746972777777778,0.08746589999999999,0.08766775,0.08756682499999999,0.08751827638888889,-0.0970972222222033,24.528494444444437
0.9966666666666666,0.06274372916666676,0.0873801111111111,0.08754666666666668,0.08746338888888888,0.08746899999999999,0.0876525,0.08756074999999999,0.08751206944444444,-0.09736111111111057,24.768340277777675
0.997,0.0624987409722222,0.0873821,0.08753200000000001,0.08745705000000001,0.08747209999999998,0.08763725,0.087554675,0.0875058625,-0.09762499999999008,25.0071215277778
0.9973333333333333,0.062173066666666756,0.08738408888888889,0.08751733333333334,0.0874507111111111,0.08747519999999999,0.08762199999999999,0.08754859999999999,0.08749965555555556,-0.09788888888888347,25.3265888888888
0.9976666666666666,0.06187594097222229,0.08738607777777778,0.08750266666666667,0.08744437222222223,0.08747829999999998,0.08760675,0.08754252499999998,0.08749344861111111,-0.09815277777774911,25.617507638888814
0.998,0.06149594999999996,0.08738806666666667,0.08748800000000001,0.08743803333333333,0.08748139999999999,0.08759149999999999,0.08753644999999999,0.08748724166666666,-0.09841666666665638,25.9912916666667
0.9983333333333333,0.06106159375000008,0.08739005555555555,0.08747333333333335,0.08743169444444446,0.08748449999999998,0.08757625,0.087530375,0.08748103472222223,-0.0986805555555359,26.419440972222144
0.9986666666666666,0.060547152777777856,0.08739204444444444,0.08745866666666667,0.08742535555555556,0.08748759999999998,0.087561,0.0875243,0.08747482777777778,-0.09894444444444317,26.927674999999923
0.999,0.06000536250000004,0.08739403333333333,0.08744400000000001,0.08741901666666667,0.08749069999999999,0.08754574999999999,0.08751822499999999,0.08746862083333333,-0.09920833333332268,27.46325833333329
0.9993333333333333,0.05920516527777779,0.08739602222222222,0.08742933333333335,0.08741267777777778,0.08749379999999998,0.0875305,0.08751214999999998,0.08746241388888888,-0.0994722222222022,28.25724861111109
0.9996666666666666,0.05822066250000031,0.0873980111111111,0.08741466666666668,0.0874063388888889,0.08749689999999999,0.08751525,0.08750607499999999,0.08745620694444445,-0.0997361111110956,29.235544444444137
1.0,0.05282361111111111,0.0874,0.0874,0.0874,0.08749999999999998,0.0875,0.0875,0.08745,-0.09999999999998899,34.62638888888889
