Q_NORM_NEW,UN_NEW_LITH_MEAN_V,UN_NEW_DELITH_MEAN_V,UN_NEW_NORM_CANDIDATE_V,axis_interpretation
0.0,0.47250000000000003,0.9547,0.7136,normalized_position_not_absolute_stoichiometry
0.001,0.47250000000000003,0.9314163,0.7019581500000001,normalized_position_not_absolute_stoichiometry
0.002,0.47250000000000003,0.9081326,0.6903163,normalized_position_not_absolute_stoichiometry
0.003,0.47250000000000003,0.8848488999999999,0.6786744499999999,normalized_position_not_absolute_stoichiometry
0.004,0.47250000000000003,0.8615651999999999,0.6670326,normalized_position_not_absolute_stoichiometry
0.005,0.47250000000000003,0.8382814999999999,0.65539075,normalized_position_not_absolute_stoichiometry
0.006,0.47250000000000003,0.8149978,0.6437489000000001,normalized_position_not_absolute_stoichiometry
0.007,0.47250000000000003,0.7917140999999999,0.6321070499999999,normalized_position_not_absolute_stoichiometry
0.008,0.47250000000000003,0.7684304,0.6204651999999999,normalized_position_not_absolute_stoichiometry
0.009000000000000001,0.47250000000000003,0.7451466999999998,0.60882335,normalized_position_not_absolute_stoichiometry
0.01,0.47250000000000003,0.7218629999999999,0.5971815,normalized_position_not_absolute_stoichiometry
0.011,0.47250000000000003,0.6985792999999998,0.5855396499999999,normalized_position_not_absolute_stoichiometry
0.012,0.47250000000000003,0.6752955999999999,0.5738977999999999,normalized_position_not_absolute_stoichiometry
0.013000000000000001,0.47250000000000003,0.6520118999999998,0.56225595,normalized_position_not_absolute_stoichiometry
0.014,0.47250000000000003,0.6287281999999998,0.5506141,normalized_position_not_absolute_stoichiometry
0.015,0.47250000000000003,0.6054444999999998,0.5389722499999999,normalized_position_not_absolute_stoichiometry
0.016,0.47250000000000003,0.5821607999999998,0.5273303999999999,normalized_position_not_absolute_stoichiometry
0.017,0.47250000000000003,0.5650232624999998,0.5187616312499999,normalized_position_not_absolute_stoichiometry
0.018000000000000002,0.47250000000000003,0.5518724249999998,0.5121862124999998,normalized_position_not_absolute_stoichiometry
0.019,0.47250000000000003,0.5387215874999998,0.5056107937499998,normalized_position_not_absolute_stoichiometry
0.02,0.47250000000000003,0.5255707499999998,0.4990353749999999,normalized_position_not_absolute_stoichiometry
0.021,0.47250000000000003,0.5124199124999997,0.4924599562499999,normalized_position_not_absolute_stoichiometry
0.022,0.47114415,0.4992690749999996,0.4852066124999998,normalized_position_not_absolute_stoichiometry
0.023,0.4665675374999999,0.4879872374999999,0.4772773874999999,normalized_position_not_absolute_stoichiometry
0.024,0.46101829999999994,0.48168939999999993,0.47135384999999996,normalized_position_not_absolute_stoichiometry
0.025,0.4554690624999999,0.4753915624999999,0.4654303124999999,normalized_position_not_absolute_stoichiometry
0.026000000000000002,0.44991982499999994,0.46909372499999996,0.4595067749999999,normalized_position_not_absolute_stoichiometry
0.027,0.4443705874999999,0.4627958874999999,0.4535832374999999,normalized_position_not_absolute_stoichiometry
0.028,0.4388213499999999,0.45649805,0.44765969999999994,normalized_position_not_absolute_stoichiometry
0.029,0.4332721124999999,0.4502002125,0.4417361624999999,normalized_position_not_absolute_stoichiometry
0.03,0.42772287499999995,0.44390237499999996,0.43581262499999995,normalized_position_not_absolute_stoichiometry
0.031,0.4221736374999999,0.43760453749999995,0.42988908749999993,normalized_position_not_absolute_stoichiometry
0.032,0.4166243999999999,0.4313067,0.4239655499999999,normalized_position_not_absolute_stoichiometry
0.033,0.4110751624999999,0.42500886250000003,0.41804201249999995,normalized_position_not_absolute_stoichiometry
0.034,0.4055259249999999,0.418711025,0.412118475,normalized_position_not_absolute_stoichiometry
0.035,0.3999766874999999,0.4124131875,0.4061949374999999,normalized_position_not_absolute_stoichiometry
0.036000000000000004,0.3944274499999999,0.40611535,0.40027139999999994,normalized_position_not_absolute_stoichiometry
0.037,0.38887821249999993,0.3998175125,0.3943478625,normalized_position_not_absolute_stoichiometry
0.038,0.3833289749999999,0.39351967500000007,0.388424325,normalized_position_not_absolute_stoichiometry
0.039,0.3777797374999999,0.38829386250000003,0.38303679999999996,normalized_position_not_absolute_stoichiometry
0.04,0.3722304999999999,0.38342800000000005,0.37782925,normalized_position_not_absolute_stoichiometry
0.041,0.3666812624999999,0.37856213750000056,0.3726217000000002,normalized_position_not_absolute_stoichiometry
0.042,0.36113202499999986,0.3736962750000006,0.3674141500000002,normalized_position_not_absolute_stoichiometry
0.043000000000000003,0.35558278749999983,0.3688304125000006,0.3622066000000002,normalized_position_not_absolute_stoichiometry
0.044,0.35100184999999995,0.3639645500000006,0.3574832000000003,normalized_position_not_absolute_stoichiometry
0.045,0.34674837499999994,0.3590986875000006,0.3529235312500003,normalized_position_not_absolute_stoichiometry
0.046,0.3432094499999999,0.35479442500000047,0.3490019375000002,normalized_position_not_absolute_stoichiometry
0.047,0.33967052499999995,0.3509581625000005,0.34531434375000025,normalized_position_not_absolute_stoichiometry
0.048,0.3361315999999999,0.3471219000000005,0.3416267500000002,normalized_position_not_absolute_stoichiometry
0.049,0.3325926749999999,0.3432856375000005,0.3379391562500002,normalized_position_not_absolute_stoichiometry
0.05,0.3290537499999999,0.3394493750000005,0.3342515625000002,normalized_position_not_absolute_stoichiometry
0.051000000000000004,0.3255148249999999,0.3356131125000005,0.33056396875000016,normalized_position_not_absolute_stoichiometry
0.052000000000000005,0.32197589999999987,0.3317768500000005,0.3268763750000002,normalized_position_not_absolute_stoichiometry
0.053,0.3184369749999999,0.32794058750000044,0.32318878125000017,normalized_position_not_absolute_stoichiometry
0.054,0.31489804999999993,0.32410432500000047,0.3195011875000002,normalized_position_not_absolute_stoichiometry
0.055,0.3113591249999999,0.3202680625000005,0.3158135937500002,normalized_position_not_absolute_stoichiometry
0.056,0.3078201999999999,0.3164318000000005,0.3121260000000002,normalized_position_not_absolute_stoichiometry
0.057,0.3042812749999999,0.31259553750000046,0.3084384062500002,normalized_position_not_absolute_stoichiometry
0.058,0.3007423499999999,0.30875927500000044,0.30475081250000013,normalized_position_not_absolute_stoichiometry
0.059000000000000004,0.29720342499999985,0.3049230125000005,0.3010632187500002,normalized_position_not_absolute_stoichiometry
0.06,0.2936644999999999,0.30108675000000046,0.29737562500000014,normalized_position_not_absolute_stoichiometry
0.061,0.29012557499999986,0.2978474750000004,0.2939865250000001,normalized_position_not_absolute_stoichiometry
0.062,0.28658664999999983,0.29468145000000034,0.2906340500000001,normalized_position_not_absolute_stoichiometry
0.063,0.28304772499999986,0.2915154250000004,0.2872815750000001,normalized_position_not_absolute_stoichiometry
0.064,0.2795087999999999,0.2883494000000003,0.2839291000000001,normalized_position_not_absolute_stoichiometry
0.065,0.2762499999999999,0.28518337500000035,0.2807166875000001,normalized_position_not_absolute_stoichiometry
0.066,0.27328999999999987,0.28201735000000033,0.2776536750000001,normalized_position_not_absolute_stoichiometry
0.067,0.27032999999999985,0.2788513250000003,0.2745906625000001,normalized_position_not_absolute_stoichiometry
0.068,0.2679182499999999,0.2756853000000003,0.27180177500000013,normalized_position_not_absolute_stoichiometry
0.069,0.2655288124999999,0.27309347500000025,0.2693111437500001,normalized_position_not_absolute_stoichiometry
0.07,0.26313937499999984,0.2706292500000002,0.2668843125,normalized_position_not_absolute_stoichiometry
0.07100000000000001,0.26074993749999986,0.26816502500000017,0.26445748125,normalized_position_not_absolute_stoichiometry
0.07200000000000001,0.2583604999999999,0.2657008000000002,0.26203065000000003,normalized_position_not_absolute_stoichiometry
0.073,0.2559710624999999,0.2632365750000002,0.25960381875000005,normalized_position_not_absolute_stoichiometry
0.074,0.2535816249999999,0.2607723500000002,0.25717698750000006,normalized_position_not_absolute_stoichiometry
0.075,0.2511921874999999,0.25830812500000017,0.25475015625,normalized_position_not_absolute_stoichiometry
0.076,0.2488027499999999,0.2558439000000001,0.252323325,normalized_position_not_absolute_stoichiometry
0.077,0.24641331249999987,0.25337967500000014,0.24989649375,normalized_position_not_absolute_stoichiometry
0.078,0.2440238749999999,0.25091545000000015,0.24746966250000002,normalized_position_not_absolute_stoichiometry
0.079,0.24163443749999988,0.2484512250000001,0.24504283124999998,normalized_position_not_absolute_stoichiometry
0.08,0.23924499999999987,0.24598700000000012,0.242616,normalized_position_not_absolute_stoichiometry
0.081,0.2368555624999999,0.2435227750000001,0.24018916875000001,normalized_position_not_absolute_stoichiometry
0.082,0.23446612499999986,0.2410918500000001,0.23777898749999998,normalized_position_not_absolute_stoichiometry
0.083,0.23207668749999988,0.2396432750000001,0.23585998125,normalized_position_not_absolute_stoichiometry
0.084,0.22968724999999987,0.2381947000000001,0.233940975,normalized_position_not_absolute_stoichiometry
0.085,0.22729781249999986,0.23674612500000008,0.23202196874999997,normalized_position_not_absolute_stoichiometry
0.08600000000000001,0.22490837499999988,0.23529755000000008,0.23010296249999998,normalized_position_not_absolute_stoichiometry
0.08700000000000001,0.2234721624999999,0.23384897500000007,0.22866056875,normalized_position_not_absolute_stoichiometry
0.088,0.22205689999999995,0.23240040000000006,0.22722865,normalized_position_not_absolute_stoichiometry
0.089,0.22064163749999993,0.23095182500000008,0.22579673125,normalized_position_not_absolute_stoichiometry
0.09,0.21980249999999996,0.22950325000000008,0.22465287500000003,normalized_position_not_absolute_stoichiometry
0.091,0.21932474999999998,0.22813707500000002,0.2237309125,normalized_position_not_absolute_stoichiometry
0.092,0.21884699999999996,0.22759490000000002,0.22322094999999997,normalized_position_not_absolute_stoichiometry
0.093,0.21836924999999996,0.227052725,0.22271098749999999,normalized_position_not_absolute_stoichiometry
0.094,0.21789149999999996,0.22651055000000003,0.222201025,normalized_position_not_absolute_stoichiometry
0.095,0.21741374999999996,0.225968375,0.22169106249999998,normalized_position_not_absolute_stoichiometry
0.096,0.21693599999999996,0.22542620000000002,0.2211811,normalized_position_not_absolute_stoichiometry
0.097,0.21645824999999996,0.22488402500000002,0.2206711375,normalized_position_not_absolute_stoichiometry
0.098,0.21598049999999996,0.22434185,0.220161175,normalized_position_not_absolute_stoichiometry
0.099,0.21550274999999997,0.22379967500000003,0.2196512125,normalized_position_not_absolute_stoichiometry
0.1,0.21502499999999997,0.2232575,0.21914124999999998,normalized_position_not_absolute_stoichiometry
0.101,0.21454724999999997,0.22271532500000002,0.2186312875,normalized_position_not_absolute_stoichiometry
0.10200000000000001,0.21406949999999997,0.22217315,0.21812132499999998,normalized_position_not_absolute_stoichiometry
0.10300000000000001,0.21359174999999997,0.221630975,0.2176113625,normalized_position_not_absolute_stoichiometry
0.10400000000000001,0.21311399999999997,0.2211448,0.21712939999999997,normalized_position_not_absolute_stoichiometry
0.105,0.21263624999999997,0.22092287500000002,0.2167795625,normalized_position_not_absolute_stoichiometry
0.106,0.21215849999999997,0.22070095,0.216429725,normalized_position_not_absolute_stoichiometry
0.107,0.21168074999999997,0.220479025,0.21607988749999998,normalized_position_not_absolute_stoichiometry
0.108,0.21128439999999998,0.22025709999999998,0.21577074999999998,normalized_position_not_absolute_stoichiometry
0.109,0.21097869999999996,0.22003517500000003,0.2155069375,normalized_position_not_absolute_stoichiometry
0.11,0.210673,0.21981325000000002,0.215243125,normalized_position_not_absolute_stoichiometry
0.111,0.21036729999999998,0.219591325,0.2149793125,normalized_position_not_absolute_stoichiometry
0.112,0.21012340000000002,0.2193694,0.2147464,normalized_position_not_absolute_stoichiometry
0.113,0.2100481625,0.219147475,0.21459781875,normalized_position_not_absolute_stoichiometry
0.114,0.209972925,0.21897355000000002,0.21447323750000002,normalized_position_not_absolute_stoichiometry
0.115,0.20989768749999999,0.218883625,0.21439065624999998,normalized_position_not_absolute_stoichiometry
0.116,0.20982245,0.21879369999999998,0.214308075,normalized_position_not_absolute_stoichiometry
0.117,0.2097472125,0.218703775,0.21422549375,normalized_position_not_absolute_stoichiometry
0.11800000000000001,0.209671975,0.21861385,0.2141429125,normalized_position_not_absolute_stoichiometry
0.11900000000000001,0.2095967375,0.218523925,0.21406033125,normalized_position_not_absolute_stoichiometry
0.12,0.2095215,0.21843400000000002,0.21397775000000002,normalized_position_not_absolute_stoichiometry
0.121,0.2094462625,0.218344075,0.21389516875,normalized_position_not_absolute_stoichiometry
0.122,0.209371025,0.21825414999999998,0.21381258749999998,normalized_position_not_absolute_stoichiometry
0.123,0.2092957875,0.218164225,0.21373000625,normalized_position_not_absolute_stoichiometry
0.124,0.20922055,0.2180743,0.213647425,normalized_position_not_absolute_stoichiometry
0.125,0.2091453125,0.217984375,0.21356484375,normalized_position_not_absolute_stoichiometry
0.126,0.209070075,0.2179017,0.2134858875,normalized_position_not_absolute_stoichiometry
0.127,0.2089948375,0.21783465000000002,0.21341474375000002,normalized_position_not_absolute_stoichiometry
0.128,0.20891959999999998,0.2177676,0.2133436,normalized_position_not_absolute_stoichiometry
0.129,0.2088443625,0.21770055,0.21327245625,normalized_position_not_absolute_stoichiometry
0.13,0.208753375,0.2176335,0.2131934375,normalized_position_not_absolute_stoichiometry
0.131,0.20866186250000002,0.21756645,0.21311415625000002,normalized_position_not_absolute_stoichiometry
0.132,0.20857035000000002,0.2174994,0.213034875,normalized_position_not_absolute_stoichiometry
0.133,0.20847883749999999,0.21743235,0.21295559375,normalized_position_not_absolute_stoichiometry
0.134,0.208387325,0.21736529999999998,0.2128763125,normalized_position_not_absolute_stoichiometry
0.135,0.2082855,0.21729825,0.21279187500000002,normalized_position_not_absolute_stoichiometry
0.136,0.2081828,0.2172312,0.212707,normalized_position_not_absolute_stoichiometry
0.137,0.2080801,0.21717395,0.212627025,normalized_position_not_absolute_stoichiometry
0.138,0.20797739999999998,0.2171223,0.21254984999999998,normalized_position_not_absolute_stoichiometry
0.139,0.2078747,0.21707064999999998,0.212472675,normalized_position_not_absolute_stoichiometry
0.14,0.207772,0.217019,0.21239550000000001,normalized_position_not_absolute_stoichiometry
0.14100000000000001,0.2076693,0.21696735,0.212318325,normalized_position_not_absolute_stoichiometry
0.14200000000000002,0.2075666,0.2169157,0.21224115,normalized_position_not_absolute_stoichiometry
0.14300000000000002,0.20746389999999998,0.21686405,0.212163975,normalized_position_not_absolute_stoichiometry
0.14400000000000002,0.2073612,0.21681240000000002,0.21208680000000002,normalized_position_not_absolute_stoichiometry
0.145,0.2072585,0.21676075,0.212009625,normalized_position_not_absolute_stoichiometry
0.146,0.2071558,0.2167091,0.21193245,normalized_position_not_absolute_stoichiometry
0.147,0.2070531,0.21665744999999997,0.21185527499999998,normalized_position_not_absolute_stoichiometry
0.148,0.2069504,0.2166079,0.21177915,normalized_position_not_absolute_stoichiometry
0.149,0.2068477,0.21656082499999998,0.2117042625,normalized_position_not_absolute_stoichiometry
0.15,0.206745,0.21651375,0.211629375,normalized_position_not_absolute_stoichiometry
0.151,0.206624025,0.216466675,0.21154535,normalized_position_not_absolute_stoichiometry
0.152,0.2064818,0.2164196,0.2114507,normalized_position_not_absolute_stoichiometry
0.153,0.206339575,0.21637252499999998,0.21135605,normalized_position_not_absolute_stoichiometry
0.154,0.20619735,0.21632544999999997,0.2112614,normalized_position_not_absolute_stoichiometry
0.155,0.206055125,0.216278375,0.21116675000000001,normalized_position_not_absolute_stoichiometry
0.156,0.2059129,0.2162313,0.21107209999999998,normalized_position_not_absolute_stoichiometry
0.157,0.20574878749999997,0.216184225,0.21096650625,normalized_position_not_absolute_stoichiometry
0.158,0.205568525,0.21613715,0.2108528375,normalized_position_not_absolute_stoichiometry
0.159,0.20538826249999997,0.216090075,0.21073916874999998,normalized_position_not_absolute_stoichiometry
0.16,0.205208,0.21603699999999998,0.2106225,normalized_position_not_absolute_stoichiometry
0.161,0.20502773749999997,0.215983325,0.21050553125,normalized_position_not_absolute_stoichiometry
0.162,0.204847475,0.21592965,0.2103885625,normalized_position_not_absolute_stoichiometry
0.163,0.20466721249999997,0.215875975,0.21027159374999999,normalized_position_not_absolute_stoichiometry
0.164,0.20448694999999997,0.21582230000000002,0.21015462499999998,normalized_position_not_absolute_stoichiometry
0.165,0.20430668749999997,0.215768625,0.21003765624999998,normalized_position_not_absolute_stoichiometry
0.166,0.204126425,0.21571495000000002,0.2099206875,normalized_position_not_absolute_stoichiometry
0.167,0.20394616249999997,0.21566127499999999,0.20980371874999998,normalized_position_not_absolute_stoichiometry
0.168,0.2037659,0.2156076,0.20968675,normalized_position_not_absolute_stoichiometry
0.169,0.20358563749999997,0.215553925,0.20956978124999998,normalized_position_not_absolute_stoichiometry
0.17,0.203405375,0.21546862500000002,0.209437,normalized_position_not_absolute_stoichiometry
0.171,0.20322511249999997,0.21536233750000003,0.20929372499999999,normalized_position_not_absolute_stoichiometry
0.17200000000000001,0.20304485,0.21525605000000003,0.20915045000000002,normalized_position_not_absolute_stoichiometry
0.17300000000000001,0.20279561249999997,0.2151497625,0.20897268749999998,normalized_position_not_absolute_stoichiometry
0.17400000000000002,0.20254327499999997,0.215043475,0.208793375,normalized_position_not_absolute_stoichiometry
0.17500000000000002,0.2022909375,0.21493718750000002,0.2086140625,normalized_position_not_absolute_stoichiometry
0.176,0.20203859999999998,0.21483090000000002,0.20843475,normalized_position_not_absolute_stoichiometry
0.177,0.20178626249999998,0.21472461250000002,0.2082554375,normalized_position_not_absolute_stoichiometry
0.178,0.201533925,0.21461832500000003,0.208076125,normalized_position_not_absolute_stoichiometry
0.179,0.2012651875,0.21451203750000003,0.20788861250000001,normalized_position_not_absolute_stoichiometry
0.18,0.20094125,0.21440575,0.2076735,normalized_position_not_absolute_stoichiometry
0.181,0.20061731249999998,0.2142994625,0.2074583875,normalized_position_not_absolute_stoichiometry
0.182,0.200293375,0.21417117500000005,0.20723227500000002,normalized_position_not_absolute_stoichiometry
0.183,0.19996943749999999,0.21394388750000004,0.2069566625,normalized_position_not_absolute_stoichiometry
0.184,0.19964549999999998,0.21371660000000003,0.20668105,normalized_position_not_absolute_stoichiometry
0.185,0.1993215625,0.21348931250000003,0.2064054375,normalized_position_not_absolute_stoichiometry
0.186,0.19899762499999998,0.21326202500000002,0.206129825,normalized_position_not_absolute_stoichiometry
0.187,0.19867368749999997,0.21303473750000002,0.2058542125,normalized_position_not_absolute_stoichiometry
0.188,0.19834975,0.21280745000000004,0.2055786,normalized_position_not_absolute_stoichiometry
0.189,0.19802581249999998,0.2125801625,0.20530298749999998,normalized_position_not_absolute_stoichiometry
0.19,0.19770187499999997,0.21235287500000002,0.205027375,normalized_position_not_absolute_stoichiometry
0.191,0.1973779375,0.21212558750000002,0.2047517625,normalized_position_not_absolute_stoichiometry
0.192,0.19705399999999998,0.21175890000000006,0.20440645000000002,normalized_position_not_absolute_stoichiometry
0.193,0.19673006249999997,0.21134403750000005,0.20403705,normalized_position_not_absolute_stoichiometry
0.194,0.19637567499999997,0.21092917500000005,0.20365242500000003,normalized_position_not_absolute_stoichiometry
0.195,0.19598431249999998,0.21051431250000005,0.2032493125,normalized_position_not_absolute_stoichiometry
0.196,0.19559294999999996,0.21009945000000005,0.2028462,normalized_position_not_absolute_stoichiometry
0.197,0.19520158749999997,0.20968458750000007,0.2024430875,normalized_position_not_absolute_stoichiometry
0.198,0.19481022499999995,0.20926972500000007,0.202039975,normalized_position_not_absolute_stoichiometry
0.199,0.19441886249999996,0.20885486250000007,0.2016368625,normalized_position_not_absolute_stoichiometry
0.2,0.19402749999999996,0.20844000000000007,0.20123375000000002,normalized_position_not_absolute_stoichiometry
0.201,0.19363613749999997,0.20802513750000007,0.20083063750000002,normalized_position_not_absolute_stoichiometry
0.202,0.19318157499999994,0.20761027500000007,0.200395925,normalized_position_not_absolute_stoichiometry
0.203,0.19271861249999994,0.20719541250000006,0.1999570125,normalized_position_not_absolute_stoichiometry
0.20400000000000001,0.19225564999999994,0.20678055000000006,0.1995181,normalized_position_not_absolute_stoichiometry
0.20500000000000002,0.19179268749999995,0.20631568750000007,0.1990541875,normalized_position_not_absolute_stoichiometry
0.20600000000000002,0.19132972499999995,0.20579082500000007,0.198560275,normalized_position_not_absolute_stoichiometry
0.20700000000000002,0.19086676249999995,0.20526596250000007,0.1980663625,normalized_position_not_absolute_stoichiometry
0.20800000000000002,0.19040379999999996,0.20474110000000006,0.19757245,normalized_position_not_absolute_stoichiometry
0.209,0.18994083749999996,0.20421623750000006,0.1970785375,normalized_position_not_absolute_stoichiometry
0.21,0.18947787499999996,0.20369137500000006,0.196584625,normalized_position_not_absolute_stoichiometry
0.211,0.18901491249999997,0.20316651250000006,0.19609071250000001,normalized_position_not_absolute_stoichiometry
0.212,0.18855194999999997,0.20264165000000006,0.19559680000000002,normalized_position_not_absolute_stoichiometry
0.213,0.18808898749999997,0.20211678750000006,0.19510288750000002,normalized_position_not_absolute_stoichiometry
0.214,0.18762602499999995,0.20163850000000005,0.1946322625,normalized_position_not_absolute_stoichiometry
0.215,0.18716306249999995,0.20116625000000005,0.19416465625,normalized_position_not_absolute_stoichiometry
0.216,0.18669349999999996,0.20069400000000004,0.19369375,normalized_position_not_absolute_stoichiometry
0.217,0.18622356249999994,0.20022175000000006,0.19322265625,normalized_position_not_absolute_stoichiometry
0.218,0.18575362499999995,0.19974950000000005,0.1927515625,normalized_position_not_absolute_stoichiometry
0.219,0.18528368749999996,0.19927725000000007,0.19228046875000002,normalized_position_not_absolute_stoichiometry
0.22,0.18481374999999994,0.19880500000000006,0.191809375,normalized_position_not_absolute_stoichiometry
0.221,0.18434381249999993,0.19833275000000006,0.19133828125,normalized_position_not_absolute_stoichiometry
0.222,0.18387387499999994,0.19786050000000005,0.19086718749999998,normalized_position_not_absolute_stoichiometry
0.223,0.18340393749999995,0.19738825000000004,0.19039609375,normalized_position_not_absolute_stoichiometry
0.224,0.18293159999999994,0.19691600000000004,0.18992379999999998,normalized_position_not_absolute_stoichiometry
0.225,0.18245718749999995,0.19644375000000006,0.18945046875,normalized_position_not_absolute_stoichiometry
0.226,0.18198277499999993,0.19597150000000005,0.1889771375,normalized_position_not_absolute_stoichiometry
0.227,0.18150836249999994,0.19549925000000007,0.18850380625000002,normalized_position_not_absolute_stoichiometry
0.228,0.18103394999999994,0.19509100000000004,0.188062475,normalized_position_not_absolute_stoichiometry
0.229,0.18055953749999992,0.19470675000000004,0.18763314374999998,normalized_position_not_absolute_stoichiometry
0.23,0.18008512499999993,0.19432250000000004,0.18720381249999998,normalized_position_not_absolute_stoichiometry
0.231,0.17961071249999994,0.19393825000000003,0.18677448124999999,normalized_position_not_absolute_stoichiometry
0.232,0.17913629999999992,0.19355400000000003,0.18634514999999996,normalized_position_not_absolute_stoichiometry
0.233,0.17866188749999992,0.19316975000000003,0.18591581874999996,normalized_position_not_absolute_stoichiometry
0.234,0.17818747499999993,0.19278550000000005,0.1854864875,normalized_position_not_absolute_stoichiometry
0.23500000000000001,0.1777130624999999,0.19240225000000002,0.18505765624999998,normalized_position_not_absolute_stoichiometry
0.23600000000000002,0.17723864999999994,0.19205460000000002,0.18464662499999998,normalized_position_not_absolute_stoichiometry
0.23700000000000002,0.17677141249999992,0.19170695000000004,0.18423918125,normalized_position_not_absolute_stoichiometry
0.23800000000000002,0.17631327499999994,0.1913593,0.18383628749999997,normalized_position_not_absolute_stoichiometry
0.23900000000000002,0.17585513749999993,0.19101165000000003,0.18343339374999998,normalized_position_not_absolute_stoichiometry
0.24,0.17539699999999991,0.19066400000000003,0.18303049999999998,normalized_position_not_absolute_stoichiometry
0.241,0.17493886249999993,0.19031635000000002,0.18262760624999996,normalized_position_not_absolute_stoichiometry
0.242,0.17448072499999995,0.18996870000000002,0.1822247125,normalized_position_not_absolute_stoichiometry
0.243,0.17402258749999994,0.18962105,0.18182181874999997,normalized_position_not_absolute_stoichiometry
0.244,0.17356444999999993,0.18927340000000004,0.18141892499999998,normalized_position_not_absolute_stoichiometry
0.245,0.17310631249999991,0.18892575000000003,0.18101603125,normalized_position_not_absolute_stoichiometry
0.246,0.17265157499999995,0.18857810000000003,0.1806148375,normalized_position_not_absolute_stoichiometry
0.247,0.17221133749999992,0.18823045000000002,0.18022089374999997,normalized_position_not_absolute_stoichiometry
0.248,0.17177109999999995,0.18788280000000002,0.17982694999999999,normalized_position_not_absolute_stoichiometry
0.249,0.17133086249999993,0.18753515000000004,0.17943300624999997,normalized_position_not_absolute_stoichiometry
0.25,0.17089062499999993,0.1871875,0.17903906249999996,normalized_position_not_absolute_stoichiometry
0.251,0.1704503874999999,0.18682665000000004,0.17863851874999997,normalized_position_not_absolute_stoichiometry
0.252,0.17001014999999992,0.18646580000000001,0.17823797499999997,normalized_position_not_absolute_stoichiometry
0.253,0.16956991249999992,0.18610495000000005,0.17783743124999998,normalized_position_not_absolute_stoichiometry
0.254,0.16912967499999992,0.18574410000000002,0.17743688749999997,normalized_position_not_absolute_stoichiometry
0.255,0.16868943749999993,0.18538325000000003,0.17703634375,normalized_position_not_absolute_stoichiometry
0.256,0.16824919999999993,0.18502240000000003,0.17663579999999998,normalized_position_not_absolute_stoichiometry
0.257,0.16780896249999994,0.18465651250000004,0.1762327375,normalized_position_not_absolute_stoichiometry
0.258,0.16736872499999994,0.18426592500000002,0.17581732499999997,normalized_position_not_absolute_stoichiometry
0.259,0.16694806249999994,0.1838753375,0.17541169999999998,normalized_position_not_absolute_stoichiometry
0.26,0.16652874999999992,0.18348475000000003,0.17500675,normalized_position_not_absolute_stoichiometry
0.261,0.16610943749999993,0.18309416250000002,0.17460179999999997,normalized_position_not_absolute_stoichiometry
0.262,0.1656901249999999,0.18270357500000003,0.17419684999999996,normalized_position_not_absolute_stoichiometry
0.263,0.16527081249999992,0.18231298750000002,0.17379189999999997,normalized_position_not_absolute_stoichiometry
0.264,0.16485149999999993,0.18192240000000004,0.17338694999999998,normalized_position_not_absolute_stoichiometry
0.265,0.16443218749999994,0.18153181250000003,0.17298199999999997,normalized_position_not_absolute_stoichiometry
0.266,0.16401287499999992,0.18114122500000002,0.17257704999999995,normalized_position_not_absolute_stoichiometry
0.267,0.1635935624999999,0.18075063750000003,0.17217209999999997,normalized_position_not_absolute_stoichiometry
0.268,0.1631742499999999,0.18036005000000002,0.17176714999999998,normalized_position_not_absolute_stoichiometry
0.269,0.16277381249999992,0.1799694625,0.17137163749999995,normalized_position_not_absolute_stoichiometry
0.27,0.16237687499999992,0.17957887500000003,0.17097787499999997,normalized_position_not_absolute_stoichiometry
0.271,0.16197993749999992,0.17918828750000004,0.1705841125,normalized_position_not_absolute_stoichiometry
0.272,0.16158299999999992,0.1787977,0.17019034999999996,normalized_position_not_absolute_stoichiometry
0.273,0.16118606249999992,0.17840771250000004,0.1697968875,normalized_position_not_absolute_stoichiometry
0.274,0.16078912499999992,0.178019325,0.16940422499999996,normalized_position_not_absolute_stoichiometry
0.275,0.16039218749999992,0.17763093750000003,0.1690115625,normalized_position_not_absolute_stoichiometry
0.276,0.15999524999999992,0.17724255000000003,0.16861889999999996,normalized_position_not_absolute_stoichiometry
0.277,0.15959831249999992,0.17685416250000002,0.1682262375,normalized_position_not_absolute_stoichiometry
0.278,0.15920137499999992,0.17646577500000002,0.16783357499999996,normalized_position_not_absolute_stoichiometry
0.279,0.1588044374999999,0.176090925,0.16744768124999995,normalized_position_not_absolute_stoichiometry
0.28,0.15842949999999992,0.175746,0.16708774999999998,normalized_position_not_absolute_stoichiometry
0.281,0.15808371249999992,0.17540107500000002,0.16674239374999997,normalized_position_not_absolute_stoichiometry
0.28200000000000003,0.15773792499999995,0.17505615000000002,0.16639703749999998,normalized_position_not_absolute_stoichiometry
0.28300000000000003,0.15739213749999992,0.17471122500000003,0.16605168124999997,normalized_position_not_absolute_stoichiometry
0.28400000000000003,0.15704634999999992,0.17436630000000003,0.165706325,normalized_position_not_absolute_stoichiometry
0.28500000000000003,0.15670056249999992,0.17402137500000003,0.16536096874999998,normalized_position_not_absolute_stoichiometry
0.28600000000000003,0.15635477499999992,0.17367645000000004,0.16501561249999996,normalized_position_not_absolute_stoichiometry
0.28700000000000003,0.15600898749999992,0.17333152500000001,0.16467025624999998,normalized_position_not_absolute_stoichiometry
0.28800000000000003,0.15566319999999992,0.17298660000000002,0.16432489999999997,normalized_position_not_absolute_stoichiometry
0.289,0.15531741249999992,0.17264167500000002,0.16397954374999996,normalized_position_not_absolute_stoichiometry
0.29,0.15497162499999995,0.17229675000000003,0.16363418749999997,normalized_position_not_absolute_stoichiometry
0.291,0.15465031249999994,0.171951825,0.16330106874999997,normalized_position_not_absolute_stoichiometry
0.292,0.15435374999999996,0.1716069,0.16298032499999998,normalized_position_not_absolute_stoichiometry
0.293,0.15405718749999994,0.171261975,0.16265958124999996,normalized_position_not_absolute_stoichiometry
0.294,0.15376062499999993,0.17091705000000001,0.16233883749999997,normalized_position_not_absolute_stoichiometry
0.295,0.15346406249999994,0.17057212500000002,0.16201809374999998,normalized_position_not_absolute_stoichiometry
0.296,0.15316749999999996,0.17025840000000003,0.16171295,normalized_position_not_absolute_stoichiometry
0.297,0.15287093749999994,0.16997067500000004,0.16142080625,normalized_position_not_absolute_stoichiometry
0.298,0.15257437499999993,0.16968295000000005,0.1611286625,normalized_position_not_absolute_stoichiometry
0.299,0.15227781249999994,0.16939522500000004,0.16083651875,normalized_position_not_absolute_stoichiometry
0.3,0.15198124999999996,0.16910750000000005,0.16054437500000002,normalized_position_not_absolute_stoichiometry
0.301,0.15168468749999994,0.16884156250000004,0.160263125,normalized_position_not_absolute_stoichiometry
0.302,0.15138812499999993,0.16860187500000004,0.159995,normalized_position_not_absolute_stoichiometry
0.303,0.15109156249999994,0.16836218750000004,0.159726875,normalized_position_not_absolute_stoichiometry
0.304,0.15079499999999996,0.16812250000000006,0.15945875,normalized_position_not_absolute_stoichiometry
0.305,0.15049843749999994,0.16788281250000003,0.15919062499999997,normalized_position_not_absolute_stoichiometry
0.306,0.15020187499999993,0.16764312500000006,0.1589225,normalized_position_not_absolute_stoichiometry
0.307,0.14990531249999994,0.16740343750000003,0.158654375,normalized_position_not_absolute_stoichiometry
0.308,0.14960874999999996,0.16716375000000006,0.15838625,normalized_position_not_absolute_stoichiometry
0.309,0.14931218749999992,0.16692406250000003,0.15811812499999997,normalized_position_not_absolute_stoichiometry
0.31,0.14901562499999993,0.16668437500000005,0.15785,normalized_position_not_absolute_stoichiometry
0.311,0.14871906249999994,0.16644468750000005,0.15758187499999998,normalized_position_not_absolute_stoichiometry
0.312,0.14842249999999996,0.16620500000000005,0.15731375,normalized_position_not_absolute_stoichiometry
0.313,0.14812526249999994,0.16596531250000007,0.15704528750000002,normalized_position_not_absolute_stoichiometry
0.314,0.14782422499999992,0.16572562500000004,0.15677492499999998,normalized_position_not_absolute_stoichiometry
0.315,0.14752318749999993,0.16548593750000007,0.1565045625,normalized_position_not_absolute_stoichiometry
0.316,0.14722214999999994,0.16524625000000004,0.1562342,normalized_position_not_absolute_stoichiometry
0.317,0.14692111249999995,0.16500656250000006,0.1559638375,normalized_position_not_absolute_stoichiometry
0.318,0.14662007499999996,0.16476687500000003,0.155693475,normalized_position_not_absolute_stoichiometry
0.319,0.14631903749999994,0.16454698750000005,0.1554330125,normalized_position_not_absolute_stoichiometry
0.32,0.14601799999999993,0.16433150000000005,0.15517474999999997,normalized_position_not_absolute_stoichiometry
0.321,0.14571696249999994,0.16411601250000005,0.15491648749999998,normalized_position_not_absolute_stoichiometry
0.322,0.14541592499999995,0.16390052500000007,0.154658225,normalized_position_not_absolute_stoichiometry
0.323,0.14510611249999994,0.16369048750000004,0.1543983,normalized_position_not_absolute_stoichiometry
0.324,0.14478414999999994,0.16348415000000005,0.15413415,normalized_position_not_absolute_stoichiometry
0.325,0.14446218749999995,0.16327781250000004,0.15387,normalized_position_not_absolute_stoichiometry
0.326,0.14414022499999996,0.16307147500000002,0.15360585,normalized_position_not_absolute_stoichiometry
0.327,0.14381826249999993,0.16286513750000003,0.15334169999999997,normalized_position_not_absolute_stoichiometry
0.328,0.1434962999999999,0.16265880000000005,0.15307754999999998,normalized_position_not_absolute_stoichiometry
0.329,0.14317433749999994,0.16245246250000006,0.1528134,normalized_position_not_absolute_stoichiometry
0.33,0.14285237499999992,0.16224612500000002,0.15254924999999997,normalized_position_not_absolute_stoichiometry
0.331,0.14253041249999993,0.16203978750000003,0.15228509999999998,normalized_position_not_absolute_stoichiometry
0.332,0.14220844999999993,0.16183345000000005,0.15202095,normalized_position_not_absolute_stoichiometry
0.333,0.14188648749999994,0.16162711250000006,0.1517568,normalized_position_not_absolute_stoichiometry
0.334,0.14156452499999994,0.16142077500000004,0.15149265,normalized_position_not_absolute_stoichiometry
0.335,0.14124256249999995,0.16121443750000003,0.1512285,normalized_position_not_absolute_stoichiometry
0.336,0.14090979999999992,0.16100810000000004,0.15095894999999998,normalized_position_not_absolute_stoichiometry
0.337,0.1405744124999999,0.16080176250000006,0.15068808749999998,normalized_position_not_absolute_stoichiometry
0.338,0.14023902499999993,0.16059542500000004,0.150417225,normalized_position_not_absolute_stoichiometry
0.339,0.13990363749999993,0.16038908750000003,0.15014636249999996,normalized_position_not_absolute_stoichiometry
0.34,0.13956824999999995,0.16018275000000004,0.1498755,normalized_position_not_absolute_stoichiometry
0.341,0.13923286249999994,0.15997641250000005,0.1496046375,normalized_position_not_absolute_stoichiometry
0.342,0.13889747499999994,0.15977007500000004,0.149333775,normalized_position_not_absolute_stoichiometry
0.343,0.13856208749999993,0.15956373750000002,0.14906291249999998,normalized_position_not_absolute_stoichiometry
0.34400000000000003,0.13822669999999992,0.15935740000000004,0.14879204999999998,normalized_position_not_absolute_stoichiometry
0.34500000000000003,0.13794443749999993,0.15914262500000004,0.14854353124999997,normalized_position_not_absolute_stoichiometry
0.34600000000000003,0.13766717499999992,0.15892485000000003,0.14829601249999996,normalized_position_not_absolute_stoichiometry
0.34700000000000003,0.13738991249999993,0.15870707500000003,0.14804849374999998,normalized_position_not_absolute_stoichiometry
0.34800000000000003,0.13711264999999995,0.15848930000000006,0.147800975,normalized_position_not_absolute_stoichiometry
0.34900000000000003,0.13683538749999993,0.15827152500000002,0.14755345625,normalized_position_not_absolute_stoichiometry
0.35000000000000003,0.13655812499999992,0.15805375000000005,0.14730593749999998,normalized_position_not_absolute_stoichiometry
0.35100000000000003,0.13628086249999993,0.15783597500000002,0.14705841874999998,normalized_position_not_absolute_stoichiometry
0.352,0.13600359999999995,0.15761820000000004,0.1468109,normalized_position_not_absolute_stoichiometry
0.353,0.13572633749999996,0.15740042500000004,0.14656338125,normalized_position_not_absolute_stoichiometry
0.354,0.13544907499999997,0.15718265000000003,0.1463158625,normalized_position_not_absolute_stoichiometry
0.355,0.13517181249999996,0.15696487500000003,0.14606834375,normalized_position_not_absolute_stoichiometry
0.356,0.13489454999999995,0.15674710000000003,0.145820825,normalized_position_not_absolute_stoichiometry
0.357,0.13461728749999996,0.15652932500000005,0.14557330625,normalized_position_not_absolute_stoichiometry
0.358,0.134366675,0.15631155000000002,0.1453391125,normalized_position_not_absolute_stoichiometry
0.359,0.13414758749999997,0.15609377500000005,0.14512068125,normalized_position_not_absolute_stoichiometry
0.36,0.13392849999999995,0.15587600000000004,0.14490225,normalized_position_not_absolute_stoichiometry
0.361,0.13370941249999996,0.15565822500000004,0.14468381875,normalized_position_not_absolute_stoichiometry
0.362,0.13349032499999997,0.15544045000000004,0.1444653875,normalized_position_not_absolute_stoichiometry
0.363,0.13327123749999997,0.15522267500000003,0.14424695625,normalized_position_not_absolute_stoichiometry
0.364,0.13305214999999998,0.15500410000000003,0.144028125,normalized_position_not_absolute_stoichiometry
0.365,0.13283306249999996,0.15478412500000005,0.14380859375,normalized_position_not_absolute_stoichiometry
0.366,0.13264057499999998,0.15456415000000004,0.14360236250000002,normalized_position_not_absolute_stoichiometry
0.367,0.13248658749999997,0.15435021250000003,0.1434184,normalized_position_not_absolute_stoichiometry
0.368,0.13233259999999997,0.15413710000000003,0.14323485,normalized_position_not_absolute_stoichiometry
0.369,0.13217861249999996,0.15392398750000003,0.1430513,normalized_position_not_absolute_stoichiometry
0.37,0.13202462499999998,0.15371087500000002,0.14286775000000002,normalized_position_not_absolute_stoichiometry
0.371,0.1318706375,0.15349776250000002,0.1426842,normalized_position_not_absolute_stoichiometry
0.372,0.13171665,0.15328465000000002,0.14250065,normalized_position_not_absolute_stoichiometry
0.373,0.13156266249999998,0.15307153750000002,0.1423171,normalized_position_not_absolute_stoichiometry
0.374,0.13140867499999997,0.15285842500000002,0.14213355,normalized_position_not_absolute_stoichiometry
0.375,0.13125468749999997,0.15264531250000002,0.14195,normalized_position_not_absolute_stoichiometry
0.376,0.13110069999999996,0.15243220000000002,0.14176645,normalized_position_not_absolute_stoichiometry
0.377,0.13094671249999998,0.15221908750000002,0.1415829,normalized_position_not_absolute_stoichiometry
0.378,0.13079272499999997,0.15200597500000002,0.14139934999999998,normalized_position_not_absolute_stoichiometry
0.379,0.1306387375,0.15179286250000004,0.1412158,normalized_position_not_absolute_stoichiometry
0.38,0.13049124999999998,0.15157975,0.14103549999999998,normalized_position_not_absolute_stoichiometry
0.381,0.1303954375,0.1513666375,0.1408810375,normalized_position_not_absolute_stoichiometry
0.382,0.13029962499999997,0.151153525,0.140726575,normalized_position_not_absolute_stoichiometry
0.383,0.1302038125,0.1509404125,0.1405721125,normalized_position_not_absolute_stoichiometry
0.384,0.130108,0.15072730000000004,0.14041765,normalized_position_not_absolute_stoichiometry
0.385,0.1300121875,0.1505141875,0.1402631875,normalized_position_not_absolute_stoichiometry
0.386,0.12991637499999997,0.150301075,0.140108725,normalized_position_not_absolute_stoichiometry
0.387,0.1298205625,0.1500935625,0.1399570625,normalized_position_not_absolute_stoichiometry
0.388,0.12972684999999998,0.1498896,0.139808225,normalized_position_not_absolute_stoichiometry
0.389,0.1296333625,0.1497013,0.13966733125,normalized_position_not_absolute_stoichiometry
0.39,0.12953987499999997,0.149513,0.1395264375,normalized_position_not_absolute_stoichiometry
0.391,0.12944638749999998,0.14932470000000003,0.13938554375,normalized_position_not_absolute_stoichiometry
0.392,0.1293529,0.1491364,0.13924465,normalized_position_not_absolute_stoichiometry
0.393,0.1292594125,0.14894810000000003,0.13910375625000002,normalized_position_not_absolute_stoichiometry
0.394,0.12916592500000001,0.1487598,0.1389628625,normalized_position_not_absolute_stoichiometry
0.395,0.12907243749999997,0.14857150000000002,0.13882196875,normalized_position_not_absolute_stoichiometry
0.396,0.12897894999999998,0.1483832,0.138681075,normalized_position_not_absolute_stoichiometry
0.397,0.1288854625,0.14819490000000002,0.13854018125,normalized_position_not_absolute_stoichiometry
0.398,0.128791975,0.14800660000000004,0.13839928750000002,normalized_position_not_absolute_stoichiometry
0.399,0.1286984875,0.1478183,0.13825839374999999,normalized_position_not_absolute_stoichiometry
0.4,0.128605,0.14763000000000004,0.1381175,normalized_position_not_absolute_stoichiometry
0.401,0.12851151249999998,0.1474417,0.13797660625,normalized_position_not_absolute_stoichiometry
0.402,0.128418025,0.14725340000000003,0.1378357125,normalized_position_not_absolute_stoichiometry
0.403,0.12832624999999998,0.1470651,0.137695675,normalized_position_not_absolute_stoichiometry
0.404,0.128235,0.14687680000000003,0.1375559,normalized_position_not_absolute_stoichiometry
0.405,0.12814375,0.14668850000000003,0.137416125,normalized_position_not_absolute_stoichiometry
0.406,0.1280525,0.14650020000000002,0.13727635000000002,normalized_position_not_absolute_stoichiometry
0.40700000000000003,0.12796124999999997,0.14631190000000002,0.13713657499999998,normalized_position_not_absolute_stoichiometry
0.40800000000000003,0.12786999999999998,0.14612360000000002,0.1369968,normalized_position_not_absolute_stoichiometry
0.40900000000000003,0.1277843,0.14593530000000002,0.1368598,normalized_position_not_absolute_stoichiometry
0.41000000000000003,0.127707,0.14576325,0.136735125,normalized_position_not_absolute_stoichiometry
0.41100000000000003,0.12762969999999998,0.145604075,0.1366168875,normalized_position_not_absolute_stoichiometry
0.41200000000000003,0.1275524,0.14544490000000002,0.13649865,normalized_position_not_absolute_stoichiometry
0.41300000000000003,0.1274751,0.145285725,0.1363804125,normalized_position_not_absolute_stoichiometry
0.41400000000000003,0.1273978,0.14512655000000002,0.136262175,normalized_position_not_absolute_stoichiometry
0.41500000000000004,0.1273205,0.144967375,0.1361439375,normalized_position_not_absolute_stoichiometry
0.41600000000000004,0.1272432,0.1448082,0.1360257,normalized_position_not_absolute_stoichiometry
0.417,0.1271659,0.14464902500000001,0.13590746250000002,normalized_position_not_absolute_stoichiometry
0.418,0.1270886,0.14448985,0.135789225,normalized_position_not_absolute_stoichiometry
0.419,0.1270113,0.14433067500000002,0.1356709875,normalized_position_not_absolute_stoichiometry
0.42,0.126934,0.1441715,0.13555275,normalized_position_not_absolute_stoichiometry
0.421,0.1268567,0.144012325,0.1354345125,normalized_position_not_absolute_stoichiometry
0.422,0.1267794,0.14385315,0.13531627499999999,normalized_position_not_absolute_stoichiometry
0.423,0.12670209999999998,0.14369397500000003,0.1351980375,normalized_position_not_absolute_stoichiometry
0.424,0.12662479999999998,0.14353480000000002,0.1350798,normalized_position_not_absolute_stoichiometry
0.425,0.12655406249999998,0.14337562500000003,0.13496484375,normalized_position_not_absolute_stoichiometry
0.426,0.126492425,0.14321645000000002,0.1348544375,normalized_position_not_absolute_stoichiometry
0.427,0.12643078749999997,0.14305727500000004,0.13474403125,normalized_position_not_absolute_stoichiometry
0.428,0.12636914999999999,0.14289810000000003,0.134633625,normalized_position_not_absolute_stoichiometry
0.429,0.1263075125,0.14273892500000002,0.13452321875,normalized_position_not_absolute_stoichiometry
0.43,0.12624587499999998,0.14257975000000003,0.1344128125,normalized_position_not_absolute_stoichiometry
0.431,0.1262008375,0.14242057500000002,0.13431070625000002,normalized_position_not_absolute_stoichiometry
0.432,0.1261578,0.1422663,0.13421205,normalized_position_not_absolute_stoichiometry
0.433,0.1261147625,0.14212938750000004,0.134122075,normalized_position_not_absolute_stoichiometry
0.434,0.12607172499999997,0.14199247500000003,0.1340321,normalized_position_not_absolute_stoichiometry
0.435,0.1260286875,0.14185556250000003,0.13394212500000002,normalized_position_not_absolute_stoichiometry
0.436,0.12598565,0.14171865000000003,0.13385215,normalized_position_not_absolute_stoichiometry
0.437,0.1259426125,0.14158173750000003,0.133762175,normalized_position_not_absolute_stoichiometry
0.438,0.12589957499999999,0.14144482500000005,0.13367220000000002,normalized_position_not_absolute_stoichiometry
0.439,0.12585653749999998,0.14130791250000002,0.133582225,normalized_position_not_absolute_stoichiometry
0.44,0.1258135,0.14117100000000005,0.13349225000000003,normalized_position_not_absolute_stoichiometry
0.441,0.1257704625,0.14103408750000002,0.13340227500000001,normalized_position_not_absolute_stoichiometry
0.442,0.125727425,0.14089717500000004,0.13331230000000002,normalized_position_not_absolute_stoichiometry
0.443,0.1256843875,0.14076026250000004,0.13322232500000003,normalized_position_not_absolute_stoichiometry
0.444,0.12564134999999998,0.14062335000000004,0.13313235,normalized_position_not_absolute_stoichiometry
0.445,0.1255983125,0.14048643750000003,0.13304237500000002,normalized_position_not_absolute_stoichiometry
0.446,0.12555527500000002,0.14034952500000003,0.13295240000000003,normalized_position_not_absolute_stoichiometry
0.447,0.1255135375,0.14021261250000006,0.13286307500000002,normalized_position_not_absolute_stoichiometry
0.448,0.1254884,0.14007570000000003,0.13278205,normalized_position_not_absolute_stoichiometry
0.449,0.1254632625,0.13993878750000005,0.13270102500000003,normalized_position_not_absolute_stoichiometry
0.45,0.125438125,0.13980187500000002,0.13262000000000002,normalized_position_not_absolute_stoichiometry
0.451,0.12541298750000002,0.13966496250000004,0.13253897500000003,normalized_position_not_absolute_stoichiometry
0.452,0.12539145000000002,0.13952805000000004,0.13245975000000004,normalized_position_not_absolute_stoichiometry
0.453,0.1253756125,0.13939113750000004,0.13238337500000003,normalized_position_not_absolute_stoichiometry
0.454,0.125359775,0.13925935000000003,0.13230956250000003,normalized_position_not_absolute_stoichiometry
0.455,0.1253439375,0.13913687500000005,0.13224040625000003,normalized_position_not_absolute_stoichiometry
0.456,0.1253281,0.13901800000000003,0.13217305000000001,normalized_position_not_absolute_stoichiometry
0.457,0.1253122625,0.13889912500000004,0.13210569375000003,normalized_position_not_absolute_stoichiometry
0.458,0.125296425,0.13878025000000005,0.13203833750000002,normalized_position_not_absolute_stoichiometry
0.459,0.12528058749999998,0.13866137500000003,0.13197098125,normalized_position_not_absolute_stoichiometry
0.46,0.12526475,0.1385425,0.13190362500000002,normalized_position_not_absolute_stoichiometry
0.461,0.1252489125,0.13842362500000002,0.13183626875,normalized_position_not_absolute_stoichiometry
0.462,0.125233075,0.13830475000000003,0.1317689125,normalized_position_not_absolute_stoichiometry
0.463,0.12521723750000002,0.138185875,0.13170155625000002,normalized_position_not_absolute_stoichiometry
0.464,0.12520140000000002,0.13806700000000002,0.13163420000000003,normalized_position_not_absolute_stoichiometry
0.465,0.1251855625,0.13794812500000003,0.13156684375000002,normalized_position_not_absolute_stoichiometry
0.466,0.125169725,0.13782925000000001,0.1314994875,normalized_position_not_absolute_stoichiometry
0.467,0.1251538875,0.137710375,0.13143213125,normalized_position_not_absolute_stoichiometry
0.468,0.12513805,0.13759150000000003,0.13136477500000002,normalized_position_not_absolute_stoichiometry
0.46900000000000003,0.1251222125,0.13747262500000001,0.13129741875,normalized_position_not_absolute_stoichiometry
0.47000000000000003,0.125109625,0.13735375000000002,0.13123168750000003,normalized_position_not_absolute_stoichiometry
0.47100000000000003,0.1250982625,0.13723487500000003,0.13116656875000002,normalized_position_not_absolute_stoichiometry
0.47200000000000003,0.1250869,0.13711600000000002,0.13110145,normalized_position_not_absolute_stoichiometry
0.47300000000000003,0.1250755375,0.13699712500000003,0.13103633125000003,normalized_position_not_absolute_stoichiometry
0.47400000000000003,0.125064175,0.13687825000000003,0.13097121250000002,normalized_position_not_absolute_stoichiometry
0.47500000000000003,0.1250528125,0.13675937500000002,0.13090609375,normalized_position_not_absolute_stoichiometry
0.47600000000000003,0.12504145,0.13665265000000001,0.13084705000000002,normalized_position_not_absolute_stoichiometry
0.47700000000000004,0.1250300875,0.13655436250000003,0.130792225,normalized_position_not_absolute_stoichiometry
0.47800000000000004,0.125018725,0.13646407500000002,0.1307414,normalized_position_not_absolute_stoichiometry
0.47900000000000004,0.1250073625,0.1363767875,0.13069207500000002,normalized_position_not_absolute_stoichiometry
0.48,0.124996,0.1362895,0.13064275,normalized_position_not_absolute_stoichiometry
0.481,0.1249846375,0.1362022125,0.13059342499999999,normalized_position_not_absolute_stoichiometry
0.482,0.124973275,0.13611492500000003,0.1305441,normalized_position_not_absolute_stoichiometry
0.483,0.1249619125,0.13602763750000002,0.130494775,normalized_position_not_absolute_stoichiometry
0.484,0.12495055,0.13594035000000002,0.13044545000000002,normalized_position_not_absolute_stoichiometry
0.485,0.12493918749999999,0.1358530625,0.130396125,normalized_position_not_absolute_stoichiometry
0.486,0.12492782499999999,0.13576577500000003,0.1303468,normalized_position_not_absolute_stoichiometry
0.487,0.12491646249999999,0.1356784875,0.130297475,normalized_position_not_absolute_stoichiometry
0.488,0.12490509999999999,0.13559120000000002,0.13024815,normalized_position_not_absolute_stoichiometry
0.489,0.12489373749999999,0.1355039125,0.130198825,normalized_position_not_absolute_stoichiometry
0.49,0.12488237499999999,0.135416625,0.1301495,normalized_position_not_absolute_stoichiometry
0.491,0.12487101249999999,0.13532933750000004,0.130100175,normalized_position_not_absolute_stoichiometry
0.492,0.12486134999999998,0.13524205,0.1300517,normalized_position_not_absolute_stoichiometry
0.493,0.1248544625,0.13515476250000003,0.1300046125,normalized_position_not_absolute_stoichiometry
0.494,0.12484757499999999,0.13506747500000002,0.12995752500000002,normalized_position_not_absolute_stoichiometry
0.495,0.12484068749999999,0.13498018750000002,0.1299104375,normalized_position_not_absolute_stoichiometry
0.496,0.1248338,0.1348929,0.12986335,normalized_position_not_absolute_stoichiometry
0.497,0.1248269125,0.1348056125,0.1298162625,normalized_position_not_absolute_stoichiometry
0.498,0.124820025,0.134728375,0.1297742,normalized_position_not_absolute_stoichiometry
0.499,0.12481313749999999,0.1346548125,0.129733975,normalized_position_not_absolute_stoichiometry
0.5,0.12480625000000001,0.13458125,0.12969375,normalized_position_not_absolute_stoichiometry
0.501,0.1247993625,0.13452308750000003,0.12966122500000002,normalized_position_not_absolute_stoichiometry
0.502,0.12479247499999999,0.134464925,0.12962869999999999,normalized_position_not_absolute_stoichiometry
0.503,0.12478558749999999,0.1344067625,0.12959617499999998,normalized_position_not_absolute_stoichiometry
0.504,0.12477869999999999,0.1343486,0.12956365,normalized_position_not_absolute_stoichiometry
0.505,0.1247718125,0.13429043750000003,0.12953112500000002,normalized_position_not_absolute_stoichiometry
0.506,0.124764925,0.134232275,0.12949860000000002,normalized_position_not_absolute_stoichiometry
0.507,0.1247580375,0.1341741125,0.129466075,normalized_position_not_absolute_stoichiometry
0.508,0.12475115,0.13411594999999998,0.12943355,normalized_position_not_absolute_stoichiometry
0.509,0.1247442625,0.13405778750000003,0.129401025,normalized_position_not_absolute_stoichiometry
0.51,0.124737375,0.133999625,0.1293685,normalized_position_not_absolute_stoichiometry
0.511,0.12473048749999999,0.1339414625,0.129335975,normalized_position_not_absolute_stoichiometry
0.512,0.12472359999999999,0.1338833,0.12930345,normalized_position_not_absolute_stoichiometry
0.513,0.1247167125,0.13382513750000002,0.129270925,normalized_position_not_absolute_stoichiometry
0.514,0.12470975000000001,0.133766975,0.1292383625,normalized_position_not_absolute_stoichiometry
0.515,0.124700625,0.1337088125,0.12920471875,normalized_position_not_absolute_stoichiometry
0.516,0.1246915,0.13365064999999998,0.129171075,normalized_position_not_absolute_stoichiometry
0.517,0.1246844,0.13359248750000002,0.12913844375,normalized_position_not_absolute_stoichiometry
0.518,0.1246776,0.133534325,0.1291059625,normalized_position_not_absolute_stoichiometry
0.519,0.1246708,0.1334761625,0.12907348125,normalized_position_not_absolute_stoichiometry
0.52,0.124664,0.133426,0.129045,normalized_position_not_absolute_stoichiometry
0.521,0.1246572,0.1333769875,0.12901709374999998,normalized_position_not_absolute_stoichiometry
0.522,0.1246504,0.13332797500000002,0.1289891875,normalized_position_not_absolute_stoichiometry
0.523,0.1246436,0.1332813625,0.12896248124999998,normalized_position_not_absolute_stoichiometry
0.524,0.12463679999999999,0.13324115,0.128938975,normalized_position_not_absolute_stoichiometry
0.525,0.12462999999999999,0.1332009375,0.12891546874999998,normalized_position_not_absolute_stoichiometry
0.526,0.12462319999999999,0.13316072499999998,0.12889196249999998,normalized_position_not_absolute_stoichiometry
0.527,0.1246164,0.1331205125,0.12886845625,normalized_position_not_absolute_stoichiometry
0.528,0.1246096,0.1330803,0.12884495,normalized_position_not_absolute_stoichiometry
0.529,0.1246028,0.13304008750000001,0.12882144375000001,normalized_position_not_absolute_stoichiometry
0.53,0.124596,0.132999875,0.1287979375,normalized_position_not_absolute_stoichiometry
0.531,0.1245892,0.13295966250000002,0.12877443125000002,normalized_position_not_absolute_stoichiometry
0.532,0.12458240000000001,0.13291945,0.12875092500000002,normalized_position_not_absolute_stoichiometry
0.533,0.1245756,0.13287923750000002,0.12872741875000002,normalized_position_not_absolute_stoichiometry
0.534,0.12456880000000001,0.132839025,0.12870391250000002,normalized_position_not_absolute_stoichiometry
0.535,0.124562,0.1327988125,0.12868040625,normalized_position_not_absolute_stoichiometry
0.536,0.1245552,0.1327586,0.12865690000000002,normalized_position_not_absolute_stoichiometry
0.537,0.1245484,0.1327183875,0.12863339375,normalized_position_not_absolute_stoichiometry
0.538,0.12454075,0.132678175,0.1286094625,normalized_position_not_absolute_stoichiometry
0.539,0.124531625,0.1326379625,0.12858479375,normalized_position_not_absolute_stoichiometry
0.54,0.1245225,0.13259775000000001,0.128560125,normalized_position_not_absolute_stoichiometry
0.541,0.12451337500000001,0.13255765,0.1285355125,normalized_position_not_absolute_stoichiometry
0.542,0.12450425,0.13252429999999998,0.12851427499999998,normalized_position_not_absolute_stoichiometry
0.543,0.124495125,0.13249095,0.1284930375,normalized_position_not_absolute_stoichiometry
0.544,0.12448599999999999,0.1324576,0.1284718,normalized_position_not_absolute_stoichiometry
0.545,0.124476875,0.13242425,0.1284505625,normalized_position_not_absolute_stoichiometry
0.546,0.12446774999999999,0.13239689999999998,0.12843232499999999,normalized_position_not_absolute_stoichiometry
0.547,0.12445862499999999,0.13237454999999998,0.12841658749999998,normalized_position_not_absolute_stoichiometry
0.548,0.12444949999999999,0.1323522,0.12840085,normalized_position_not_absolute_stoichiometry
0.549,0.12444037499999999,0.13232985,0.1283851125,normalized_position_not_absolute_stoichiometry
0.55,0.12443125,0.1323075,0.128369375,normalized_position_not_absolute_stoichiometry
0.551,0.124422125,0.13228515000000002,0.1283536375,normalized_position_not_absolute_stoichiometry
0.552,0.124413,0.1322628,0.1283379,normalized_position_not_absolute_stoichiometry
0.553,0.124403875,0.13224045,0.1283221625,normalized_position_not_absolute_stoichiometry
0.554,0.12439475,0.1322181,0.128306425,normalized_position_not_absolute_stoichiometry
0.555,0.124385625,0.13219575,0.1282906875,normalized_position_not_absolute_stoichiometry
0.556,0.1243765,0.1321734,0.12827495,normalized_position_not_absolute_stoichiometry
0.557,0.124367375,0.13215105,0.1282592125,normalized_position_not_absolute_stoichiometry
0.558,0.12435825,0.1321287,0.128243475,normalized_position_not_absolute_stoichiometry
0.559,0.12434912499999999,0.13210634999999998,0.1282277375,normalized_position_not_absolute_stoichiometry
0.56,0.12433999999999999,0.132084,0.128212,normalized_position_not_absolute_stoichiometry
0.561,0.124330875,0.13206165,0.1281962625,normalized_position_not_absolute_stoichiometry
0.562,0.12432175,0.1320393,0.128180525,normalized_position_not_absolute_stoichiometry
0.5630000000000001,0.12431262499999998,0.1320173125,0.12816496875,normalized_position_not_absolute_stoichiometry
0.5640000000000001,0.1243035,0.13199725,0.128150375,normalized_position_not_absolute_stoichiometry
0.5650000000000001,0.124294375,0.13197718749999998,0.12813578125,normalized_position_not_absolute_stoichiometry
0.5660000000000001,0.12428524999999999,0.131957125,0.1281211875,normalized_position_not_absolute_stoichiometry
0.5670000000000001,0.124276125,0.1319370625,0.12810659375,normalized_position_not_absolute_stoichiometry
0.5680000000000001,0.12426699999999999,0.131917,0.12809199999999998,normalized_position_not_absolute_stoichiometry
0.5690000000000001,0.12425787499999999,0.1319005375,0.12807920625,normalized_position_not_absolute_stoichiometry
0.5700000000000001,0.12424874999999999,0.131884875,0.12806681250000002,normalized_position_not_absolute_stoichiometry
0.5710000000000001,0.12423962499999999,0.1318692125,0.12805441875,normalized_position_not_absolute_stoichiometry
0.5720000000000001,0.1242305,0.13185354999999999,0.128042025,normalized_position_not_absolute_stoichiometry
0.5730000000000001,0.124221375,0.1318378875,0.12802963125,normalized_position_not_absolute_stoichiometry
0.5740000000000001,0.12421225,0.13182222500000002,0.1280172375,normalized_position_not_absolute_stoichiometry
0.5750000000000001,0.124203125,0.1318065625,0.12800484374999999,normalized_position_not_absolute_stoichiometry
0.5760000000000001,0.124194,0.1317909,0.12799244999999998,normalized_position_not_absolute_stoichiometry
0.577,0.124184875,0.1317752375,0.12798005625,normalized_position_not_absolute_stoichiometry
0.578,0.12417575,0.13175957500000002,0.12796766250000002,normalized_position_not_absolute_stoichiometry
0.579,0.124166625,0.1317439125,0.12795526875000002,normalized_position_not_absolute_stoichiometry
0.58,0.1241575,0.13172825,0.127942875,normalized_position_not_absolute_stoichiometry
0.581,0.12414755,0.1317125875,0.12793006875000001,normalized_position_not_absolute_stoichiometry
0.582,0.124133875,0.13169692500000002,0.1279154,normalized_position_not_absolute_stoichiometry
0.583,0.1241201875,0.1316812625,0.127900725,normalized_position_not_absolute_stoichiometry
0.584,0.12410650000000001,0.1316656,0.12788605,normalized_position_not_absolute_stoichiometry
0.585,0.12409281250000001,0.13165062500000002,0.12787171875000003,normalized_position_not_absolute_stoichiometry
0.586,0.12407912500000001,0.13163724999999998,0.1278581875,normalized_position_not_absolute_stoichiometry
0.587,0.12406543749999999,0.131623875,0.12784465625,normalized_position_not_absolute_stoichiometry
0.588,0.12405174999999999,0.13161050000000002,0.127831125,normalized_position_not_absolute_stoichiometry
0.589,0.12403806249999999,0.131597125,0.12781759375,normalized_position_not_absolute_stoichiometry
0.59,0.12402437499999999,0.13158375,0.12780406249999998,normalized_position_not_absolute_stoichiometry
0.591,0.1240106875,0.13157057500000002,0.12779063125,normalized_position_not_absolute_stoichiometry
0.592,0.123997,0.1315594,0.1277782,normalized_position_not_absolute_stoichiometry
0.593,0.1239833125,0.13154822500000002,0.12776576875,normalized_position_not_absolute_stoichiometry
0.594,0.123969625,0.13153705,0.1277533375,normalized_position_not_absolute_stoichiometry
0.595,0.1239559375,0.13152587500000001,0.12774090625,normalized_position_not_absolute_stoichiometry
0.596,0.12394225,0.1315147,0.127728475,normalized_position_not_absolute_stoichiometry
0.597,0.12392856249999999,0.131503525,0.12771604375,normalized_position_not_absolute_stoichiometry
0.598,0.123914875,0.13149235,0.1277036125,normalized_position_not_absolute_stoichiometry
0.599,0.1239011875,0.131481175,0.12769118125,normalized_position_not_absolute_stoichiometry
0.6,0.1238875,0.13147,0.12767875,normalized_position_not_absolute_stoichiometry
0.601,0.12387381249999999,0.131458825,0.12766631875,normalized_position_not_absolute_stoichiometry
0.602,0.12386012499999999,0.13144765000000003,0.1276538875,normalized_position_not_absolute_stoichiometry
0.603,0.12384643749999999,0.131436475,0.12764145625,normalized_position_not_absolute_stoichiometry
0.604,0.12383274999999999,0.13142530000000002,0.127629025,normalized_position_not_absolute_stoichiometry
0.605,0.1238190625,0.131414125,0.12761659375,normalized_position_not_absolute_stoichiometry
0.606,0.123805375,0.13140295000000002,0.1276041625,normalized_position_not_absolute_stoichiometry
0.607,0.1237916875,0.131391775,0.12759173125,normalized_position_not_absolute_stoichiometry
0.608,0.123778,0.13138060000000001,0.1275793,normalized_position_not_absolute_stoichiometry
0.609,0.1237643125,0.131369425,0.12756686875,normalized_position_not_absolute_stoichiometry
0.61,0.123750625,0.13135825,0.1275544375,normalized_position_not_absolute_stoichiometry
0.611,0.1237369375,0.131347075,0.12754200625,normalized_position_not_absolute_stoichiometry
0.612,0.12372325,0.1313359,0.127529575,normalized_position_not_absolute_stoichiometry
0.613,0.1237095625,0.131324725,0.12751714375,normalized_position_not_absolute_stoichiometry
0.614,0.123695875,0.13131515000000002,0.1275055125,normalized_position_not_absolute_stoichiometry
0.615,0.1236821875,0.131308375,0.12749528125,normalized_position_not_absolute_stoichiometry
0.616,0.12366849999999999,0.13130160000000002,0.12748505,normalized_position_not_absolute_stoichiometry
0.617,0.12365481249999999,0.131294825,0.12747481875,normalized_position_not_absolute_stoichiometry
0.618,0.12364112499999999,0.13128805,0.1274645875,normalized_position_not_absolute_stoichiometry
0.619,0.12362743749999999,0.131281275,0.12745435625,normalized_position_not_absolute_stoichiometry
0.62,0.12361375,0.13127450000000002,0.12744412500000002,normalized_position_not_absolute_stoichiometry
0.621,0.1236000625,0.131267725,0.12743389375,normalized_position_not_absolute_stoichiometry
0.622,0.123586375,0.13126095,0.12742366249999998,normalized_position_not_absolute_stoichiometry
0.623,0.1235726875,0.131254175,0.12741343125,normalized_position_not_absolute_stoichiometry
0.624,0.123559,0.13124740000000001,0.1274032,normalized_position_not_absolute_stoichiometry
0.625,0.1235453125,0.131240625,0.12739296875,normalized_position_not_absolute_stoichiometry
0.626,0.12353230000000001,0.13123384999999999,0.127383075,normalized_position_not_absolute_stoichiometry
0.627,0.12352085,0.13122707500000003,0.12737396250000002,normalized_position_not_absolute_stoichiometry
0.628,0.1235094,0.1312203,0.12736485,normalized_position_not_absolute_stoichiometry
0.629,0.12349795,0.131213525,0.1273557375,normalized_position_not_absolute_stoichiometry
0.63,0.1234865,0.13120674999999998,0.127346625,normalized_position_not_absolute_stoichiometry
0.631,0.12347505,0.13119997500000002,0.12733751250000003,normalized_position_not_absolute_stoichiometry
0.632,0.1234636,0.1311932,0.1273284,normalized_position_not_absolute_stoichiometry
0.633,0.12345215,0.131186425,0.1273192875,normalized_position_not_absolute_stoichiometry
0.634,0.1234407,0.13117964999999998,0.127310175,normalized_position_not_absolute_stoichiometry
0.635,0.12342924999999999,0.131172875,0.1273010625,normalized_position_not_absolute_stoichiometry
0.636,0.1234178,0.1311661,0.12729195,normalized_position_not_absolute_stoichiometry
0.637,0.12340635,0.131157925,0.1272821375,normalized_position_not_absolute_stoichiometry
0.638,0.1233949,0.13114895,0.127271925,normalized_position_not_absolute_stoichiometry
0.639,0.12338345,0.131139975,0.1272617125,normalized_position_not_absolute_stoichiometry
0.64,0.12337200000000001,0.131131,0.12725150000000002,normalized_position_not_absolute_stoichiometry
0.641,0.12336055,0.13112202499999998,0.1272412875,normalized_position_not_absolute_stoichiometry
0.642,0.12334909999999999,0.13111305,0.127231075,normalized_position_not_absolute_stoichiometry
0.643,0.12333765,0.131104075,0.12722086249999998,normalized_position_not_absolute_stoichiometry
0.644,0.1233262,0.13109510000000002,0.12721065,normalized_position_not_absolute_stoichiometry
0.645,0.12331475,0.131086125,0.12720043749999999,normalized_position_not_absolute_stoichiometry
0.646,0.12330135,0.13107715,0.12718925,normalized_position_not_absolute_stoichiometry
0.647,0.12328757500000001,0.131068175,0.127177875,normalized_position_not_absolute_stoichiometry
0.648,0.12327379999999999,0.1310592,0.1271665,normalized_position_not_absolute_stoichiometry
0.649,0.12325575,0.131050225,0.12715298749999998,normalized_position_not_absolute_stoichiometry
0.65,0.1232375,0.13104125,0.127139375,normalized_position_not_absolute_stoichiometry
0.651,0.12321925,0.13103227499999998,0.1271257625,normalized_position_not_absolute_stoichiometry
0.652,0.123201,0.13102329999999998,0.12711214999999998,normalized_position_not_absolute_stoichiometry
0.653,0.12318275000000001,0.131014325,0.1270985375,normalized_position_not_absolute_stoichiometry
0.654,0.1231645,0.13100535,0.127084925,normalized_position_not_absolute_stoichiometry
0.655,0.12314625,0.130996375,0.1270713125,normalized_position_not_absolute_stoichiometry
0.656,0.123128,0.13098739999999998,0.1270577,normalized_position_not_absolute_stoichiometry
0.657,0.12310974999999999,0.130978425,0.1270440875,normalized_position_not_absolute_stoichiometry
0.658,0.12309149999999999,0.13096945,0.12703047499999998,normalized_position_not_absolute_stoichiometry
0.659,0.12307325,0.130960475,0.1270168625,normalized_position_not_absolute_stoichiometry
0.66,0.123055,0.1309515,0.12700325,normalized_position_not_absolute_stoichiometry
0.661,0.12303675,0.130942525,0.1269896375,normalized_position_not_absolute_stoichiometry
0.662,0.1230185,0.13093355,0.126976025,normalized_position_not_absolute_stoichiometry
0.663,0.12300025,0.130924575,0.1269624125,normalized_position_not_absolute_stoichiometry
0.664,0.12298200000000001,0.1309156,0.1269488,normalized_position_not_absolute_stoichiometry
0.665,0.12296375000000001,0.130906625,0.1269351875,normalized_position_not_absolute_stoichiometry
0.666,0.1229455,0.13089764999999998,0.12692157499999998,normalized_position_not_absolute_stoichiometry
0.667,0.12292725,0.13088867499999998,0.1269079625,normalized_position_not_absolute_stoichiometry
0.668,0.12290899999999999,0.1308797,0.12689435,normalized_position_not_absolute_stoichiometry
0.669,0.12289074999999999,0.130870725,0.1268807375,normalized_position_not_absolute_stoichiometry
0.67,0.1228725,0.13086175,0.126867125,normalized_position_not_absolute_stoichiometry
0.671,0.12285425,0.13085277499999998,0.1268535125,normalized_position_not_absolute_stoichiometry
0.672,0.122836,0.1308438,0.1268399,normalized_position_not_absolute_stoichiometry
0.673,0.12281775,0.130834825,0.1268262875,normalized_position_not_absolute_stoichiometry
0.674,0.1227995,0.13082585000000002,0.126812675,normalized_position_not_absolute_stoichiometry
0.675,0.12278125000000001,0.130816875,0.1267990625,normalized_position_not_absolute_stoichiometry
0.676,0.122763,0.1308079,0.12678545,normalized_position_not_absolute_stoichiometry
0.677,0.12274475,0.130798925,0.1267718375,normalized_position_not_absolute_stoichiometry
0.678,0.12272649999999999,0.13078995,0.126758225,normalized_position_not_absolute_stoichiometry
0.679,0.12270824999999999,0.130780975,0.1267446125,normalized_position_not_absolute_stoichiometry
0.68,0.12269,0.130772,0.12673099999999998,normalized_position_not_absolute_stoichiometry
0.681,0.12267175,0.130763025,0.1267173875,normalized_position_not_absolute_stoichiometry
0.682,0.1226535,0.13075445000000002,0.12670397500000002,normalized_position_not_absolute_stoichiometry
0.683,0.12263525,0.130747675,0.12669146250000002,normalized_position_not_absolute_stoichiometry
0.684,0.122617,0.1307409,0.12667895,normalized_position_not_absolute_stoichiometry
0.685,0.12259875,0.130734125,0.1266664375,normalized_position_not_absolute_stoichiometry
0.686,0.1225805,0.13072735000000002,0.126653925,normalized_position_not_absolute_stoichiometry
0.687,0.12256225,0.130720575,0.1266414125,normalized_position_not_absolute_stoichiometry
0.6880000000000001,0.12254399999999999,0.1307138,0.1266289,normalized_position_not_absolute_stoichiometry
0.6890000000000001,0.122523825,0.13070702500000003,0.126615425,normalized_position_not_absolute_stoichiometry
0.6900000000000001,0.12250325,0.13070025000000002,0.12660175,normalized_position_not_absolute_stoichiometry
0.6910000000000001,0.12248267499999999,0.130693475,0.126588075,normalized_position_not_absolute_stoichiometry
0.6920000000000001,0.12246209999999999,0.1306867,0.12657439999999998,normalized_position_not_absolute_stoichiometry
0.6930000000000001,0.122441525,0.13067992500000003,0.126560725,normalized_position_not_absolute_stoichiometry
0.6940000000000001,0.12242095,0.13067315000000002,0.12654705,normalized_position_not_absolute_stoichiometry
0.6950000000000001,0.122400375,0.130666375,0.126533375,normalized_position_not_absolute_stoichiometry
0.6960000000000001,0.1223798,0.1306596,0.12651969999999998,normalized_position_not_absolute_stoichiometry
0.6970000000000001,0.12235922499999999,0.13065282500000003,0.12650602500000002,normalized_position_not_absolute_stoichiometry
0.6980000000000001,0.12233865,0.13064605,0.12649235,normalized_position_not_absolute_stoichiometry
0.6990000000000001,0.122318075,0.130639275,0.12647867499999998,normalized_position_not_absolute_stoichiometry
0.7000000000000001,0.12229749999999999,0.13063249999999998,0.126465,normalized_position_not_absolute_stoichiometry
0.7010000000000001,0.122276925,0.130625725,0.126451325,normalized_position_not_absolute_stoichiometry
0.7020000000000001,0.12225634999999999,0.13061895,0.12643765,normalized_position_not_absolute_stoichiometry
0.7030000000000001,0.12223577499999999,0.130612175,0.126423975,normalized_position_not_absolute_stoichiometry
0.704,0.1222152,0.1306054,0.1264103,normalized_position_not_absolute_stoichiometry
0.705,0.122194625,0.130597625,0.126396125,normalized_position_not_absolute_stoichiometry
0.706,0.12217405,0.13058865,0.12638135,normalized_position_not_absolute_stoichiometry
0.707,0.122153475,0.130579675,0.126366575,normalized_position_not_absolute_stoichiometry
0.708,0.12213289999999999,0.1305707,0.12635180000000001,normalized_position_not_absolute_stoichiometry
0.709,0.122112325,0.13056172500000002,0.126337025,normalized_position_not_absolute_stoichiometry
0.71,0.12209175,0.13055275,0.12632225,normalized_position_not_absolute_stoichiometry
0.711,0.122071175,0.130543775,0.126307475,normalized_position_not_absolute_stoichiometry
0.712,0.12205060000000001,0.1305348,0.1262927,normalized_position_not_absolute_stoichiometry
0.713,0.122030025,0.13052582499999998,0.12627792499999999,normalized_position_not_absolute_stoichiometry
0.714,0.12200944999999999,0.13051685000000002,0.12626315,normalized_position_not_absolute_stoichiometry
0.715,0.121988875,0.130507875,0.126248375,normalized_position_not_absolute_stoichiometry
0.716,0.1219642,0.1304989,0.12623155,normalized_position_not_absolute_stoichiometry
0.717,0.12193915,0.130489925,0.1262145375,normalized_position_not_absolute_stoichiometry
0.718,0.1219141,0.13048094999999998,0.12619752499999998,normalized_position_not_absolute_stoichiometry
0.719,0.12188905,0.13047197500000002,0.1261805125,normalized_position_not_absolute_stoichiometry
0.72,0.121864,0.130463,0.12616349999999998,normalized_position_not_absolute_stoichiometry
0.721,0.12183895,0.130454025,0.12614648750000002,normalized_position_not_absolute_stoichiometry
0.722,0.1218139,0.13044505,0.126129475,normalized_position_not_absolute_stoichiometry
0.723,0.12178885,0.13043607499999998,0.1261124625,normalized_position_not_absolute_stoichiometry
0.724,0.1217638,0.1304271,0.12609545,normalized_position_not_absolute_stoichiometry
0.725,0.12173874999999999,0.130418125,0.1260784375,normalized_position_not_absolute_stoichiometry
0.726,0.1217137,0.13040914999999997,0.12606142499999998,normalized_position_not_absolute_stoichiometry
0.727,0.12168865,0.130400175,0.1260444125,normalized_position_not_absolute_stoichiometry
0.728,0.1216636,0.1303896,0.1260266,normalized_position_not_absolute_stoichiometry
0.729,0.12163855,0.13037842500000002,0.12600848750000002,normalized_position_not_absolute_stoichiometry
0.73,0.1216135,0.13036725,0.125990375,normalized_position_not_absolute_stoichiometry
0.731,0.12158844999999999,0.13035607500000002,0.1259722625,normalized_position_not_absolute_stoichiometry
0.732,0.12155959999999999,0.13034489999999999,0.12595225,normalized_position_not_absolute_stoichiometry
0.733,0.1215299,0.130333725,0.12593181250000002,normalized_position_not_absolute_stoichiometry
0.734,0.1215002,0.13032254999999998,0.125911375,normalized_position_not_absolute_stoichiometry
0.735,0.1214705,0.130311375,0.1258909375,normalized_position_not_absolute_stoichiometry
0.736,0.12144079999999999,0.1303002,0.1258705,normalized_position_not_absolute_stoichiometry
0.737,0.1214111,0.130289025,0.1258500625,normalized_position_not_absolute_stoichiometry
0.738,0.1213814,0.130277175,0.1258292875,normalized_position_not_absolute_stoichiometry
0.739,0.12135169999999999,0.13026371250000002,0.12580770625,normalized_position_not_absolute_stoichiometry
0.74,0.121322,0.13025025,0.125786125,normalized_position_not_absolute_stoichiometry
0.741,0.12129229999999999,0.1302367875,0.12576454375,normalized_position_not_absolute_stoichiometry
0.742,0.1212626,0.130223325,0.1257429625,normalized_position_not_absolute_stoichiometry
0.743,0.1212329,0.1302098625,0.12572138124999999,normalized_position_not_absolute_stoichiometry
0.744,0.1212032,0.1301964,0.1256998,normalized_position_not_absolute_stoichiometry
0.745,0.12117349999999999,0.13018293749999998,0.12567821875,normalized_position_not_absolute_stoichiometry
0.746,0.1211438,0.13016947499999998,0.1256566375,normalized_position_not_absolute_stoichiometry
0.747,0.1211141,0.1301560125,0.12563505625,normalized_position_not_absolute_stoichiometry
0.748,0.1210844,0.13014255000000002,0.125613475,normalized_position_not_absolute_stoichiometry
0.749,0.12105469999999999,0.1301290875,0.12559189375,normalized_position_not_absolute_stoichiometry
0.75,0.121025,0.130115625,0.1255703125,normalized_position_not_absolute_stoichiometry
0.751,0.1209953,0.1301021625,0.12554873125,normalized_position_not_absolute_stoichiometry
0.752,0.12096559999999999,0.1300887,0.12552715,normalized_position_not_absolute_stoichiometry
0.753,0.1209359,0.1300752375,0.12550556875,normalized_position_not_absolute_stoichiometry
0.754,0.12090619999999999,0.130061775,0.1254839875,normalized_position_not_absolute_stoichiometry
0.755,0.1208765,0.13004831249999999,0.12546240625,normalized_position_not_absolute_stoichiometry
0.756,0.1208468,0.13003484999999998,0.12544082499999998,normalized_position_not_absolute_stoichiometry
0.757,0.12081709999999998,0.1300213875,0.12541924375,normalized_position_not_absolute_stoichiometry
0.758,0.12078739999999999,0.13000792500000002,0.1253976625,normalized_position_not_absolute_stoichiometry
0.759,0.1207577,0.12999446250000002,0.12537608125,normalized_position_not_absolute_stoichiometry
0.76,0.12072749999999999,0.12997999999999998,0.12535374999999999,normalized_position_not_absolute_stoichiometry
0.761,0.12069556249999999,0.12996425,0.12532990625,normalized_position_not_absolute_stoichiometry
0.762,0.120663625,0.1299485,0.12530606249999998,normalized_position_not_absolute_stoichiometry
0.763,0.1206316875,0.12993274999999999,0.12528221875,normalized_position_not_absolute_stoichiometry
0.764,0.12059974999999999,0.129917,0.125258375,normalized_position_not_absolute_stoichiometry
0.765,0.1205678125,0.12990125,0.12523453125,normalized_position_not_absolute_stoichiometry
0.766,0.12053587499999999,0.1298855,0.12521068749999997,normalized_position_not_absolute_stoichiometry
0.767,0.12050393749999999,0.12986975,0.12518684375,normalized_position_not_absolute_stoichiometry
0.768,0.120472,0.129854,0.125163,normalized_position_not_absolute_stoichiometry
0.769,0.1204400625,0.12983825,0.12513915625,normalized_position_not_absolute_stoichiometry
0.77,0.120408125,0.1298225,0.12511531250000002,normalized_position_not_absolute_stoichiometry
0.771,0.1203761875,0.12980675,0.12509146875,normalized_position_not_absolute_stoichiometry
0.772,0.12034424999999999,0.129791,0.125067625,normalized_position_not_absolute_stoichiometry
0.773,0.12031231249999999,0.12977465,0.12504348124999998,normalized_position_not_absolute_stoichiometry
0.774,0.120280375,0.1297567,0.1250185375,normalized_position_not_absolute_stoichiometry
0.775,0.12024281249999999,0.12973874999999999,0.12499078124999999,normalized_position_not_absolute_stoichiometry
0.776,0.1202039,0.1297208,0.12496235,normalized_position_not_absolute_stoichiometry
0.777,0.12016498749999999,0.12970284999999998,0.12493391874999998,normalized_position_not_absolute_stoichiometry
0.778,0.120126075,0.1296849,0.1249054875,normalized_position_not_absolute_stoichiometry
0.779,0.1200871625,0.12966695,0.12487705625000001,normalized_position_not_absolute_stoichiometry
0.78,0.12004825,0.12964900000000001,0.124848625,normalized_position_not_absolute_stoichiometry
0.781,0.1200093375,0.12963105,0.12482019375,normalized_position_not_absolute_stoichiometry
0.782,0.11997042499999999,0.12961045,0.12479043749999999,normalized_position_not_absolute_stoichiometry
0.783,0.11992758749999999,0.129587925,0.12475775624999999,normalized_position_not_absolute_stoichiometry
0.784,0.1198842,0.1295654,0.1247248,normalized_position_not_absolute_stoichiometry
0.785,0.1198408125,0.129542875,0.12469184375,normalized_position_not_absolute_stoichiometry
0.786,0.11979742499999999,0.12952035,0.1246588875,normalized_position_not_absolute_stoichiometry
0.787,0.1197540375,0.129497825,0.12462593125,normalized_position_not_absolute_stoichiometry
0.788,0.11971065,0.1294753,0.124592975,normalized_position_not_absolute_stoichiometry
0.789,0.1196672625,0.129452775,0.12456001875,normalized_position_not_absolute_stoichiometry
0.79,0.11962387499999999,0.12943025,0.1245270625,normalized_position_not_absolute_stoichiometry
0.791,0.1195804875,0.129407725,0.12449410625,normalized_position_not_absolute_stoichiometry
0.792,0.1195371,0.12938519999999998,0.12446114999999999,normalized_position_not_absolute_stoichiometry
0.793,0.1194937125,0.12936267499999998,0.12442819375,normalized_position_not_absolute_stoichiometry
0.794,0.119450325,0.12934015,0.12439523749999999,normalized_position_not_absolute_stoichiometry
0.795,0.11940693749999999,0.129317625,0.12436228124999998,normalized_position_not_absolute_stoichiometry
0.796,0.11936145,0.12929269999999998,0.12432707499999998,normalized_position_not_absolute_stoichiometry
0.797,0.1193110875,0.12926577499999997,0.12428843124999998,normalized_position_not_absolute_stoichiometry
0.798,0.119260725,0.12923885000000002,0.12424978750000001,normalized_position_not_absolute_stoichiometry
0.799,0.1192103625,0.129211925,0.12421114375,normalized_position_not_absolute_stoichiometry
0.8,0.11915999999999999,0.129185,0.12417249999999999,normalized_position_not_absolute_stoichiometry
0.801,0.1191096375,0.12915807499999998,0.12413385625,normalized_position_not_absolute_stoichiometry
0.802,0.11905927499999999,0.12913115,0.1240952125,normalized_position_not_absolute_stoichiometry
0.803,0.1190089125,0.12910422500000002,0.12405656875000001,normalized_position_not_absolute_stoichiometry
0.804,0.11895855,0.12907235,0.12401545,normalized_position_not_absolute_stoichiometry
0.805,0.1189058125,0.1290385625,0.1239721875,normalized_position_not_absolute_stoichiometry
0.806,0.118850975,0.12900477500000002,0.123927875,normalized_position_not_absolute_stoichiometry
0.807,0.1187961375,0.1289709875,0.12388356249999999,normalized_position_not_absolute_stoichiometry
0.808,0.1187413,0.12893719999999997,0.12383924999999998,normalized_position_not_absolute_stoichiometry
0.809,0.1186864625,0.1289034125,0.12379493750000001,normalized_position_not_absolute_stoichiometry
0.81,0.11863162499999999,0.128869625,0.12375062499999999,normalized_position_not_absolute_stoichiometry
0.811,0.1185767875,0.1288358375,0.1237063125,normalized_position_not_absolute_stoichiometry
0.812,0.11852195,0.12880205,0.123662,normalized_position_not_absolute_stoichiometry
0.8130000000000001,0.1184671125,0.1287682625,0.1236176875,normalized_position_not_absolute_stoichiometry
0.8140000000000001,0.118412275,0.12873447500000001,0.12357337500000001,normalized_position_not_absolute_stoichiometry
0.8150000000000001,0.1183574375,0.1287006875,0.1235290625,normalized_position_not_absolute_stoichiometry
0.8160000000000001,0.1183026,0.1286669,0.12348475,normalized_position_not_absolute_stoichiometry
0.8170000000000001,0.11824776249999999,0.1286331125,0.1234404375,normalized_position_not_absolute_stoichiometry
0.8180000000000001,0.11817997499999999,0.128599325,0.12338964999999999,normalized_position_not_absolute_stoichiometry
0.8190000000000001,0.1181088625,0.1285583375,0.1233336,normalized_position_not_absolute_stoichiometry
0.8200000000000001,0.11803775,0.12851574999999998,0.12327674999999999,normalized_position_not_absolute_stoichiometry
0.8210000000000001,0.1179666375,0.12847316250000002,0.12321990000000001,normalized_position_not_absolute_stoichiometry
0.8220000000000001,0.11789552499999999,0.128430575,0.12316305,normalized_position_not_absolute_stoichiometry
0.8230000000000001,0.11782441249999999,0.12838798750000002,0.1231062,normalized_position_not_absolute_stoichiometry
0.8240000000000001,0.11775329999999999,0.1283454,0.12304935,normalized_position_not_absolute_stoichiometry
0.8250000000000001,0.11768218749999998,0.1283028125,0.12299249999999999,normalized_position_not_absolute_stoichiometry
0.8260000000000001,0.11761107499999998,0.128244425,0.12292774999999999,normalized_position_not_absolute_stoichiometry
0.8270000000000001,0.11753707499999999,0.1281835375,0.12286030625,normalized_position_not_absolute_stoichiometry
0.8280000000000001,0.11745029999999998,0.12812265,0.12278647499999999,normalized_position_not_absolute_stoichiometry
0.8290000000000001,0.117363525,0.1280617625,0.12271264375,normalized_position_not_absolute_stoichiometry
0.8300000000000001,0.11727674999999999,0.12800087500000001,0.1226388125,normalized_position_not_absolute_stoichiometry
0.8310000000000001,0.11718997499999999,0.1279399875,0.12256498124999998,normalized_position_not_absolute_stoichiometry
0.8320000000000001,0.11710319999999999,0.12787910000000002,0.12249115000000001,normalized_position_not_absolute_stoichiometry
0.833,0.11701642500000001,0.12781821250000003,0.12241731875000002,normalized_position_not_absolute_stoichiometry
0.834,0.11692965,0.127757325,0.1223434875,normalized_position_not_absolute_stoichiometry
0.835,0.116842875,0.1276964375,0.12226965625,normalized_position_not_absolute_stoichiometry
0.836,0.1167561,0.12763555,0.122195825,normalized_position_not_absolute_stoichiometry
0.837,0.11666932499999999,0.1275746625,0.12212199374999999,normalized_position_not_absolute_stoichiometry
0.838,0.11658255000000001,0.127513775,0.1220481625,normalized_position_not_absolute_stoichiometry
0.839,0.11648497499999999,0.1274528875,0.12196893125,normalized_position_not_absolute_stoichiometry
0.84,0.11636099999999999,0.127392,0.1218765,normalized_position_not_absolute_stoichiometry
0.841,0.116237025,0.1273297125,0.12178336875,normalized_position_not_absolute_stoichiometry
0.842,0.11611305,0.12725342500000003,0.12168323750000001,normalized_position_not_absolute_stoichiometry
0.843,0.115989075,0.1271771375,0.12158310625,normalized_position_not_absolute_stoichiometry
0.844,0.1158651,0.12710085000000002,0.121482975,normalized_position_not_absolute_stoichiometry
0.845,0.115741125,0.1270245625,0.12138284375,normalized_position_not_absolute_stoichiometry
0.846,0.11561715,0.126948275,0.1212827125,normalized_position_not_absolute_stoichiometry
0.847,0.115493175,0.1268717875,0.12118248125,normalized_position_not_absolute_stoichiometry
0.848,0.1153692,0.1267589,0.12106405,normalized_position_not_absolute_stoichiometry
0.849,0.115245225,0.12664601250000002,0.12094561875000001,normalized_position_not_absolute_stoichiometry
0.85,0.11509875,0.12653312500000002,0.12081593750000001,normalized_position_not_absolute_stoichiometry
0.851,0.114947925,0.1264202375,0.12068408125,normalized_position_not_absolute_stoichiometry
0.852,0.1147971,0.12630735,0.12055222500000001,normalized_position_not_absolute_stoichiometry
0.853,0.11464627499999999,0.1261944625,0.12042036874999999,normalized_position_not_absolute_stoichiometry
0.854,0.11449545,0.126081575,0.1202885125,normalized_position_not_absolute_stoichiometry
0.855,0.114344625,0.1259686875,0.12015665625000001,normalized_position_not_absolute_stoichiometry
0.856,0.1141938,0.12585580000000002,0.12002480000000001,normalized_position_not_absolute_stoichiometry
0.857,0.11404297499999999,0.1257429125,0.11989294375,normalized_position_not_absolute_stoichiometry
0.858,0.11389215,0.125630025,0.1197610875,normalized_position_not_absolute_stoichiometry
0.859,0.113741325,0.12551713750000001,0.11962923125000001,normalized_position_not_absolute_stoichiometry
0.86,0.1135905,0.12540425,0.11949737499999999,normalized_position_not_absolute_stoichiometry
0.861,0.11336484999999999,0.1252913625,0.11932810625,normalized_position_not_absolute_stoichiometry
0.862,0.11311869999999999,0.125178475,0.1191485875,normalized_position_not_absolute_stoichiometry
0.863,0.11287254999999999,0.12506558750000002,0.11896906875,normalized_position_not_absolute_stoichiometry
0.864,0.11262639999999999,0.1249383,0.11878235,normalized_position_not_absolute_stoichiometry
0.865,0.11238024999999999,0.12478581250000001,0.11858303125,normalized_position_not_absolute_stoichiometry
0.866,0.11213409999999999,0.12463332500000002,0.1183837125,normalized_position_not_absolute_stoichiometry
0.867,0.11188794999999999,0.1244808375,0.11818439374999999,normalized_position_not_absolute_stoichiometry
0.868,0.11164179999999999,0.12432835,0.117985075,normalized_position_not_absolute_stoichiometry
0.869,0.11139564999999998,0.12415628750000002,0.11777596875,normalized_position_not_absolute_stoichiometry
0.87,0.11114949999999998,0.12387112500000001,0.11751031249999999,normalized_position_not_absolute_stoichiometry
0.871,0.11090334999999998,0.12358596250000001,0.11724465625,normalized_position_not_absolute_stoichiometry
0.872,0.11062749999999999,0.12330080000000002,0.11696415,normalized_position_not_absolute_stoichiometry
0.873,0.1103209375,0.12301563750000001,0.1166682875,normalized_position_not_absolute_stoichiometry
0.874,0.110014375,0.122730475,0.116372425,normalized_position_not_absolute_stoichiometry
0.875,0.1097078125,0.12244531250000001,0.11607656250000001,normalized_position_not_absolute_stoichiometry
0.876,0.10940124999999999,0.12216015000000001,0.1157807,normalized_position_not_absolute_stoichiometry
0.877,0.1090946875,0.1218749875,0.11548483749999999,normalized_position_not_absolute_stoichiometry
0.878,0.10878812499999999,0.12158982500000001,0.115188975,normalized_position_not_absolute_stoichiometry
0.879,0.10848156249999999,0.12130466250000002,0.1148931125,normalized_position_not_absolute_stoichiometry
0.88,0.108175,0.12101950000000002,0.11459725000000001,normalized_position_not_absolute_stoichiometry
0.881,0.1078684375,0.12073433750000001,0.1143013875,normalized_position_not_absolute_stoichiometry
0.882,0.10753522499999998,0.12044917500000002,0.1139922,normalized_position_not_absolute_stoichiometry
0.883,0.1071333375,0.12016401250000001,0.113648675,normalized_position_not_absolute_stoichiometry
0.884,0.10673144999999999,0.11987885000000001,0.11330515,normalized_position_not_absolute_stoichiometry
0.885,0.1063295625,0.11959368750000002,0.11296162500000001,normalized_position_not_absolute_stoichiometry
0.886,0.105927675,0.11930852500000003,0.11261810000000001,normalized_position_not_absolute_stoichiometry
0.887,0.1055257875,0.11894356250000002,0.112234675,normalized_position_not_absolute_stoichiometry
0.888,0.10512389999999999,0.11853300000000003,0.11182845000000001,normalized_position_not_absolute_stoichiometry
0.889,0.10472201249999999,0.11812243750000002,0.11142222500000001,normalized_position_not_absolute_stoichiometry
0.89,0.10432012499999999,0.11771187500000002,0.111016,normalized_position_not_absolute_stoichiometry
0.891,0.10391823749999998,0.11723241250000002,0.110575325,normalized_position_not_absolute_stoichiometry
0.892,0.10351634999999998,0.11658395000000003,0.11005015000000001,normalized_position_not_absolute_stoichiometry
0.893,0.10311446249999999,0.11593548750000003,0.10952497500000001,normalized_position_not_absolute_stoichiometry
0.894,0.10269632499999998,0.11528702500000002,0.108991675,normalized_position_not_absolute_stoichiometry
0.895,0.10218256249999998,0.11463856250000003,0.1084105625,normalized_position_not_absolute_stoichiometry
0.896,0.10166879999999998,0.11399010000000004,0.10782945000000001,normalized_position_not_absolute_stoichiometry
0.897,0.10115503749999998,0.11334163750000004,0.10724833750000001,normalized_position_not_absolute_stoichiometry
0.898,0.10064127499999997,0.11269317500000003,0.106667225,normalized_position_not_absolute_stoichiometry
0.899,0.10012751249999997,0.11204471250000003,0.1060861125,normalized_position_not_absolute_stoichiometry
0.9,0.09961374999999997,0.11139625000000003,0.105505,normalized_position_not_absolute_stoichiometry
0.901,0.09909998749999997,0.11074778750000003,0.10492388750000001,normalized_position_not_absolute_stoichiometry
0.902,0.09858622499999997,0.11009932500000003,0.104342775,normalized_position_not_absolute_stoichiometry
0.903,0.09807246249999996,0.10945086250000002,0.10376166249999999,normalized_position_not_absolute_stoichiometry
0.904,0.09769369999999997,0.10880240000000002,0.10324805,normalized_position_not_absolute_stoichiometry
0.905,0.09735431249999998,0.10815393750000003,0.102754125,normalized_position_not_absolute_stoichiometry
0.906,0.09701492499999997,0.10750547500000003,0.1022602,normalized_position_not_absolute_stoichiometry
0.907,0.09667553749999998,0.10685701250000001,0.10176627499999999,normalized_position_not_absolute_stoichiometry
0.908,0.09633614999999998,0.10620855000000003,0.10127235000000001,normalized_position_not_absolute_stoichiometry
0.909,0.09599676249999997,0.10556008750000002,0.100778425,normalized_position_not_absolute_stoichiometry
0.91,0.09565737499999998,0.10468962500000004,0.1001735,normalized_position_not_absolute_stoichiometry
0.911,0.09531798749999998,0.10379696250000003,0.099557475,normalized_position_not_absolute_stoichiometry
0.912,0.09497859999999997,0.10290430000000003,0.09894145,normalized_position_not_absolute_stoichiometry
0.913,0.09463921249999997,0.10216667500000003,0.09840294375,normalized_position_not_absolute_stoichiometry
0.914,0.09429982499999998,0.10163315000000002,0.0979664875,normalized_position_not_absolute_stoichiometry
0.915,0.09396043749999997,0.10109962500000003,0.09753003125,normalized_position_not_absolute_stoichiometry
0.916,0.09362104999999997,0.10056610000000002,0.09709357499999999,normalized_position_not_absolute_stoichiometry
0.917,0.09333528749999997,0.10003257500000003,0.09668393125,normalized_position_not_absolute_stoichiometry
0.918,0.09306302499999998,0.09949905000000002,0.0962810375,normalized_position_not_absolute_stoichiometry
0.919,0.09279076249999998,0.09896552500000003,0.09587814375,normalized_position_not_absolute_stoichiometry
0.92,0.09251849999999998,0.09843200000000002,0.09547525,normalized_position_not_absolute_stoichiometry
0.921,0.09224623749999998,0.09789847500000001,0.09507235624999999,normalized_position_not_absolute_stoichiometry
0.922,0.09197397499999999,0.09736495000000002,0.0946694625,normalized_position_not_absolute_stoichiometry
0.923,0.09170171249999998,0.09683142500000003,0.09426656875,normalized_position_not_absolute_stoichiometry
0.924,0.09142944999999998,0.09629790000000002,0.09386367500000001,normalized_position_not_absolute_stoichiometry
0.925,0.09117843749999999,0.09576437500000001,0.09347140625,normalized_position_not_absolute_stoichiometry
0.926,0.09098522499999999,0.09523085000000002,0.0931080375,normalized_position_not_absolute_stoichiometry
0.927,0.09079201249999999,0.09469732500000003,0.09274466875000001,normalized_position_not_absolute_stoichiometry
0.928,0.09059879999999998,0.09416380000000002,0.0923813,normalized_position_not_absolute_stoichiometry
0.929,0.0904055875,0.09363027500000003,0.09201793125000002,normalized_position_not_absolute_stoichiometry
0.93,0.09021237499999998,0.09309675000000003,0.09165456250000001,normalized_position_not_absolute_stoichiometry
0.931,0.09001916249999999,0.09256322500000003,0.09129119375,normalized_position_not_absolute_stoichiometry
0.932,0.08982594999999999,0.09209690000000001,0.090961425,normalized_position_not_absolute_stoichiometry
0.933,0.08963273749999999,0.091932975,0.09078285624999999,normalized_position_not_absolute_stoichiometry
0.934,0.08943952499999999,0.09176905000000002,0.0906042875,normalized_position_not_absolute_stoichiometry
0.935,0.08924631249999998,0.09163925,0.09044278124999999,normalized_position_not_absolute_stoichiometry
0.936,0.0890531,0.0915348,0.09029395,normalized_position_not_absolute_stoichiometry
0.937,0.08885988749999998,0.09143035000000001,0.09014511875,normalized_position_not_absolute_stoichiometry
0.9380000000000001,0.08866667499999999,0.09132590000000002,0.0899962875,normalized_position_not_absolute_stoichiometry
0.9390000000000001,0.0885321875,0.09122145000000001,0.08987681875,normalized_position_not_absolute_stoichiometry
0.9400000000000001,0.08846875,0.091117,0.089792875,normalized_position_not_absolute_stoichiometry
0.9410000000000001,0.0884053125,0.09101255,0.08970893125,normalized_position_not_absolute_stoichiometry
0.9420000000000001,0.08834187499999999,0.0909081,0.0896249875,normalized_position_not_absolute_stoichiometry
0.9430000000000001,0.0882784375,0.09080365,0.08954104375,normalized_position_not_absolute_stoichiometry
0.9440000000000001,0.08821499999999999,0.09069920000000001,0.0894571,normalized_position_not_absolute_stoichiometry
0.9450000000000001,0.08815156249999999,0.09059475,0.08937315625,normalized_position_not_absolute_stoichiometry
0.9460000000000001,0.08808812499999999,0.0904903,0.08928921249999999,normalized_position_not_absolute_stoichiometry
0.9470000000000001,0.0880388875,0.09038585,0.08921236874999999,normalized_position_not_absolute_stoichiometry
0.9480000000000001,0.08799404999999999,0.09028140000000001,0.089137725,normalized_position_not_absolute_stoichiometry
0.9490000000000001,0.0879492125,0.09017695,0.08906308125000001,normalized_position_not_absolute_stoichiometry
0.9500000000000001,0.08790437499999999,0.0900725,0.08898843749999999,normalized_position_not_absolute_stoichiometry
0.9510000000000001,0.0878595375,0.08996805,0.08891379375,normalized_position_not_absolute_stoichiometry
0.9520000000000001,0.0878147,0.0898636,0.08883915,normalized_position_not_absolute_stoichiometry
0.9530000000000001,0.08776986249999999,0.08975915000000001,0.08876450625,normalized_position_not_absolute_stoichiometry
0.9540000000000001,0.087725025,0.0896547,0.0886898625,normalized_position_not_absolute_stoichiometry
0.9550000000000001,0.08768018749999999,0.08957325,0.08862671875,normalized_position_not_absolute_stoichiometry
0.9560000000000001,0.08763535,0.0895194,0.088577375,normalized_position_not_absolute_stoichiometry
0.9570000000000001,0.0875905125,0.089468825,0.08852966875,normalized_position_not_absolute_stoichiometry
0.9580000000000001,0.08754567499999999,0.08941955,0.0884826125,normalized_position_not_absolute_stoichiometry
0.9590000000000001,0.0875008375,0.089370275,0.08843555624999999,normalized_position_not_absolute_stoichiometry
0.96,0.087456,0.089321,0.08838850000000001,normalized_position_not_absolute_stoichiometry
0.961,0.0874152,0.089271725,0.0883434625,normalized_position_not_absolute_stoichiometry
0.962,0.0874084,0.08922245000000001,0.088315425,normalized_position_not_absolute_stoichiometry
0.963,0.0874016,0.089173175,0.0882873875,normalized_position_not_absolute_stoichiometry
0.964,0.0873948,0.0891239,0.08825935,normalized_position_not_absolute_stoichiometry
0.965,0.087388,0.08907462499999999,0.08823131249999999,normalized_position_not_absolute_stoichiometry
0.966,0.08738119999999999,0.08902535,0.088203275,normalized_position_not_absolute_stoichiometry
0.967,0.08737439999999999,0.088976075,0.0881752375,normalized_position_not_absolute_stoichiometry
0.968,0.0873688,0.0889268,0.0881478,normalized_position_not_absolute_stoichiometry
0.969,0.08736665,0.088877525,0.0881220875,normalized_position_not_absolute_stoichiometry
0.97,0.0873645,0.08882825,0.088096375,normalized_position_not_absolute_stoichiometry
0.971,0.08736235,0.08877897500000001,0.08807066250000001,normalized_position_not_absolute_stoichiometry
0.972,0.0873602,0.0887297,0.08804495,normalized_position_not_absolute_stoichiometry
0.973,0.08735804999999999,0.08868042500000001,0.0880192375,normalized_position_not_absolute_stoichiometry
0.974,0.0873559,0.08863114999999999,0.08799352499999999,normalized_position_not_absolute_stoichiometry
0.975,0.08735375000000001,0.088581875,0.0879678125,normalized_position_not_absolute_stoichiometry
0.976,0.0873516,0.0885326,0.0879421,normalized_position_not_absolute_stoichiometry
0.977,0.08734945,0.088483325,0.0879163875,normalized_position_not_absolute_stoichiometry
0.978,0.0873473,0.08845325000000001,0.087900275,normalized_position_not_absolute_stoichiometry
0.979,0.08734515000000001,0.08845,0.087897575,normalized_position_not_absolute_stoichiometry
0.98,0.087343,0.08845,0.0878965,normalized_position_not_absolute_stoichiometry
0.981,0.08734085,0.08845,0.087895425,normalized_position_not_absolute_stoichiometry
0.982,0.0873387,0.08845,0.08789435000000001,normalized_position_not_absolute_stoichiometry
0.983,0.08733655000000001,0.08845,0.087893275,normalized_position_not_absolute_stoichiometry
0.984,0.08734006666666666,0.08845,0.08789503333333333,normalized_position_not_absolute_stoichiometry
0.985,0.087345375,0.08845,0.0878976875,normalized_position_not_absolute_stoichiometry
0.986,0.08735068333333335,0.08845,0.08790034166666667,normalized_position_not_absolute_stoichiometry
0.987,0.08735599166666667,0.08845,0.08790299583333333,normalized_position_not_absolute_stoichiometry
0.988,0.0873613,0.08845,0.08790565,normalized_position_not_absolute_stoichiometry
0.989,0.08736660833333335,0.08845,0.08790830416666667,normalized_position_not_absolute_stoichiometry
0.99,0.08737366666666667,0.08845,0.08791183333333333,normalized_position_not_absolute_stoichiometry
0.991,0.0873813,0.08845,0.08791565,normalized_position_not_absolute_stoichiometry
0.992,0.08738893333333334,0.08845,0.08791946666666667,normalized_position_not_absolute_stoichiometry
0.993,0.08739656666666668,0.08845,0.08792328333333334,normalized_position_not_absolute_stoichiometry
0.994,0.0874042,0.08845,0.08792710000000001,normalized_position_not_absolute_stoichiometry
0.995,0.08741183333333333,0.08845,0.08793091666666666,normalized_position_not_absolute_stoichiometry
0.996,0.08741946666666667,0.08845,0.08793473333333333,normalized_position_not_absolute_stoichiometry
0.997,0.08742710000000001,0.08845,0.08793855,normalized_position_not_absolute_stoichiometry
0.998,0.08743473333333333,0.08845,0.08794236666666666,normalized_position_not_absolute_stoichiometry
0.999,0.08744236666666666,0.08845,0.08794618333333333,normalized_position_not_absolute_stoichiometry
1.0,0.08745,0.08845,0.08795,normalized_position_not_absolute_stoichiometry
