Cell,C_rate,Direction_next,t_relative_to_CC_start_min,Voltage_V,Current_A,Date
6-1,0.5,Discharge,-120.0,4.1927,0.0,2026-09-21 20:55:21
6-1,0.5,Discharge,-119.5,4.1856,0.0,2026-09-21 20:55:51
6-1,0.5,Discharge,-119.0,4.1828,0.0,2026-09-21 20:56:21
6-1,0.5,Discharge,-118.5,4.1808,0.0,2026-09-21 20:56:51
6-1,0.5,Discharge,-118.0,4.1793,0.0,2026-09-21 20:57:21
6-1,0.5,Discharge,-117.5,4.1781,0.0,2026-09-21 20:57:51
6-1,0.5,Discharge,-117.0,4.1773,0.0,2026-09-21 20:58:21
6-1,0.5,Discharge,-116.5,4.1765,0.0,2026-09-21 20:58:51
6-1,0.5,Discharge,-116.0,4.1758,0.0,2026-09-21 20:59:21
6-1,0.5,Discharge,-115.5,4.1753,0.0,2026-09-21 20:59:51
6-1,0.5,Discharge,-115.0,4.1748,0.0,2026-09-21 21:00:21
6-1,0.5,Discharge,-114.5,4.1743,0.0,2026-09-21 21:00:51
6-1,0.5,Discharge,-114.0,4.1739,0.0,2026-09-21 21:01:21
6-1,0.5,Discharge,-113.5,4.1736,0.0,2026-09-21 21:01:51
6-1,0.5,Discharge,-113.0,4.1732,0.0,2026-09-21 21:02:21
6-1,0.5,Discharge,-112.5,4.1729,0.0,2026-09-21 21:02:51
6-1,0.5,Discharge,-112.0,4.1727,0.0,2026-09-21 21:03:21
6-1,0.5,Discharge,-111.5,4.1724,0.0,2026-09-21 21:03:51
6-1,0.5,Discharge,-111.0,4.1723,0.0,2026-09-21 21:04:21
6-1,0.5,Discharge,-110.5,4.1721,0.0,2026-09-21 21:04:51
6-1,0.5,Discharge,-110.0,4.1718,0.0,2026-09-21 21:05:21
6-1,0.5,Discharge,-109.5,4.1717,0.0,2026-09-21 21:05:51
6-1,0.5,Discharge,-109.0,4.1715,0.0,2026-09-21 21:06:21
6-1,0.5,Discharge,-108.5,4.1713,0.0,2026-09-21 21:06:51
6-1,0.5,Discharge,-108.0,4.1712,0.0,2026-09-21 21:07:21
6-1,0.5,Discharge,-107.5,4.1711,0.0,2026-09-21 21:07:51
6-1,0.5,Discharge,-107.0,4.171,0.0,2026-09-21 21:08:21
6-1,0.5,Discharge,-106.5,4.1708,0.0,2026-09-21 21:08:51
6-1,0.5,Discharge,-106.0,4.1706,0.0,2026-09-21 21:09:21
6-1,0.5,Discharge,-105.5,4.1705,0.0,2026-09-21 21:09:51
6-1,0.5,Discharge,-105.0,4.1704,0.0,2026-09-21 21:10:21
6-1,0.5,Discharge,-104.5,4.1704,0.0,2026-09-21 21:10:51
6-1,0.5,Discharge,-104.0,4.1703,0.0,2026-09-21 21:11:21
6-1,0.5,Discharge,-103.5,4.1702,0.0,2026-09-21 21:11:51
6-1,0.5,Discharge,-103.0,4.17,0.0,2026-09-21 21:12:21
6-1,0.5,Discharge,-102.5,4.17,0.0,2026-09-21 21:12:51
6-1,0.5,Discharge,-102.0,4.17,0.0,2026-09-21 21:13:21
6-1,0.5,Discharge,-101.5,4.1698,0.0,2026-09-21 21:13:51
6-1,0.5,Discharge,-101.0,4.1698,0.0,2026-09-21 21:14:21
6-1,0.5,Discharge,-100.5,4.1697,0.0,2026-09-21 21:14:51
6-1,0.5,Discharge,-100.0,4.1696,0.0,2026-09-21 21:15:21
6-1,0.5,Discharge,-99.5,4.1696,0.0,2026-09-21 21:15:51
6-1,0.5,Discharge,-99.0,4.1696,0.0,2026-09-21 21:16:21
6-1,0.5,Discharge,-98.5,4.1694,0.0,2026-09-21 21:16:51
6-1,0.5,Discharge,-98.0,4.1694,0.0,2026-09-21 21:17:21
6-1,0.5,Discharge,-97.5,4.1693,0.0,2026-09-21 21:17:51
6-1,0.5,Discharge,-97.0,4.1693,0.0,2026-09-21 21:18:21
6-1,0.5,Discharge,-96.5,4.1692,0.0,2026-09-21 21:18:51
6-1,0.5,Discharge,-96.0,4.1692,0.0,2026-09-21 21:19:21
6-1,0.5,Discharge,-95.5,4.1692,0.0,2026-09-21 21:19:51
6-1,0.5,Discharge,-95.0,4.1691,0.0,2026-09-21 21:20:21
6-1,0.5,Discharge,-94.5,4.1691,0.0,2026-09-21 21:20:51
6-1,0.5,Discharge,-94.0,4.169,0.0,2026-09-21 21:21:21
6-1,0.5,Discharge,-93.5,4.169,0.0,2026-09-21 21:21:51
6-1,0.5,Discharge,-93.0,4.1689,0.0,2026-09-21 21:22:21
6-1,0.5,Discharge,-92.5,4.1689,0.0,2026-09-21 21:22:51
6-1,0.5,Discharge,-92.0,4.1688,0.0,2026-09-21 21:23:21
6-1,0.5,Discharge,-91.5,4.1688,0.0,2026-09-21 21:23:51
6-1,0.5,Discharge,-91.0,4.1688,0.0,2026-09-21 21:24:21
6-1,0.5,Discharge,-90.5,4.1687,0.0,2026-09-21 21:24:51
6-1,0.5,Discharge,-90.0,4.1687,0.0,2026-09-21 21:25:21
6-1,0.5,Discharge,-89.5,4.1686,0.0,2026-09-21 21:25:51
6-1,0.5,Discharge,-89.0,4.1686,0.0,2026-09-21 21:26:21
6-1,0.5,Discharge,-88.5,4.1685,0.0,2026-09-21 21:26:51
6-1,0.5,Discharge,-88.0,4.1685,0.0,2026-09-21 21:27:21
6-1,0.5,Discharge,-87.5,4.1685,0.0,2026-09-21 21:27:51
6-1,0.5,Discharge,-87.0,4.1685,0.0,2026-09-21 21:28:21
6-1,0.5,Discharge,-86.5,4.1684,0.0,2026-09-21 21:28:51
6-1,0.5,Discharge,-86.0,4.1685,0.0,2026-09-21 21:29:21
6-1,0.5,Discharge,-85.5,4.1684,0.0,2026-09-21 21:29:51
6-1,0.5,Discharge,-85.0,4.1684,0.0,2026-09-21 21:30:21
6-1,0.5,Discharge,-84.5,4.1684,0.0,2026-09-21 21:30:51
6-1,0.5,Discharge,-84.0,4.1683,0.0,2026-09-21 21:31:21
6-1,0.5,Discharge,-83.5,4.1684,0.0,2026-09-21 21:31:51
6-1,0.5,Discharge,-83.0,4.1684,0.0,2026-09-21 21:32:21
6-1,0.5,Discharge,-82.5,4.1683,0.0,2026-09-21 21:32:51
6-1,0.5,Discharge,-82.0,4.1682,0.0,2026-09-21 21:33:21
6-1,0.5,Discharge,-81.5,4.1682,0.0,2026-09-21 21:33:51
6-1,0.5,Discharge,-81.0,4.1682,0.0,2026-09-21 21:34:21
6-1,0.5,Discharge,-80.5,4.1681,0.0,2026-09-21 21:34:51
6-1,0.5,Discharge,-80.0,4.1682,0.0,2026-09-21 21:35:21
6-1,0.5,Discharge,-79.5,4.1681,0.0,2026-09-21 21:35:51
6-1,0.5,Discharge,-79.0,4.1681,0.0,2026-09-21 21:36:21
6-1,0.5,Discharge,-78.5,4.1682,0.0,2026-09-21 21:36:51
6-1,0.5,Discharge,-78.0,4.1681,0.0,2026-09-21 21:37:21
6-1,0.5,Discharge,-77.5,4.168,0.0,2026-09-21 21:37:51
6-1,0.5,Discharge,-77.0,4.1681,0.0,2026-09-21 21:38:21
6-1,0.5,Discharge,-76.5,4.168,0.0,2026-09-21 21:38:51
6-1,0.5,Discharge,-76.0,4.168,0.0,2026-09-21 21:39:21
6-1,0.5,Discharge,-75.5,4.168,0.0,2026-09-21 21:39:51
6-1,0.5,Discharge,-75.0,4.168,0.0,2026-09-21 21:40:21
6-1,0.5,Discharge,-74.5,4.168,0.0,2026-09-21 21:40:51
6-1,0.5,Discharge,-74.0,4.1679,0.0,2026-09-21 21:41:21
6-1,0.5,Discharge,-73.5,4.168,0.0,2026-09-21 21:41:51
6-1,0.5,Discharge,-73.0,4.1679,0.0,2026-09-21 21:42:21
6-1,0.5,Discharge,-72.5,4.1679,0.0,2026-09-21 21:42:51
6-1,0.5,Discharge,-72.0,4.1678,0.0,2026-09-21 21:43:21
6-1,0.5,Discharge,-71.5,4.1678,0.0,2026-09-21 21:43:51
6-1,0.5,Discharge,-71.0,4.1678,0.0,2026-09-21 21:44:21
6-1,0.5,Discharge,-70.5,4.1678,0.0,2026-09-21 21:44:51
6-1,0.5,Discharge,-70.0,4.1678,0.0,2026-09-21 21:45:21
6-1,0.5,Discharge,-69.5,4.1678,0.0,2026-09-21 21:45:51
6-1,0.5,Discharge,-69.0,4.1677,0.0,2026-09-21 21:46:21
6-1,0.5,Discharge,-68.5,4.1677,0.0,2026-09-21 21:46:51
6-1,0.5,Discharge,-68.0,4.1677,0.0,2026-09-21 21:47:21
6-1,0.5,Discharge,-67.5,4.1677,0.0,2026-09-21 21:47:51
6-1,0.5,Discharge,-67.0,4.1677,0.0,2026-09-21 21:48:21
6-1,0.5,Discharge,-66.5,4.1677,0.0,2026-09-21 21:48:51
6-1,0.5,Discharge,-66.0,4.1676,0.0,2026-09-21 21:49:21
6-1,0.5,Discharge,-65.5,4.1677,0.0,2026-09-21 21:49:51
6-1,0.5,Discharge,-65.0,4.1676,0.0,2026-09-21 21:50:21
6-1,0.5,Discharge,-64.5,4.1676,0.0,2026-09-21 21:50:51
6-1,0.5,Discharge,-64.0,4.1676,0.0,2026-09-21 21:51:21
6-1,0.5,Discharge,-63.5,4.1676,0.0,2026-09-21 21:51:51
6-1,0.5,Discharge,-63.0,4.1676,0.0,2026-09-21 21:52:21
6-1,0.5,Discharge,-62.5,4.1676,0.0,2026-09-21 21:52:51
6-1,0.5,Discharge,-62.0,4.1676,0.0,2026-09-21 21:53:21
6-1,0.5,Discharge,-61.5,4.1676,0.0,2026-09-21 21:53:51
6-1,0.5,Discharge,-61.0,4.1676,0.0,2026-09-21 21:54:21
6-1,0.5,Discharge,-60.5,4.1676,0.0,2026-09-21 21:54:51
6-1,0.5,Discharge,-60.0,4.1675,0.0,2026-09-21 21:55:21
6-1,0.5,Discharge,-59.5,4.1676,0.0,2026-09-21 21:55:51
6-1,0.5,Discharge,-59.0,4.1675,0.0,2026-09-21 21:56:21
6-1,0.5,Discharge,-58.5,4.1675,0.0,2026-09-21 21:56:51
6-1,0.5,Discharge,-58.0,4.1674,0.0,2026-09-21 21:57:21
6-1,0.5,Discharge,-57.5,4.1675,0.0,2026-09-21 21:57:51
6-1,0.5,Discharge,-57.0,4.1675,0.0,2026-09-21 21:58:21
6-1,0.5,Discharge,-56.5,4.1675,0.0,2026-09-21 21:58:51
6-1,0.5,Discharge,-56.0,4.1675,0.0,2026-09-21 21:59:21
6-1,0.5,Discharge,-55.5,4.1675,0.0,2026-09-21 21:59:51
6-1,0.5,Discharge,-55.0,4.1674,0.0,2026-09-21 22:00:21
6-1,0.5,Discharge,-54.5,4.1675,0.0,2026-09-21 22:00:51
6-1,0.5,Discharge,-54.0,4.1674,0.0,2026-09-21 22:01:21
6-1,0.5,Discharge,-53.5,4.1674,0.0,2026-09-21 22:01:51
6-1,0.5,Discharge,-53.0,4.1674,0.0,2026-09-21 22:02:21
6-1,0.5,Discharge,-52.5,4.1674,0.0,2026-09-21 22:02:51
6-1,0.5,Discharge,-52.0,4.1673,0.0,2026-09-21 22:03:21
6-1,0.5,Discharge,-51.5,4.1674,0.0,2026-09-21 22:03:51
6-1,0.5,Discharge,-51.0,4.1673,0.0,2026-09-21 22:04:21
6-1,0.5,Discharge,-50.5,4.1674,0.0,2026-09-21 22:04:51
6-1,0.5,Discharge,-50.0,4.1674,0.0,2026-09-21 22:05:21
6-1,0.5,Discharge,-49.5,4.1673,0.0,2026-09-21 22:05:51
6-1,0.5,Discharge,-49.0,4.1672,0.0,2026-09-21 22:06:21
6-1,0.5,Discharge,-48.5,4.1673,0.0,2026-09-21 22:06:51
6-1,0.5,Discharge,-48.0,4.1673,0.0,2026-09-21 22:07:21
6-1,0.5,Discharge,-47.5,4.1673,0.0,2026-09-21 22:07:51
6-1,0.5,Discharge,-47.0,4.1672,0.0,2026-09-21 22:08:21
6-1,0.5,Discharge,-46.5,4.1673,0.0,2026-09-21 22:08:51
6-1,0.5,Discharge,-46.0,4.1673,0.0,2026-09-21 22:09:21
6-1,0.5,Discharge,-45.5,4.1672,0.0,2026-09-21 22:09:51
6-1,0.5,Discharge,-45.0,4.1673,0.0,2026-09-21 22:10:21
6-1,0.5,Discharge,-44.5,4.1673,0.0,2026-09-21 22:10:51
6-1,0.5,Discharge,-44.0,4.1672,0.0,2026-09-21 22:11:21
6-1,0.5,Discharge,-43.5,4.1671,0.0,2026-09-21 22:11:51
6-1,0.5,Discharge,-43.0,4.1672,0.0,2026-09-21 22:12:21
6-1,0.5,Discharge,-42.5,4.1672,0.0,2026-09-21 22:12:51
6-1,0.5,Discharge,-42.0,4.1673,0.0,2026-09-21 22:13:21
6-1,0.5,Discharge,-41.5,4.1672,0.0,2026-09-21 22:13:51
6-1,0.5,Discharge,-41.0,4.1672,0.0,2026-09-21 22:14:21
6-1,0.5,Discharge,-40.5,4.1672,0.0,2026-09-21 22:14:51
6-1,0.5,Discharge,-40.0,4.1671,0.0,2026-09-21 22:15:21
6-1,0.5,Discharge,-39.5,4.1671,0.0,2026-09-21 22:15:51
6-1,0.5,Discharge,-39.0,4.1672,0.0,2026-09-21 22:16:21
6-1,0.5,Discharge,-38.5,4.1672,0.0,2026-09-21 22:16:51
6-1,0.5,Discharge,-38.0,4.1672,0.0,2026-09-21 22:17:21
6-1,0.5,Discharge,-37.5,4.1671,0.0,2026-09-21 22:17:51
6-1,0.5,Discharge,-37.0,4.1671,0.0,2026-09-21 22:18:21
6-1,0.5,Discharge,-36.5,4.167,0.0,2026-09-21 22:18:51
6-1,0.5,Discharge,-36.0,4.167,0.0,2026-09-21 22:19:21
6-1,0.5,Discharge,-35.5,4.1671,0.0,2026-09-21 22:19:51
6-1,0.5,Discharge,-35.0,4.1672,0.0,2026-09-21 22:20:21
6-1,0.5,Discharge,-34.5,4.1671,0.0,2026-09-21 22:20:51
6-1,0.5,Discharge,-34.0,4.1671,0.0,2026-09-21 22:21:21
6-1,0.5,Discharge,-33.5,4.167,0.0,2026-09-21 22:21:51
6-1,0.5,Discharge,-33.0,4.1669,0.0,2026-09-21 22:22:21
6-1,0.5,Discharge,-32.5,4.1671,0.0,2026-09-21 22:22:51
6-1,0.5,Discharge,-32.0,4.167,0.0,2026-09-21 22:23:21
6-1,0.5,Discharge,-31.5,4.1671,0.0,2026-09-21 22:23:51
6-1,0.5,Discharge,-31.0,4.167,0.0,2026-09-21 22:24:21
6-1,0.5,Discharge,-30.5,4.167,0.0,2026-09-21 22:24:51
6-1,0.5,Discharge,-30.0,4.167,0.0,2026-09-21 22:25:21
6-1,0.5,Discharge,-29.5,4.167,0.0,2026-09-21 22:25:51
6-1,0.5,Discharge,-29.0,4.167,0.0,2026-09-21 22:26:21
6-1,0.5,Discharge,-28.5,4.167,0.0,2026-09-21 22:26:51
6-1,0.5,Discharge,-28.0,4.167,0.0,2026-09-21 22:27:21
6-1,0.5,Discharge,-27.5,4.167,0.0,2026-09-21 22:27:51
6-1,0.5,Discharge,-27.0,4.167,0.0,2026-09-21 22:28:21
6-1,0.5,Discharge,-26.5,4.167,0.0,2026-09-21 22:28:51
6-1,0.5,Discharge,-26.0,4.1669,0.0,2026-09-21 22:29:21
6-1,0.5,Discharge,-25.5,4.1669,0.0,2026-09-21 22:29:51
6-1,0.5,Discharge,-25.0,4.1669,0.0,2026-09-21 22:30:21
6-1,0.5,Discharge,-24.5,4.1669,0.0,2026-09-21 22:30:51
6-1,0.5,Discharge,-24.0,4.167,0.0,2026-09-21 22:31:21
6-1,0.5,Discharge,-23.5,4.1669,0.0,2026-09-21 22:31:51
6-1,0.5,Discharge,-23.0,4.1669,0.0,2026-09-21 22:32:21
6-1,0.5,Discharge,-22.5,4.1669,0.0,2026-09-21 22:32:51
6-1,0.5,Discharge,-22.0,4.1669,0.0,2026-09-21 22:33:21
6-1,0.5,Discharge,-21.5,4.1669,0.0,2026-09-21 22:33:51
6-1,0.5,Discharge,-21.0,4.1669,0.0,2026-09-21 22:34:21
6-1,0.5,Discharge,-20.5,4.1668,0.0,2026-09-21 22:34:51
6-1,0.5,Discharge,-20.0,4.1668,0.0,2026-09-21 22:35:21
6-1,0.5,Discharge,-19.5,4.1669,0.0,2026-09-21 22:35:51
6-1,0.5,Discharge,-19.0,4.167,0.0,2026-09-21 22:36:21
6-1,0.5,Discharge,-18.5,4.1668,0.0,2026-09-21 22:36:51
6-1,0.5,Discharge,-18.0,4.1669,0.0,2026-09-21 22:37:21
6-1,0.5,Discharge,-17.5,4.1669,0.0,2026-09-21 22:37:51
6-1,0.5,Discharge,-17.0,4.1669,0.0,2026-09-21 22:38:21
6-1,0.5,Discharge,-16.5,4.1668,0.0,2026-09-21 22:38:51
6-1,0.5,Discharge,-16.0,4.1668,0.0,2026-09-21 22:39:21
6-1,0.5,Discharge,-15.5,4.1668,0.0,2026-09-21 22:39:51
6-1,0.5,Discharge,-15.0,4.1668,0.0,2026-09-21 22:40:21
6-1,0.5,Discharge,-14.5,4.1667,0.0,2026-09-21 22:40:51
6-1,0.5,Discharge,-14.0,4.1668,0.0,2026-09-21 22:41:21
6-1,0.5,Discharge,-13.5,4.1668,0.0,2026-09-21 22:41:51
6-1,0.5,Discharge,-13.0,4.1668,0.0,2026-09-21 22:42:21
6-1,0.5,Discharge,-12.5,4.1668,0.0,2026-09-21 22:42:51
6-1,0.5,Discharge,-12.0,4.1668,0.0,2026-09-21 22:43:21
6-1,0.5,Discharge,-11.5,4.1668,0.0,2026-09-21 22:43:51
6-1,0.5,Discharge,-11.0,4.1667,0.0,2026-09-21 22:44:21
6-1,0.5,Discharge,-10.5,4.1667,0.0,2026-09-21 22:44:51
6-1,0.5,Discharge,-10.0,4.1667,0.0,2026-09-21 22:45:21
6-1,0.5,Discharge,-9.5,4.1667,0.0,2026-09-21 22:45:51
6-1,0.5,Discharge,-9.0,4.1668,0.0,2026-09-21 22:46:21
6-1,0.5,Discharge,-8.5,4.1668,0.0,2026-09-21 22:46:51
6-1,0.5,Discharge,-8.0,4.1668,0.0,2026-09-21 22:47:21
6-1,0.5,Discharge,-7.5,4.1667,0.0,2026-09-21 22:47:51
6-1,0.5,Discharge,-7.0,4.1667,0.0,2026-09-21 22:48:21
6-1,0.5,Discharge,-6.5,4.1668,0.0,2026-09-21 22:48:51
6-1,0.5,Discharge,-6.0,4.1668,0.0,2026-09-21 22:49:21
6-1,0.5,Discharge,-5.5,4.1668,0.0,2026-09-21 22:49:51
6-1,0.5,Discharge,-5.0,4.1667,0.0,2026-09-21 22:50:21
6-1,0.5,Discharge,-4.5,4.1666,0.0,2026-09-21 22:50:51
6-1,0.5,Discharge,-4.0,4.1667,0.0,2026-09-21 22:51:21
6-1,0.5,Discharge,-3.5,4.1666,0.0,2026-09-21 22:51:51
6-1,0.5,Discharge,-3.0,4.1667,0.0,2026-09-21 22:52:21
6-1,0.5,Discharge,-2.5,4.1667,0.0,2026-09-21 22:52:51
6-1,0.5,Discharge,-2.0,4.1667,0.0,2026-09-21 22:53:21
6-1,0.5,Discharge,-1.5,4.1667,0.0,2026-09-21 22:53:51
6-1,0.5,Discharge,-1.0,4.1667,0.0,2026-09-21 22:54:21
6-1,0.5,Discharge,-0.5,4.1667,0.0,2026-09-21 22:54:51
6-1,0.5,Discharge,0.0,4.1667,0.0,2026-09-21 22:55:21
6-1,0.5,Charge,-120.0,3.0469,0.0,2026-09-22 00:53:01
6-1,0.5,Charge,-119.5,3.1686,0.0,2026-09-22 00:53:31
6-1,0.5,Charge,-119.0,3.1879,0.0,2026-09-22 00:54:01
6-1,0.5,Charge,-118.5,3.2,0.0,2026-09-22 00:54:31
6-1,0.5,Charge,-118.0,3.2085,0.0,2026-09-22 00:55:01
6-1,0.5,Charge,-117.5,3.2153,0.0,2026-09-22 00:55:31
6-1,0.5,Charge,-117.0,3.2208,0.0,2026-09-22 00:56:01
6-1,0.5,Charge,-116.5,3.2255,0.0,2026-09-22 00:56:31
6-1,0.5,Charge,-116.0,3.2296,0.0,2026-09-22 00:57:01
6-1,0.5,Charge,-115.5,3.2334,0.0,2026-09-22 00:57:31
6-1,0.5,Charge,-115.0,3.2367,0.0,2026-09-22 00:58:01
6-1,0.5,Charge,-114.5,3.24,0.0,2026-09-22 00:58:31
6-1,0.5,Charge,-114.0,3.243,0.0,2026-09-22 00:59:01
6-1,0.5,Charge,-113.5,3.2459,0.0,2026-09-22 00:59:31
6-1,0.5,Charge,-113.0,3.2486,0.0,2026-09-22 01:00:01
6-1,0.5,Charge,-112.5,3.2512,0.0,2026-09-22 01:00:31
6-1,0.5,Charge,-112.0,3.2537,0.0,2026-09-22 01:01:01
6-1,0.5,Charge,-111.5,3.2561,0.0,2026-09-22 01:01:31
6-1,0.5,Charge,-111.0,3.2584,0.0,2026-09-22 01:02:01
6-1,0.5,Charge,-110.5,3.2606,0.0,2026-09-22 01:02:31
6-1,0.5,Charge,-110.0,3.2628,0.0,2026-09-22 01:03:01
6-1,0.5,Charge,-109.5,3.2648,0.0,2026-09-22 01:03:31
6-1,0.5,Charge,-109.0,3.2669,0.0,2026-09-22 01:04:01
6-1,0.5,Charge,-108.5,3.269,0.0,2026-09-22 01:04:31
6-1,0.5,Charge,-108.0,3.2709,0.0,2026-09-22 01:05:01
6-1,0.5,Charge,-107.5,3.2728,0.0,2026-09-22 01:05:31
6-1,0.5,Charge,-107.0,3.2746,0.0,2026-09-22 01:06:01
6-1,0.5,Charge,-106.5,3.2765,0.0,2026-09-22 01:06:31
6-1,0.5,Charge,-106.0,3.2782,0.0,2026-09-22 01:07:01
6-1,0.5,Charge,-105.5,3.28,0.0,2026-09-22 01:07:31
6-1,0.5,Charge,-105.0,3.2816,0.0,2026-09-22 01:08:01
6-1,0.5,Charge,-104.5,3.2833,0.0,2026-09-22 01:08:31
6-1,0.5,Charge,-104.0,3.2849,0.0,2026-09-22 01:09:01
6-1,0.5,Charge,-103.5,3.2865,0.0,2026-09-22 01:09:31
6-1,0.5,Charge,-103.0,3.2881,0.0,2026-09-22 01:10:01
6-1,0.5,Charge,-102.5,3.2895,0.0,2026-09-22 01:10:31
6-1,0.5,Charge,-102.0,3.291,0.0,2026-09-22 01:11:01
6-1,0.5,Charge,-101.5,3.2926,0.0,2026-09-22 01:11:31
6-1,0.5,Charge,-101.0,3.2941,0.0,2026-09-22 01:12:01
6-1,0.5,Charge,-100.5,3.2953,0.0,2026-09-22 01:12:31
6-1,0.5,Charge,-100.0,3.2968,0.0,2026-09-22 01:13:01
6-1,0.5,Charge,-99.5,3.2982,0.0,2026-09-22 01:13:31
6-1,0.5,Charge,-99.0,3.2996,0.0,2026-09-22 01:14:01
6-1,0.5,Charge,-98.5,3.3008,0.0,2026-09-22 01:14:31
6-1,0.5,Charge,-98.0,3.3022,0.0,2026-09-22 01:15:01
6-1,0.5,Charge,-97.5,3.3034,0.0,2026-09-22 01:15:31
6-1,0.5,Charge,-97.0,3.3047,0.0,2026-09-22 01:16:01
6-1,0.5,Charge,-96.5,3.3059,0.0,2026-09-22 01:16:31
6-1,0.5,Charge,-96.0,3.3072,0.0,2026-09-22 01:17:01
6-1,0.5,Charge,-95.5,3.3083,0.0,2026-09-22 01:17:31
6-1,0.5,Charge,-95.0,3.3095,0.0,2026-09-22 01:18:01
6-1,0.5,Charge,-94.5,3.3107,0.0,2026-09-22 01:18:31
6-1,0.5,Charge,-94.0,3.3118,0.0,2026-09-22 01:19:01
6-1,0.5,Charge,-93.5,3.313,0.0,2026-09-22 01:19:31
6-1,0.5,Charge,-93.0,3.3141,0.0,2026-09-22 01:20:01
6-1,0.5,Charge,-92.5,3.3152,0.0,2026-09-22 01:20:31
6-1,0.5,Charge,-92.0,3.3164,0.0,2026-09-22 01:21:01
6-1,0.5,Charge,-91.5,3.3174,0.0,2026-09-22 01:21:31
6-1,0.5,Charge,-91.0,3.3184,0.0,2026-09-22 01:22:01
6-1,0.5,Charge,-90.5,3.3194,0.0,2026-09-22 01:22:31
6-1,0.5,Charge,-90.0,3.3204,0.0,2026-09-22 01:23:01
6-1,0.5,Charge,-89.5,3.3213,0.0,2026-09-22 01:23:31
6-1,0.5,Charge,-89.0,3.3224,0.0,2026-09-22 01:24:01
6-1,0.5,Charge,-88.5,3.3234,0.0,2026-09-22 01:24:31
6-1,0.5,Charge,-88.0,3.3243,0.0,2026-09-22 01:25:01
6-1,0.5,Charge,-87.5,3.3252,0.0,2026-09-22 01:25:31
6-1,0.5,Charge,-87.0,3.3263,0.0,2026-09-22 01:26:01
6-1,0.5,Charge,-86.5,3.3271,0.0,2026-09-22 01:26:31
6-1,0.5,Charge,-86.0,3.328,0.0,2026-09-22 01:27:01
6-1,0.5,Charge,-85.5,3.329,0.0,2026-09-22 01:27:31
6-1,0.5,Charge,-85.0,3.3299,0.0,2026-09-22 01:28:01
6-1,0.5,Charge,-84.5,3.3306,0.0,2026-09-22 01:28:31
6-1,0.5,Charge,-84.0,3.3316,0.0,2026-09-22 01:29:01
6-1,0.5,Charge,-83.5,3.3324,0.0,2026-09-22 01:29:31
6-1,0.5,Charge,-83.0,3.3332,0.0,2026-09-22 01:30:01
6-1,0.5,Charge,-82.5,3.3341,0.0,2026-09-22 01:30:31
6-1,0.5,Charge,-82.0,3.3348,0.0,2026-09-22 01:31:01
6-1,0.5,Charge,-81.5,3.3356,0.0,2026-09-22 01:31:31
6-1,0.5,Charge,-81.0,3.3365,0.0,2026-09-22 01:32:01
6-1,0.5,Charge,-80.5,3.3372,0.0,2026-09-22 01:32:31
6-1,0.5,Charge,-80.0,3.3379,0.0,2026-09-22 01:33:01
6-1,0.5,Charge,-79.5,3.3386,0.0,2026-09-22 01:33:31
6-1,0.5,Charge,-79.0,3.3395,0.0,2026-09-22 01:34:01
6-1,0.5,Charge,-78.5,3.3402,0.0,2026-09-22 01:34:31
6-1,0.5,Charge,-78.0,3.3409,0.0,2026-09-22 01:35:01
6-1,0.5,Charge,-77.5,3.3416,0.0,2026-09-22 01:35:31
6-1,0.5,Charge,-77.0,3.3423,0.0,2026-09-22 01:36:01
6-1,0.5,Charge,-76.5,3.3429,0.0,2026-09-22 01:36:31
6-1,0.5,Charge,-76.0,3.3437,0.0,2026-09-22 01:37:01
6-1,0.5,Charge,-75.5,3.3443,0.0,2026-09-22 01:37:31
6-1,0.5,Charge,-75.0,3.3449,0.0,2026-09-22 01:38:01
6-1,0.5,Charge,-74.5,3.3455,0.0,2026-09-22 01:38:31
6-1,0.5,Charge,-74.0,3.3462,0.0,2026-09-22 01:39:01
6-1,0.5,Charge,-73.5,3.3469,0.0,2026-09-22 01:39:31
6-1,0.5,Charge,-73.0,3.3475,0.0,2026-09-22 01:40:01
6-1,0.5,Charge,-72.5,3.3481,0.0,2026-09-22 01:40:31
6-1,0.5,Charge,-72.0,3.3488,0.0,2026-09-22 01:41:01
6-1,0.5,Charge,-71.5,3.3493,0.0,2026-09-22 01:41:31
6-1,0.5,Charge,-71.0,3.3499,0.0,2026-09-22 01:42:01
6-1,0.5,Charge,-70.5,3.3505,0.0,2026-09-22 01:42:31
6-1,0.5,Charge,-70.0,3.3511,0.0,2026-09-22 01:43:01
6-1,0.5,Charge,-69.5,3.3517,0.0,2026-09-22 01:43:31
6-1,0.5,Charge,-69.0,3.3522,0.0,2026-09-22 01:44:01
6-1,0.5,Charge,-68.5,3.3528,0.0,2026-09-22 01:44:31
6-1,0.5,Charge,-68.0,3.3533,0.0,2026-09-22 01:45:01
6-1,0.5,Charge,-67.5,3.3538,0.0,2026-09-22 01:45:31
6-1,0.5,Charge,-67.0,3.3545,0.0,2026-09-22 01:46:01
6-1,0.5,Charge,-66.5,3.3549,0.0,2026-09-22 01:46:31
6-1,0.5,Charge,-66.0,3.3553,0.0,2026-09-22 01:47:01
6-1,0.5,Charge,-65.5,3.3559,0.0,2026-09-22 01:47:31
6-1,0.5,Charge,-65.0,3.3564,0.0,2026-09-22 01:48:01
6-1,0.5,Charge,-64.5,3.3569,0.0,2026-09-22 01:48:31
6-1,0.5,Charge,-64.0,3.3574,0.0,2026-09-22 01:49:01
6-1,0.5,Charge,-63.5,3.3579,0.0,2026-09-22 01:49:31
6-1,0.5,Charge,-63.0,3.3583,0.0,2026-09-22 01:50:01
6-1,0.5,Charge,-62.5,3.3588,0.0,2026-09-22 01:50:31
6-1,0.5,Charge,-62.0,3.3593,0.0,2026-09-22 01:51:01
6-1,0.5,Charge,-61.5,3.3598,0.0,2026-09-22 01:51:31
6-1,0.5,Charge,-61.0,3.3603,0.0,2026-09-22 01:52:01
6-1,0.5,Charge,-60.5,3.3606,0.0,2026-09-22 01:52:31
6-1,0.5,Charge,-60.0,3.3612,0.0,2026-09-22 01:53:01
6-1,0.5,Charge,-59.5,3.3616,0.0,2026-09-22 01:53:31
6-1,0.5,Charge,-59.0,3.3619,0.0,2026-09-22 01:54:01
6-1,0.5,Charge,-58.5,3.3625,0.0,2026-09-22 01:54:31
6-1,0.5,Charge,-58.0,3.3628,0.0,2026-09-22 01:55:01
6-1,0.5,Charge,-57.5,3.3633,0.0,2026-09-22 01:55:31
6-1,0.5,Charge,-57.0,3.3637,0.0,2026-09-22 01:56:01
6-1,0.5,Charge,-56.5,3.364,0.0,2026-09-22 01:56:31
6-1,0.5,Charge,-56.0,3.3644,0.0,2026-09-22 01:57:01
6-1,0.5,Charge,-55.5,3.3649,0.0,2026-09-22 01:57:31
6-1,0.5,Charge,-55.0,3.3653,0.0,2026-09-22 01:58:01
6-1,0.5,Charge,-54.5,3.3657,0.0,2026-09-22 01:58:31
6-1,0.5,Charge,-54.0,3.3661,0.0,2026-09-22 01:59:01
6-1,0.5,Charge,-53.5,3.3665,0.0,2026-09-22 01:59:31
6-1,0.5,Charge,-53.0,3.3667,0.0,2026-09-22 02:00:01
6-1,0.5,Charge,-52.5,3.3672,0.0,2026-09-22 02:00:31
6-1,0.5,Charge,-52.0,3.3676,0.0,2026-09-22 02:01:01
6-1,0.5,Charge,-51.5,3.3679,0.0,2026-09-22 02:01:31
6-1,0.5,Charge,-51.0,3.3683,0.0,2026-09-22 02:02:01
6-1,0.5,Charge,-50.5,3.3687,0.0,2026-09-22 02:02:31
6-1,0.5,Charge,-50.0,3.3691,0.0,2026-09-22 02:03:01
6-1,0.5,Charge,-49.5,3.3693,0.0,2026-09-22 02:03:31
6-1,0.5,Charge,-49.0,3.3697,0.0,2026-09-22 02:04:01
6-1,0.5,Charge,-48.5,3.37,0.0,2026-09-22 02:04:31
6-1,0.5,Charge,-48.0,3.3703,0.0,2026-09-22 02:05:01
6-1,0.5,Charge,-47.5,3.3706,0.0,2026-09-22 02:05:31
6-1,0.5,Charge,-47.0,3.3711,0.0,2026-09-22 02:06:01
6-1,0.5,Charge,-46.5,3.3713,0.0,2026-09-22 02:06:31
6-1,0.5,Charge,-46.0,3.3716,0.0,2026-09-22 02:07:01
6-1,0.5,Charge,-45.5,3.3719,0.0,2026-09-22 02:07:31
6-1,0.5,Charge,-45.0,3.3724,0.0,2026-09-22 02:08:01
6-1,0.5,Charge,-44.5,3.3727,0.0,2026-09-22 02:08:31
6-1,0.5,Charge,-44.0,3.3729,0.0,2026-09-22 02:09:01
6-1,0.5,Charge,-43.5,3.3732,0.0,2026-09-22 02:09:31
6-1,0.5,Charge,-43.0,3.3736,0.0,2026-09-22 02:10:01
6-1,0.5,Charge,-42.5,3.3738,0.0,2026-09-22 02:10:31
6-1,0.5,Charge,-42.0,3.3741,0.0,2026-09-22 02:11:01
6-1,0.5,Charge,-41.5,3.3745,0.0,2026-09-22 02:11:31
6-1,0.5,Charge,-41.0,3.3747,0.0,2026-09-22 02:12:01
6-1,0.5,Charge,-40.5,3.375,0.0,2026-09-22 02:12:31
6-1,0.5,Charge,-40.0,3.3753,0.0,2026-09-22 02:13:01
6-1,0.5,Charge,-39.5,3.3756,0.0,2026-09-22 02:13:31
6-1,0.5,Charge,-39.0,3.3759,0.0,2026-09-22 02:14:01
6-1,0.5,Charge,-38.5,3.3762,0.0,2026-09-22 02:14:31
6-1,0.5,Charge,-38.0,3.3764,0.0,2026-09-22 02:15:01
6-1,0.5,Charge,-37.5,3.3767,0.0,2026-09-22 02:15:31
6-1,0.5,Charge,-37.0,3.377,0.0,2026-09-22 02:16:01
6-1,0.5,Charge,-36.5,3.3772,0.0,2026-09-22 02:16:31
6-1,0.5,Charge,-36.0,3.3774,0.0,2026-09-22 02:17:01
6-1,0.5,Charge,-35.5,3.3778,0.0,2026-09-22 02:17:31
6-1,0.5,Charge,-35.0,3.378,0.0,2026-09-22 02:18:01
6-1,0.5,Charge,-34.5,3.3782,0.0,2026-09-22 02:18:31
6-1,0.5,Charge,-34.0,3.3784,0.0,2026-09-22 02:19:01
6-1,0.5,Charge,-33.5,3.3787,0.0,2026-09-22 02:19:31
6-1,0.5,Charge,-33.0,3.379,0.0,2026-09-22 02:20:01
6-1,0.5,Charge,-32.5,3.3792,0.0,2026-09-22 02:20:31
6-1,0.5,Charge,-32.0,3.3794,0.0,2026-09-22 02:21:01
6-1,0.5,Charge,-31.5,3.3796,0.0,2026-09-22 02:21:31
6-1,0.5,Charge,-31.0,3.38,0.0,2026-09-22 02:22:01
6-1,0.5,Charge,-30.5,3.3802,0.0,2026-09-22 02:22:31
6-1,0.5,Charge,-30.0,3.3803,0.0,2026-09-22 02:23:01
6-1,0.5,Charge,-29.5,3.3806,0.0,2026-09-22 02:23:31
6-1,0.5,Charge,-29.0,3.3809,0.0,2026-09-22 02:24:01
6-1,0.5,Charge,-28.5,3.3811,0.0,2026-09-22 02:24:31
6-1,0.5,Charge,-28.0,3.3813,0.0,2026-09-22 02:25:01
6-1,0.5,Charge,-27.5,3.3816,0.0,2026-09-22 02:25:31
6-1,0.5,Charge,-27.0,3.3817,0.0,2026-09-22 02:26:01
6-1,0.5,Charge,-26.5,3.382,0.0,2026-09-22 02:26:31
6-1,0.5,Charge,-26.0,3.3823,0.0,2026-09-22 02:27:01
6-1,0.5,Charge,-25.5,3.3823,0.0,2026-09-22 02:27:31
6-1,0.5,Charge,-25.0,3.3826,0.0,2026-09-22 02:28:01
6-1,0.5,Charge,-24.5,3.3829,0.0,2026-09-22 02:28:31
6-1,0.5,Charge,-24.0,3.383,0.0,2026-09-22 02:29:01
6-1,0.5,Charge,-23.5,3.3832,0.0,2026-09-22 02:29:31
6-1,0.5,Charge,-23.0,3.3835,0.0,2026-09-22 02:30:01
6-1,0.5,Charge,-22.5,3.3837,0.0,2026-09-22 02:30:31
6-1,0.5,Charge,-22.0,3.3838,0.0,2026-09-22 02:31:01
6-1,0.5,Charge,-21.5,3.384,0.0,2026-09-22 02:31:31
6-1,0.5,Charge,-21.0,3.3843,0.0,2026-09-22 02:32:01
6-1,0.5,Charge,-20.5,3.3845,0.0,2026-09-22 02:32:31
6-1,0.5,Charge,-20.0,3.3846,0.0,2026-09-22 02:33:01
6-1,0.5,Charge,-19.5,3.3848,0.0,2026-09-22 02:33:31
6-1,0.5,Charge,-19.0,3.385,0.0,2026-09-22 02:34:01
6-1,0.5,Charge,-18.5,3.3851,0.0,2026-09-22 02:34:31
6-1,0.5,Charge,-18.0,3.3854,0.0,2026-09-22 02:35:01
6-1,0.5,Charge,-17.5,3.3856,0.0,2026-09-22 02:35:31
6-1,0.5,Charge,-17.0,3.3857,0.0,2026-09-22 02:36:01
6-1,0.5,Charge,-16.5,3.3859,0.0,2026-09-22 02:36:31
6-1,0.5,Charge,-16.0,3.3861,0.0,2026-09-22 02:37:01
6-1,0.5,Charge,-15.5,3.3863,0.0,2026-09-22 02:37:31
6-1,0.5,Charge,-15.0,3.3864,0.0,2026-09-22 02:38:01
6-1,0.5,Charge,-14.5,3.3866,0.0,2026-09-22 02:38:31
6-1,0.5,Charge,-14.0,3.3868,0.0,2026-09-22 02:39:01
6-1,0.5,Charge,-13.5,3.3869,0.0,2026-09-22 02:39:31
6-1,0.5,Charge,-13.0,3.3872,0.0,2026-09-22 02:40:01
6-1,0.5,Charge,-12.5,3.3873,0.0,2026-09-22 02:40:31
6-1,0.5,Charge,-12.0,3.3875,0.0,2026-09-22 02:41:01
6-1,0.5,Charge,-11.5,3.3877,0.0,2026-09-22 02:41:31
6-1,0.5,Charge,-11.0,3.3878,0.0,2026-09-22 02:42:01
6-1,0.5,Charge,-10.5,3.388,0.0,2026-09-22 02:42:31
6-1,0.5,Charge,-10.0,3.3882,0.0,2026-09-22 02:43:01
6-1,0.5,Charge,-9.5,3.3883,0.0,2026-09-22 02:43:31
6-1,0.5,Charge,-9.0,3.3886,0.0,2026-09-22 02:44:01
6-1,0.5,Charge,-8.5,3.3887,0.0,2026-09-22 02:44:31
6-1,0.5,Charge,-8.0,3.3888,0.0,2026-09-22 02:45:01
6-1,0.5,Charge,-7.5,3.3889,0.0,2026-09-22 02:45:31
6-1,0.5,Charge,-7.0,3.3891,0.0,2026-09-22 02:46:01
6-1,0.5,Charge,-6.5,3.3893,0.0,2026-09-22 02:46:31
6-1,0.5,Charge,-6.0,3.3895,0.0,2026-09-22 02:47:01
6-1,0.5,Charge,-5.5,3.3896,0.0,2026-09-22 02:47:31
6-1,0.5,Charge,-5.0,3.3897,0.0,2026-09-22 02:48:01
6-1,0.5,Charge,-4.5,3.3899,0.0,2026-09-22 02:48:31
6-1,0.5,Charge,-4.0,3.39,0.0,2026-09-22 02:49:01
6-1,0.5,Charge,-3.5,3.3903,0.0,2026-09-22 02:49:31
6-1,0.5,Charge,-3.0,3.3903,0.0,2026-09-22 02:50:01
6-1,0.5,Charge,-2.5,3.3905,0.0,2026-09-22 02:50:31
6-1,0.5,Charge,-2.0,3.3907,0.0,2026-09-22 02:51:01
6-1,0.5,Charge,-1.5,3.3908,0.0,2026-09-22 02:51:31
6-1,0.5,Charge,-1.0,3.3909,0.0,2026-09-22 02:52:01
6-1,0.5,Charge,-0.5,3.3911,0.0,2026-09-22 02:52:31
6-1,0.5,Charge,0.0,3.3911,0.0,2026-09-22 02:53:01
6-1,1.0,Discharge,-120.0,4.1925,0.0,2026-09-22 05:03:20
6-1,1.0,Discharge,-119.5,4.1857,0.0,2026-09-22 05:03:50
6-1,1.0,Discharge,-119.0,4.183,0.0,2026-09-22 05:04:20
6-1,1.0,Discharge,-118.5,4.1811,0.0,2026-09-22 05:04:50
6-1,1.0,Discharge,-118.0,4.1796,0.0,2026-09-22 05:05:20
6-1,1.0,Discharge,-117.5,4.1785,0.0,2026-09-22 05:05:50
6-1,1.0,Discharge,-117.0,4.1776,0.0,2026-09-22 05:06:20
6-1,1.0,Discharge,-116.5,4.1769,0.0,2026-09-22 05:06:50
6-1,1.0,Discharge,-116.0,4.1762,0.0,2026-09-22 05:07:20
6-1,1.0,Discharge,-115.5,4.1757,0.0,2026-09-22 05:07:50
6-1,1.0,Discharge,-115.0,4.1753,0.0,2026-09-22 05:08:20
6-1,1.0,Discharge,-114.5,4.1748,0.0,2026-09-22 05:08:50
6-1,1.0,Discharge,-114.0,4.1744,0.0,2026-09-22 05:09:20
6-1,1.0,Discharge,-113.5,4.1741,0.0,2026-09-22 05:09:50
6-1,1.0,Discharge,-113.0,4.1738,0.0,2026-09-22 05:10:20
6-1,1.0,Discharge,-112.5,4.1736,0.0,2026-09-22 05:10:50
6-1,1.0,Discharge,-112.0,4.1733,0.0,2026-09-22 05:11:20
6-1,1.0,Discharge,-111.5,4.173,0.0,2026-09-22 05:11:50
6-1,1.0,Discharge,-111.0,4.1728,0.0,2026-09-22 05:12:20
6-1,1.0,Discharge,-110.5,4.1727,0.0,2026-09-22 05:12:50
6-1,1.0,Discharge,-110.0,4.1725,0.0,2026-09-22 05:13:20
6-1,1.0,Discharge,-109.5,4.1723,0.0,2026-09-22 05:13:50
6-1,1.0,Discharge,-109.0,4.1722,0.0,2026-09-22 05:14:20
6-1,1.0,Discharge,-108.5,4.1721,0.0,2026-09-22 05:14:50
6-1,1.0,Discharge,-108.0,4.1719,0.0,2026-09-22 05:15:20
6-1,1.0,Discharge,-107.5,4.1718,0.0,2026-09-22 05:15:50
6-1,1.0,Discharge,-107.0,4.1716,0.0,2026-09-22 05:16:20
6-1,1.0,Discharge,-106.5,4.1715,0.0,2026-09-22 05:16:50
6-1,1.0,Discharge,-106.0,4.1714,0.0,2026-09-22 05:17:20
6-1,1.0,Discharge,-105.5,4.1713,0.0,2026-09-22 05:17:50
6-1,1.0,Discharge,-105.0,4.1712,0.0,2026-09-22 05:18:20
6-1,1.0,Discharge,-104.5,4.1711,0.0,2026-09-22 05:18:50
6-1,1.0,Discharge,-104.0,4.1711,0.0,2026-09-22 05:19:20
6-1,1.0,Discharge,-103.5,4.1709,0.0,2026-09-22 05:19:50
6-1,1.0,Discharge,-103.0,4.1708,0.0,2026-09-22 05:20:20
6-1,1.0,Discharge,-102.5,4.1708,0.0,2026-09-22 05:20:50
6-1,1.0,Discharge,-102.0,4.1707,0.0,2026-09-22 05:21:20
6-1,1.0,Discharge,-101.5,4.1707,0.0,2026-09-22 05:21:50
6-1,1.0,Discharge,-101.0,4.1706,0.0,2026-09-22 05:22:20
6-1,1.0,Discharge,-100.5,4.1705,0.0,2026-09-22 05:22:50
6-1,1.0,Discharge,-100.0,4.1704,0.0,2026-09-22 05:23:20
6-1,1.0,Discharge,-99.5,4.1703,0.0,2026-09-22 05:23:50
6-1,1.0,Discharge,-99.0,4.1704,0.0,2026-09-22 05:24:20
6-1,1.0,Discharge,-98.5,4.1703,0.0,2026-09-22 05:24:50
6-1,1.0,Discharge,-98.0,4.1702,0.0,2026-09-22 05:25:20
6-1,1.0,Discharge,-97.5,4.1701,0.0,2026-09-22 05:25:50
6-1,1.0,Discharge,-97.0,4.1701,0.0,2026-09-22 05:26:20
6-1,1.0,Discharge,-96.5,4.1701,0.0,2026-09-22 05:26:50
6-1,1.0,Discharge,-96.0,4.17,0.0,2026-09-22 05:27:20
6-1,1.0,Discharge,-95.5,4.1699,0.0,2026-09-22 05:27:50
6-1,1.0,Discharge,-95.0,4.1699,0.0,2026-09-22 05:28:20
6-1,1.0,Discharge,-94.5,4.1699,0.0,2026-09-22 05:28:50
6-1,1.0,Discharge,-94.0,4.1699,0.0,2026-09-22 05:29:20
6-1,1.0,Discharge,-93.5,4.1697,0.0,2026-09-22 05:29:50
6-1,1.0,Discharge,-93.0,4.1697,0.0,2026-09-22 05:30:20
6-1,1.0,Discharge,-92.5,4.1697,0.0,2026-09-22 05:30:50
6-1,1.0,Discharge,-92.0,4.1697,0.0,2026-09-22 05:31:20
6-1,1.0,Discharge,-91.5,4.1696,0.0,2026-09-22 05:31:50
6-1,1.0,Discharge,-91.0,4.1696,0.0,2026-09-22 05:32:20
6-1,1.0,Discharge,-90.5,4.1696,0.0,2026-09-22 05:32:50
6-1,1.0,Discharge,-90.0,4.1696,0.0,2026-09-22 05:33:20
6-1,1.0,Discharge,-89.5,4.1696,0.0,2026-09-22 05:33:50
6-1,1.0,Discharge,-89.0,4.1695,0.0,2026-09-22 05:34:20
6-1,1.0,Discharge,-88.5,4.1695,0.0,2026-09-22 05:34:50
6-1,1.0,Discharge,-88.0,4.1695,0.0,2026-09-22 05:35:20
6-1,1.0,Discharge,-87.5,4.1695,0.0,2026-09-22 05:35:50
6-1,1.0,Discharge,-87.0,4.1694,0.0,2026-09-22 05:36:20
6-1,1.0,Discharge,-86.5,4.1694,0.0,2026-09-22 05:36:50
6-1,1.0,Discharge,-86.0,4.1693,0.0,2026-09-22 05:37:20
6-1,1.0,Discharge,-85.5,4.1693,0.0,2026-09-22 05:37:50
6-1,1.0,Discharge,-85.0,4.1692,0.0,2026-09-22 05:38:20
6-1,1.0,Discharge,-84.5,4.1693,0.0,2026-09-22 05:38:50
6-1,1.0,Discharge,-84.0,4.1692,0.0,2026-09-22 05:39:20
6-1,1.0,Discharge,-83.5,4.1691,0.0,2026-09-22 05:39:50
6-1,1.0,Discharge,-83.0,4.1692,0.0,2026-09-22 05:40:20
6-1,1.0,Discharge,-82.5,4.1691,0.0,2026-09-22 05:40:50
6-1,1.0,Discharge,-82.0,4.1691,0.0,2026-09-22 05:41:20
6-1,1.0,Discharge,-81.5,4.1691,0.0,2026-09-22 05:41:50
6-1,1.0,Discharge,-81.0,4.1691,0.0,2026-09-22 05:42:20
6-1,1.0,Discharge,-80.5,4.1691,0.0,2026-09-22 05:42:50
6-1,1.0,Discharge,-80.0,4.1691,0.0,2026-09-22 05:43:20
6-1,1.0,Discharge,-79.5,4.1691,0.0,2026-09-22 05:43:50
6-1,1.0,Discharge,-79.0,4.169,0.0,2026-09-22 05:44:20
6-1,1.0,Discharge,-78.5,4.1691,0.0,2026-09-22 05:44:50
6-1,1.0,Discharge,-78.0,4.169,0.0,2026-09-22 05:45:20
6-1,1.0,Discharge,-77.5,4.169,0.0,2026-09-22 05:45:50
6-1,1.0,Discharge,-77.0,4.1689,0.0,2026-09-22 05:46:20
6-1,1.0,Discharge,-76.5,4.169,0.0,2026-09-22 05:46:50
6-1,1.0,Discharge,-76.0,4.169,0.0,2026-09-22 05:47:20
6-1,1.0,Discharge,-75.5,4.1689,0.0,2026-09-22 05:47:50
6-1,1.0,Discharge,-75.0,4.1689,0.0,2026-09-22 05:48:20
6-1,1.0,Discharge,-74.5,4.1689,0.0,2026-09-22 05:48:50
6-1,1.0,Discharge,-74.0,4.1688,0.0,2026-09-22 05:49:20
6-1,1.0,Discharge,-73.5,4.1688,0.0,2026-09-22 05:49:50
6-1,1.0,Discharge,-73.0,4.1687,0.0,2026-09-22 05:50:20
6-1,1.0,Discharge,-72.5,4.1689,0.0,2026-09-22 05:50:50
6-1,1.0,Discharge,-72.0,4.1688,0.0,2026-09-22 05:51:20
6-1,1.0,Discharge,-71.5,4.1688,0.0,2026-09-22 05:51:50
6-1,1.0,Discharge,-71.0,4.1688,0.0,2026-09-22 05:52:20
6-1,1.0,Discharge,-70.5,4.1688,0.0,2026-09-22 05:52:50
6-1,1.0,Discharge,-70.0,4.1687,0.0,2026-09-22 05:53:20
6-1,1.0,Discharge,-69.5,4.1687,0.0,2026-09-22 05:53:50
6-1,1.0,Discharge,-69.0,4.1687,0.0,2026-09-22 05:54:20
6-1,1.0,Discharge,-68.5,4.1688,0.0,2026-09-22 05:54:50
6-1,1.0,Discharge,-68.0,4.1686,0.0,2026-09-22 05:55:20
6-1,1.0,Discharge,-67.5,4.1686,0.0,2026-09-22 05:55:50
6-1,1.0,Discharge,-67.0,4.1687,0.0,2026-09-22 05:56:20
6-1,1.0,Discharge,-66.5,4.1687,0.0,2026-09-22 05:56:50
6-1,1.0,Discharge,-66.0,4.1687,0.0,2026-09-22 05:57:20
6-1,1.0,Discharge,-65.5,4.1686,0.0,2026-09-22 05:57:50
6-1,1.0,Discharge,-65.0,4.1685,0.0,2026-09-22 05:58:20
6-1,1.0,Discharge,-64.5,4.1686,0.0,2026-09-22 05:58:50
6-1,1.0,Discharge,-64.0,4.1686,0.0,2026-09-22 05:59:20
6-1,1.0,Discharge,-63.5,4.1686,0.0,2026-09-22 05:59:50
6-1,1.0,Discharge,-63.0,4.1685,0.0,2026-09-22 06:00:20
6-1,1.0,Discharge,-62.5,4.1686,0.0,2026-09-22 06:00:50
6-1,1.0,Discharge,-62.0,4.1685,0.0,2026-09-22 06:01:20
6-1,1.0,Discharge,-61.5,4.1684,0.0,2026-09-22 06:01:50
6-1,1.0,Discharge,-61.0,4.1686,0.0,2026-09-22 06:02:20
6-1,1.0,Discharge,-60.5,4.1685,0.0,2026-09-22 06:02:50
6-1,1.0,Discharge,-60.0,4.1685,0.0,2026-09-22 06:03:20
6-1,1.0,Discharge,-59.5,4.1685,0.0,2026-09-22 06:03:50
6-1,1.0,Discharge,-59.0,4.1686,0.0,2026-09-22 06:04:20
6-1,1.0,Discharge,-58.5,4.1685,0.0,2026-09-22 06:04:50
6-1,1.0,Discharge,-58.0,4.1685,0.0,2026-09-22 06:05:20
6-1,1.0,Discharge,-57.5,4.1685,0.0,2026-09-22 06:05:50
6-1,1.0,Discharge,-57.0,4.1684,0.0,2026-09-22 06:06:20
6-1,1.0,Discharge,-56.5,4.1684,0.0,2026-09-22 06:06:50
6-1,1.0,Discharge,-56.0,4.1684,0.0,2026-09-22 06:07:20
6-1,1.0,Discharge,-55.5,4.1683,0.0,2026-09-22 06:07:50
6-1,1.0,Discharge,-55.0,4.1684,0.0,2026-09-22 06:08:20
6-1,1.0,Discharge,-54.5,4.1684,0.0,2026-09-22 06:08:50
6-1,1.0,Discharge,-54.0,4.1684,0.0,2026-09-22 06:09:20
6-1,1.0,Discharge,-53.5,4.1683,0.0,2026-09-22 06:09:50
6-1,1.0,Discharge,-53.0,4.1684,0.0,2026-09-22 06:10:20
6-1,1.0,Discharge,-52.5,4.1684,0.0,2026-09-22 06:10:50
6-1,1.0,Discharge,-52.0,4.1683,0.0,2026-09-22 06:11:20
6-1,1.0,Discharge,-51.5,4.1684,0.0,2026-09-22 06:11:50
6-1,1.0,Discharge,-51.0,4.1683,0.0,2026-09-22 06:12:20
6-1,1.0,Discharge,-50.5,4.1683,0.0,2026-09-22 06:12:50
6-1,1.0,Discharge,-50.0,4.1684,0.0,2026-09-22 06:13:20
6-1,1.0,Discharge,-49.5,4.1684,0.0,2026-09-22 06:13:50
6-1,1.0,Discharge,-49.0,4.1683,0.0,2026-09-22 06:14:20
6-1,1.0,Discharge,-48.5,4.1682,0.0,2026-09-22 06:14:50
6-1,1.0,Discharge,-48.0,4.1683,0.0,2026-09-22 06:15:20
6-1,1.0,Discharge,-47.5,4.1684,0.0,2026-09-22 06:15:50
6-1,1.0,Discharge,-47.0,4.1683,0.0,2026-09-22 06:16:20
6-1,1.0,Discharge,-46.5,4.1682,0.0,2026-09-22 06:16:50
6-1,1.0,Discharge,-46.0,4.1683,0.0,2026-09-22 06:17:20
6-1,1.0,Discharge,-45.5,4.1683,0.0,2026-09-22 06:17:50
6-1,1.0,Discharge,-45.0,4.1682,0.0,2026-09-22 06:18:20
6-1,1.0,Discharge,-44.5,4.1682,0.0,2026-09-22 06:18:50
6-1,1.0,Discharge,-44.0,4.1683,0.0,2026-09-22 06:19:20
6-1,1.0,Discharge,-43.5,4.1682,0.0,2026-09-22 06:19:50
6-1,1.0,Discharge,-43.0,4.1683,0.0,2026-09-22 06:20:20
6-1,1.0,Discharge,-42.5,4.1682,0.0,2026-09-22 06:20:50
6-1,1.0,Discharge,-42.0,4.1682,0.0,2026-09-22 06:21:20
6-1,1.0,Discharge,-41.5,4.1682,0.0,2026-09-22 06:21:50
6-1,1.0,Discharge,-41.0,4.1682,0.0,2026-09-22 06:22:20
6-1,1.0,Discharge,-40.5,4.1682,0.0,2026-09-22 06:22:50
6-1,1.0,Discharge,-40.0,4.1681,0.0,2026-09-22 06:23:20
6-1,1.0,Discharge,-39.5,4.1682,0.0,2026-09-22 06:23:50
6-1,1.0,Discharge,-39.0,4.1681,0.0,2026-09-22 06:24:20
6-1,1.0,Discharge,-38.5,4.1681,0.0,2026-09-22 06:24:50
6-1,1.0,Discharge,-38.0,4.1681,0.0,2026-09-22 06:25:20
6-1,1.0,Discharge,-37.5,4.168,0.0,2026-09-22 06:25:50
6-1,1.0,Discharge,-37.0,4.1682,0.0,2026-09-22 06:26:20
6-1,1.0,Discharge,-36.5,4.1681,0.0,2026-09-22 06:26:50
6-1,1.0,Discharge,-36.0,4.1681,0.0,2026-09-22 06:27:20
6-1,1.0,Discharge,-35.5,4.168,0.0,2026-09-22 06:27:50
6-1,1.0,Discharge,-35.0,4.1681,0.0,2026-09-22 06:28:20
6-1,1.0,Discharge,-34.5,4.1681,0.0,2026-09-22 06:28:50
6-1,1.0,Discharge,-34.0,4.1681,0.0,2026-09-22 06:29:20
6-1,1.0,Discharge,-33.5,4.1681,0.0,2026-09-22 06:29:50
6-1,1.0,Discharge,-33.0,4.1681,0.0,2026-09-22 06:30:20
6-1,1.0,Discharge,-32.5,4.1681,0.0,2026-09-22 06:30:50
6-1,1.0,Discharge,-32.0,4.1681,0.0,2026-09-22 06:31:20
6-1,1.0,Discharge,-31.5,4.1681,0.0,2026-09-22 06:31:50
6-1,1.0,Discharge,-31.0,4.168,0.0,2026-09-22 06:32:20
6-1,1.0,Discharge,-30.5,4.1681,0.0,2026-09-22 06:32:50
6-1,1.0,Discharge,-30.0,4.168,0.0,2026-09-22 06:33:20
6-1,1.0,Discharge,-29.5,4.1681,0.0,2026-09-22 06:33:50
6-1,1.0,Discharge,-29.0,4.168,0.0,2026-09-22 06:34:20
6-1,1.0,Discharge,-28.5,4.168,0.0,2026-09-22 06:34:50
6-1,1.0,Discharge,-28.0,4.168,0.0,2026-09-22 06:35:20
6-1,1.0,Discharge,-27.5,4.168,0.0,2026-09-22 06:35:50
6-1,1.0,Discharge,-27.0,4.1681,0.0,2026-09-22 06:36:20
6-1,1.0,Discharge,-26.5,4.168,0.0,2026-09-22 06:36:50
6-1,1.0,Discharge,-26.0,4.168,0.0,2026-09-22 06:37:20
6-1,1.0,Discharge,-25.5,4.168,0.0,2026-09-22 06:37:50
6-1,1.0,Discharge,-25.0,4.168,0.0,2026-09-22 06:38:20
6-1,1.0,Discharge,-24.5,4.168,0.0,2026-09-22 06:38:50
6-1,1.0,Discharge,-24.0,4.168,0.0,2026-09-22 06:39:20
6-1,1.0,Discharge,-23.5,4.1679,0.0,2026-09-22 06:39:50
6-1,1.0,Discharge,-23.0,4.168,0.0,2026-09-22 06:40:20
6-1,1.0,Discharge,-22.5,4.1679,0.0,2026-09-22 06:40:50
6-1,1.0,Discharge,-22.0,4.1679,0.0,2026-09-22 06:41:20
6-1,1.0,Discharge,-21.5,4.1679,0.0,2026-09-22 06:41:50
6-1,1.0,Discharge,-21.0,4.168,0.0,2026-09-22 06:42:20
6-1,1.0,Discharge,-20.5,4.1679,0.0,2026-09-22 06:42:50
6-1,1.0,Discharge,-20.0,4.1679,0.0,2026-09-22 06:43:20
6-1,1.0,Discharge,-19.5,4.1679,0.0,2026-09-22 06:43:50
6-1,1.0,Discharge,-19.0,4.168,0.0,2026-09-22 06:44:20
6-1,1.0,Discharge,-18.5,4.1679,0.0,2026-09-22 06:44:50
6-1,1.0,Discharge,-18.0,4.168,0.0,2026-09-22 06:45:20
6-1,1.0,Discharge,-17.5,4.1679,0.0,2026-09-22 06:45:50
6-1,1.0,Discharge,-17.0,4.1679,0.0,2026-09-22 06:46:20
6-1,1.0,Discharge,-16.5,4.1679,0.0,2026-09-22 06:46:50
6-1,1.0,Discharge,-16.0,4.1678,0.0,2026-09-22 06:47:20
6-1,1.0,Discharge,-15.5,4.1679,0.0,2026-09-22 06:47:50
6-1,1.0,Discharge,-15.0,4.1679,0.0,2026-09-22 06:48:20
6-1,1.0,Discharge,-14.5,4.1679,0.0,2026-09-22 06:48:50
6-1,1.0,Discharge,-14.0,4.1678,0.0,2026-09-22 06:49:20
6-1,1.0,Discharge,-13.5,4.1678,0.0,2026-09-22 06:49:50
6-1,1.0,Discharge,-13.0,4.1679,0.0,2026-09-22 06:50:20
6-1,1.0,Discharge,-12.5,4.1679,0.0,2026-09-22 06:50:50
6-1,1.0,Discharge,-12.0,4.1678,0.0,2026-09-22 06:51:20
6-1,1.0,Discharge,-11.5,4.1679,0.0,2026-09-22 06:51:50
6-1,1.0,Discharge,-11.0,4.1679,0.0,2026-09-22 06:52:20
6-1,1.0,Discharge,-10.5,4.1678,0.0,2026-09-22 06:52:50
6-1,1.0,Discharge,-10.0,4.1679,0.0,2026-09-22 06:53:20
6-1,1.0,Discharge,-9.5,4.1679,0.0,2026-09-22 06:53:50
6-1,1.0,Discharge,-9.0,4.1678,0.0,2026-09-22 06:54:20
6-1,1.0,Discharge,-8.5,4.1679,0.0,2026-09-22 06:54:50
6-1,1.0,Discharge,-8.0,4.1678,0.0,2026-09-22 06:55:20
6-1,1.0,Discharge,-7.5,4.168,0.0,2026-09-22 06:55:50
6-1,1.0,Discharge,-7.0,4.1678,0.0,2026-09-22 06:56:20
6-1,1.0,Discharge,-6.5,4.1678,0.0,2026-09-22 06:56:50
6-1,1.0,Discharge,-6.0,4.1679,0.0,2026-09-22 06:57:20
6-1,1.0,Discharge,-5.5,4.1678,0.0,2026-09-22 06:57:50
6-1,1.0,Discharge,-5.0,4.1678,0.0,2026-09-22 06:58:20
6-1,1.0,Discharge,-4.5,4.1679,0.0,2026-09-22 06:58:50
6-1,1.0,Discharge,-4.0,4.1678,0.0,2026-09-22 06:59:20
6-1,1.0,Discharge,-3.5,4.1679,0.0,2026-09-22 06:59:50
6-1,1.0,Discharge,-3.0,4.1678,0.0,2026-09-22 07:00:20
6-1,1.0,Discharge,-2.5,4.1678,0.0,2026-09-22 07:00:50
6-1,1.0,Discharge,-2.0,4.1677,0.0,2026-09-22 07:01:20
6-1,1.0,Discharge,-1.5,4.1678,0.0,2026-09-22 07:01:50
6-1,1.0,Discharge,-1.0,4.1677,0.0,2026-09-22 07:02:20
6-1,1.0,Discharge,-0.5,4.1678,0.0,2026-09-22 07:02:50
6-1,1.0,Discharge,0.0,4.1678,0.0,2026-09-22 07:03:20
6-1,1.0,Charge,-120.0,3.0809,0.0,2026-09-22 08:01:26
6-1,1.0,Charge,-119.5,3.2723,0.0,2026-09-22 08:01:56
6-1,1.0,Charge,-119.0,3.2998,0.0,2026-09-22 08:02:26
6-1,1.0,Charge,-118.5,3.3164,0.0,2026-09-22 08:02:56
6-1,1.0,Charge,-118.0,3.3275,0.0,2026-09-22 08:03:26
6-1,1.0,Charge,-117.5,3.3356,0.0,2026-09-22 08:03:56
6-1,1.0,Charge,-117.0,3.3419,0.0,2026-09-22 08:04:26
6-1,1.0,Charge,-116.5,3.347,0.0,2026-09-22 08:04:56
6-1,1.0,Charge,-116.0,3.3516,0.0,2026-09-22 08:05:26
6-1,1.0,Charge,-115.5,3.3556,0.0,2026-09-22 08:05:56
6-1,1.0,Charge,-115.0,3.3592,0.0,2026-09-22 08:06:26
6-1,1.0,Charge,-114.5,3.3626,0.0,2026-09-22 08:06:56
6-1,1.0,Charge,-114.0,3.3656,0.0,2026-09-22 08:07:26
6-1,1.0,Charge,-113.5,3.3686,0.0,2026-09-22 08:07:56
6-1,1.0,Charge,-113.0,3.3715,0.0,2026-09-22 08:08:26
6-1,1.0,Charge,-112.5,3.3743,0.0,2026-09-22 08:08:56
6-1,1.0,Charge,-112.0,3.3769,0.0,2026-09-22 08:09:26
6-1,1.0,Charge,-111.5,3.3794,0.0,2026-09-22 08:09:56
6-1,1.0,Charge,-111.0,3.3819,0.0,2026-09-22 08:10:26
6-1,1.0,Charge,-110.5,3.3843,0.0,2026-09-22 08:10:56
6-1,1.0,Charge,-110.0,3.3866,0.0,2026-09-22 08:11:26
6-1,1.0,Charge,-109.5,3.3889,0.0,2026-09-22 08:11:56
6-1,1.0,Charge,-109.0,3.3911,0.0,2026-09-22 08:12:26
6-1,1.0,Charge,-108.5,3.3932,0.0,2026-09-22 08:12:56
6-1,1.0,Charge,-108.0,3.3954,0.0,2026-09-22 08:13:26
6-1,1.0,Charge,-107.5,3.3975,0.0,2026-09-22 08:13:56
6-1,1.0,Charge,-107.0,3.3995,0.0,2026-09-22 08:14:26
6-1,1.0,Charge,-106.5,3.4014,0.0,2026-09-22 08:14:56
6-1,1.0,Charge,-106.0,3.4035,0.0,2026-09-22 08:15:26
6-1,1.0,Charge,-105.5,3.4053,0.0,2026-09-22 08:15:56
6-1,1.0,Charge,-105.0,3.4072,0.0,2026-09-22 08:16:26
6-1,1.0,Charge,-104.5,3.4091,0.0,2026-09-22 08:16:56
6-1,1.0,Charge,-104.0,3.4109,0.0,2026-09-22 08:17:26
6-1,1.0,Charge,-103.5,3.4126,0.0,2026-09-22 08:17:56
6-1,1.0,Charge,-103.0,3.4144,0.0,2026-09-22 08:18:26
6-1,1.0,Charge,-102.5,3.4161,0.0,2026-09-22 08:18:56
6-1,1.0,Charge,-102.0,3.4177,0.0,2026-09-22 08:19:26
6-1,1.0,Charge,-101.5,3.4194,0.0,2026-09-22 08:19:56
6-1,1.0,Charge,-101.0,3.421,0.0,2026-09-22 08:20:26
6-1,1.0,Charge,-100.5,3.4225,0.0,2026-09-22 08:20:56
6-1,1.0,Charge,-100.0,3.4241,0.0,2026-09-22 08:21:26
6-1,1.0,Charge,-99.5,3.4256,0.0,2026-09-22 08:21:56
6-1,1.0,Charge,-99.0,3.4272,0.0,2026-09-22 08:22:26
6-1,1.0,Charge,-98.5,3.4286,0.0,2026-09-22 08:22:56
6-1,1.0,Charge,-98.0,3.43,0.0,2026-09-22 08:23:26
6-1,1.0,Charge,-97.5,3.4314,0.0,2026-09-22 08:23:56
6-1,1.0,Charge,-97.0,3.4328,0.0,2026-09-22 08:24:26
6-1,1.0,Charge,-96.5,3.4342,0.0,2026-09-22 08:24:56
6-1,1.0,Charge,-96.0,3.4354,0.0,2026-09-22 08:25:26
6-1,1.0,Charge,-95.5,3.4367,0.0,2026-09-22 08:25:56
6-1,1.0,Charge,-95.0,3.438,0.0,2026-09-22 08:26:26
6-1,1.0,Charge,-94.5,3.4392,0.0,2026-09-22 08:26:56
6-1,1.0,Charge,-94.0,3.4404,0.0,2026-09-22 08:27:26
6-1,1.0,Charge,-93.5,3.4416,0.0,2026-09-22 08:27:56
6-1,1.0,Charge,-93.0,3.4427,0.0,2026-09-22 08:28:26
6-1,1.0,Charge,-92.5,3.4439,0.0,2026-09-22 08:28:56
6-1,1.0,Charge,-92.0,3.4449,0.0,2026-09-22 08:29:26
6-1,1.0,Charge,-91.5,3.4461,0.0,2026-09-22 08:29:56
6-1,1.0,Charge,-91.0,3.4472,0.0,2026-09-22 08:30:26
6-1,1.0,Charge,-90.5,3.4481,0.0,2026-09-22 08:30:56
6-1,1.0,Charge,-90.0,3.4492,0.0,2026-09-22 08:31:26
6-1,1.0,Charge,-89.5,3.4503,0.0,2026-09-22 08:31:56
6-1,1.0,Charge,-89.0,3.4512,0.0,2026-09-22 08:32:26
6-1,1.0,Charge,-88.5,3.4521,0.0,2026-09-22 08:32:56
6-1,1.0,Charge,-88.0,3.4532,0.0,2026-09-22 08:33:26
6-1,1.0,Charge,-87.5,3.454,0.0,2026-09-22 08:33:56
6-1,1.0,Charge,-87.0,3.4549,0.0,2026-09-22 08:34:26
6-1,1.0,Charge,-86.5,3.4558,0.0,2026-09-22 08:34:56
6-1,1.0,Charge,-86.0,3.4567,0.0,2026-09-22 08:35:26
6-1,1.0,Charge,-85.5,3.4575,0.0,2026-09-22 08:35:56
6-1,1.0,Charge,-85.0,3.4583,0.0,2026-09-22 08:36:26
6-1,1.0,Charge,-84.5,3.4591,0.0,2026-09-22 08:36:56
6-1,1.0,Charge,-84.0,3.46,0.0,2026-09-22 08:37:26
6-1,1.0,Charge,-83.5,3.4608,0.0,2026-09-22 08:37:56
6-1,1.0,Charge,-83.0,3.4615,0.0,2026-09-22 08:38:26
6-1,1.0,Charge,-82.5,3.4623,0.0,2026-09-22 08:38:56
6-1,1.0,Charge,-82.0,3.4629,0.0,2026-09-22 08:39:26
6-1,1.0,Charge,-81.5,3.4636,0.0,2026-09-22 08:39:56
6-1,1.0,Charge,-81.0,3.4644,0.0,2026-09-22 08:40:26
6-1,1.0,Charge,-80.5,3.4651,0.0,2026-09-22 08:40:56
6-1,1.0,Charge,-80.0,3.4657,0.0,2026-09-22 08:41:26
6-1,1.0,Charge,-79.5,3.4665,0.0,2026-09-22 08:41:56
6-1,1.0,Charge,-79.0,3.4671,0.0,2026-09-22 08:42:26
6-1,1.0,Charge,-78.5,3.4678,0.0,2026-09-22 08:42:56
6-1,1.0,Charge,-78.0,3.4683,0.0,2026-09-22 08:43:26
6-1,1.0,Charge,-77.5,3.469,0.0,2026-09-22 08:43:56
6-1,1.0,Charge,-77.0,3.4696,0.0,2026-09-22 08:44:26
6-1,1.0,Charge,-76.5,3.4702,0.0,2026-09-22 08:44:56
6-1,1.0,Charge,-76.0,3.4708,0.0,2026-09-22 08:45:26
6-1,1.0,Charge,-75.5,3.4713,0.0,2026-09-22 08:45:56
6-1,1.0,Charge,-75.0,3.4719,0.0,2026-09-22 08:46:26
6-1,1.0,Charge,-74.5,3.4725,0.0,2026-09-22 08:46:56
6-1,1.0,Charge,-74.0,3.473,0.0,2026-09-22 08:47:26
6-1,1.0,Charge,-73.5,3.4736,0.0,2026-09-22 08:47:56
6-1,1.0,Charge,-73.0,3.4741,0.0,2026-09-22 08:48:26
6-1,1.0,Charge,-72.5,3.4745,0.0,2026-09-22 08:48:56
6-1,1.0,Charge,-72.0,3.4751,0.0,2026-09-22 08:49:26
6-1,1.0,Charge,-71.5,3.4756,0.0,2026-09-22 08:49:56
6-1,1.0,Charge,-71.0,3.476,0.0,2026-09-22 08:50:26
6-1,1.0,Charge,-70.5,3.4765,0.0,2026-09-22 08:50:56
6-1,1.0,Charge,-70.0,3.4769,0.0,2026-09-22 08:51:26
6-1,1.0,Charge,-69.5,3.4774,0.0,2026-09-22 08:51:56
6-1,1.0,Charge,-69.0,3.4778,0.0,2026-09-22 08:52:26
6-1,1.0,Charge,-68.5,3.4782,0.0,2026-09-22 08:52:56
6-1,1.0,Charge,-68.0,3.4787,0.0,2026-09-22 08:53:26
6-1,1.0,Charge,-67.5,3.479,0.0,2026-09-22 08:53:56
6-1,1.0,Charge,-67.0,3.4795,0.0,2026-09-22 08:54:26
6-1,1.0,Charge,-66.5,3.4798,0.0,2026-09-22 08:54:56
6-1,1.0,Charge,-66.0,3.4804,0.0,2026-09-22 08:55:26
6-1,1.0,Charge,-65.5,3.4807,0.0,2026-09-22 08:55:56
6-1,1.0,Charge,-65.0,3.4811,0.0,2026-09-22 08:56:26
6-1,1.0,Charge,-64.5,3.4816,0.0,2026-09-22 08:56:56
6-1,1.0,Charge,-64.0,3.4818,0.0,2026-09-22 08:57:26
6-1,1.0,Charge,-63.5,3.4822,0.0,2026-09-22 08:57:56
6-1,1.0,Charge,-63.0,3.4825,0.0,2026-09-22 08:58:26
6-1,1.0,Charge,-62.5,3.4829,0.0,2026-09-22 08:58:56
6-1,1.0,Charge,-62.0,3.4834,0.0,2026-09-22 08:59:26
6-1,1.0,Charge,-61.5,3.4836,0.0,2026-09-22 08:59:56
6-1,1.0,Charge,-61.0,3.484,0.0,2026-09-22 09:00:25
6-1,1.0,Charge,-60.5,3.4844,0.0,2026-09-22 09:00:55
6-1,1.0,Charge,-60.0,3.4847,0.0,2026-09-22 09:01:25
6-1,1.0,Charge,-59.5,3.4849,0.0,2026-09-22 09:01:55
6-1,1.0,Charge,-59.0,3.4853,0.0,2026-09-22 09:02:25
6-1,1.0,Charge,-58.5,3.4856,0.0,2026-09-22 09:02:55
6-1,1.0,Charge,-58.0,3.486,0.0,2026-09-22 09:03:25
6-1,1.0,Charge,-57.5,3.4863,0.0,2026-09-22 09:03:55
6-1,1.0,Charge,-57.0,3.4865,0.0,2026-09-22 09:04:25
6-1,1.0,Charge,-56.5,3.4869,0.0,2026-09-22 09:04:55
6-1,1.0,Charge,-56.0,3.4871,0.0,2026-09-22 09:05:25
6-1,1.0,Charge,-55.5,3.4873,0.0,2026-09-22 09:05:55
6-1,1.0,Charge,-55.0,3.4877,0.0,2026-09-22 09:06:25
6-1,1.0,Charge,-54.5,3.488,0.0,2026-09-22 09:06:55
6-1,1.0,Charge,-54.0,3.4883,0.0,2026-09-22 09:07:25
6-1,1.0,Charge,-53.5,3.4885,0.0,2026-09-22 09:07:55
6-1,1.0,Charge,-53.0,3.4888,0.0,2026-09-22 09:08:25
6-1,1.0,Charge,-52.5,3.489,0.0,2026-09-22 09:08:55
6-1,1.0,Charge,-52.0,3.4893,0.0,2026-09-22 09:09:25
6-1,1.0,Charge,-51.5,3.4895,0.0,2026-09-22 09:09:55
6-1,1.0,Charge,-51.0,3.4898,0.0,2026-09-22 09:10:25
6-1,1.0,Charge,-50.5,3.49,0.0,2026-09-22 09:10:55
6-1,1.0,Charge,-50.0,3.4903,0.0,2026-09-22 09:11:25
6-1,1.0,Charge,-49.5,3.4906,0.0,2026-09-22 09:11:55
6-1,1.0,Charge,-49.0,3.4908,0.0,2026-09-22 09:12:25
6-1,1.0,Charge,-48.5,3.491,0.0,2026-09-22 09:12:55
6-1,1.0,Charge,-48.0,3.4912,0.0,2026-09-22 09:13:25
6-1,1.0,Charge,-47.5,3.4914,0.0,2026-09-22 09:13:55
6-1,1.0,Charge,-47.0,3.4916,0.0,2026-09-22 09:14:25
6-1,1.0,Charge,-46.5,3.4918,0.0,2026-09-22 09:14:55
6-1,1.0,Charge,-46.0,3.4921,0.0,2026-09-22 09:15:25
6-1,1.0,Charge,-45.5,3.4922,0.0,2026-09-22 09:15:55
6-1,1.0,Charge,-45.0,3.4925,0.0,2026-09-22 09:16:25
6-1,1.0,Charge,-44.5,3.4927,0.0,2026-09-22 09:16:55
6-1,1.0,Charge,-44.0,3.4928,0.0,2026-09-22 09:17:25
6-1,1.0,Charge,-43.5,3.4931,0.0,2026-09-22 09:17:55
6-1,1.0,Charge,-43.0,3.4933,0.0,2026-09-22 09:18:25
6-1,1.0,Charge,-42.5,3.4935,0.0,2026-09-22 09:18:55
6-1,1.0,Charge,-42.0,3.4936,0.0,2026-09-22 09:19:25
6-1,1.0,Charge,-41.5,3.494,0.0,2026-09-22 09:19:55
6-1,1.0,Charge,-41.0,3.4942,0.0,2026-09-22 09:20:25
6-1,1.0,Charge,-40.5,3.4943,0.0,2026-09-22 09:20:55
6-1,1.0,Charge,-40.0,3.4943,0.0,2026-09-22 09:21:25
6-1,1.0,Charge,-39.5,3.4947,0.0,2026-09-22 09:21:55
6-1,1.0,Charge,-39.0,3.4949,0.0,2026-09-22 09:22:25
6-1,1.0,Charge,-38.5,3.495,0.0,2026-09-22 09:22:55
6-1,1.0,Charge,-38.0,3.4952,0.0,2026-09-22 09:23:25
6-1,1.0,Charge,-37.5,3.4953,0.0,2026-09-22 09:23:55
6-1,1.0,Charge,-37.0,3.4955,0.0,2026-09-22 09:24:25
6-1,1.0,Charge,-36.5,3.4957,0.0,2026-09-22 09:24:55
6-1,1.0,Charge,-36.0,3.4959,0.0,2026-09-22 09:25:25
6-1,1.0,Charge,-35.5,3.496,0.0,2026-09-22 09:25:55
6-1,1.0,Charge,-35.0,3.4962,0.0,2026-09-22 09:26:25
6-1,1.0,Charge,-34.5,3.4964,0.0,2026-09-22 09:26:55
6-1,1.0,Charge,-34.0,3.4965,0.0,2026-09-22 09:27:25
6-1,1.0,Charge,-33.5,3.4967,0.0,2026-09-22 09:27:55
6-1,1.0,Charge,-33.0,3.4969,0.0,2026-09-22 09:28:25
6-1,1.0,Charge,-32.5,3.497,0.0,2026-09-22 09:28:55
6-1,1.0,Charge,-32.0,3.4972,0.0,2026-09-22 09:29:25
6-1,1.0,Charge,-31.5,3.4973,0.0,2026-09-22 09:29:55
6-1,1.0,Charge,-31.0,3.4975,0.0,2026-09-22 09:30:25
6-1,1.0,Charge,-30.5,3.4976,0.0,2026-09-22 09:30:55
6-1,1.0,Charge,-30.0,3.4977,0.0,2026-09-22 09:31:25
6-1,1.0,Charge,-29.5,3.4979,0.0,2026-09-22 09:31:55
6-1,1.0,Charge,-29.0,3.4981,0.0,2026-09-22 09:32:25
6-1,1.0,Charge,-28.5,3.4982,0.0,2026-09-22 09:32:55
6-1,1.0,Charge,-28.0,3.4983,0.0,2026-09-22 09:33:25
6-1,1.0,Charge,-27.5,3.4985,0.0,2026-09-22 09:33:55
6-1,1.0,Charge,-27.0,3.4986,0.0,2026-09-22 09:34:25
6-1,1.0,Charge,-26.5,3.4988,0.0,2026-09-22 09:34:55
6-1,1.0,Charge,-26.0,3.499,0.0,2026-09-22 09:35:25
6-1,1.0,Charge,-25.5,3.4991,0.0,2026-09-22 09:35:55
6-1,1.0,Charge,-25.0,3.4992,0.0,2026-09-22 09:36:25
6-1,1.0,Charge,-24.5,3.4994,0.0,2026-09-22 09:36:55
6-1,1.0,Charge,-24.0,3.4995,0.0,2026-09-22 09:37:25
6-1,1.0,Charge,-23.5,3.4996,0.0,2026-09-22 09:37:55
6-1,1.0,Charge,-23.0,3.4997,0.0,2026-09-22 09:38:25
6-1,1.0,Charge,-22.5,3.4999,0.0,2026-09-22 09:38:55
6-1,1.0,Charge,-22.0,3.4999,0.0,2026-09-22 09:39:25
6-1,1.0,Charge,-21.5,3.5001,0.0,2026-09-22 09:39:55
6-1,1.0,Charge,-21.0,3.5002,0.0,2026-09-22 09:40:25
6-1,1.0,Charge,-20.5,3.5004,0.0,2026-09-22 09:40:55
6-1,1.0,Charge,-20.0,3.5006,0.0,2026-09-22 09:41:25
6-1,1.0,Charge,-19.5,3.5006,0.0,2026-09-22 09:41:55
6-1,1.0,Charge,-19.0,3.5007,0.0,2026-09-22 09:42:25
6-1,1.0,Charge,-18.5,3.5008,0.0,2026-09-22 09:42:55
6-1,1.0,Charge,-18.0,3.501,0.0,2026-09-22 09:43:25
6-1,1.0,Charge,-17.5,3.5012,0.0,2026-09-22 09:43:55
6-1,1.0,Charge,-17.0,3.5012,0.0,2026-09-22 09:44:25
6-1,1.0,Charge,-16.5,3.5013,0.0,2026-09-22 09:44:55
6-1,1.0,Charge,-16.0,3.5015,0.0,2026-09-22 09:45:25
6-1,1.0,Charge,-15.5,3.5016,0.0,2026-09-22 09:45:55
6-1,1.0,Charge,-15.0,3.5017,0.0,2026-09-22 09:46:25
6-1,1.0,Charge,-14.5,3.5018,0.0,2026-09-22 09:46:55
6-1,1.0,Charge,-14.0,3.5018,0.0,2026-09-22 09:47:25
6-1,1.0,Charge,-13.5,3.502,0.0,2026-09-22 09:47:55
6-1,1.0,Charge,-13.0,3.5021,0.0,2026-09-22 09:48:25
6-1,1.0,Charge,-12.5,3.5023,0.0,2026-09-22 09:48:55
6-1,1.0,Charge,-12.0,3.5024,0.0,2026-09-22 09:49:25
6-1,1.0,Charge,-11.5,3.5024,0.0,2026-09-22 09:49:55
6-1,1.0,Charge,-11.0,3.5025,0.0,2026-09-22 09:50:25
6-1,1.0,Charge,-10.5,3.5027,0.0,2026-09-22 09:50:55
6-1,1.0,Charge,-10.0,3.5027,0.0,2026-09-22 09:51:25
6-1,1.0,Charge,-9.5,3.5029,0.0,2026-09-22 09:51:55
6-1,1.0,Charge,-9.0,3.5029,0.0,2026-09-22 09:52:25
6-1,1.0,Charge,-8.5,3.5031,0.0,2026-09-22 09:52:55
6-1,1.0,Charge,-8.0,3.5032,0.0,2026-09-22 09:53:25
6-1,1.0,Charge,-7.5,3.5033,0.0,2026-09-22 09:53:55
6-1,1.0,Charge,-7.0,3.5032,0.0,2026-09-22 09:54:25
6-1,1.0,Charge,-6.5,3.5035,0.0,2026-09-22 09:54:55
6-1,1.0,Charge,-6.0,3.5035,0.0,2026-09-22 09:55:25
6-1,1.0,Charge,-5.5,3.5037,0.0,2026-09-22 09:55:55
6-1,1.0,Charge,-5.0,3.5038,0.0,2026-09-22 09:56:25
6-1,1.0,Charge,-4.5,3.5038,0.0,2026-09-22 09:56:55
6-1,1.0,Charge,-4.0,3.5039,0.0,2026-09-22 09:57:25
6-1,1.0,Charge,-3.5,3.5039,0.0,2026-09-22 09:57:55
6-1,1.0,Charge,-3.0,3.5041,0.0,2026-09-22 09:58:25
6-1,1.0,Charge,-2.5,3.5042,0.0,2026-09-22 09:58:55
6-1,1.0,Charge,-2.0,3.5043,0.0,2026-09-22 09:59:25
6-1,1.0,Charge,-1.5,3.5043,0.0,2026-09-22 09:59:55
6-1,1.0,Charge,-1.0,3.5045,0.0,2026-09-22 10:00:25
6-1,1.0,Charge,-0.5,3.5046,0.0,2026-09-22 10:00:55
6-1,1.0,Charge,0.0,3.5047,0.0,2026-09-22 10:01:25
6-1,2.0,Discharge,-120.0,4.1927,0.0,2026-09-22 11:19:58
6-1,2.0,Discharge,-119.5,4.1861,0.0,2026-09-22 11:20:28
6-1,2.0,Discharge,-119.0,4.1835,0.0,2026-09-22 11:20:58
6-1,2.0,Discharge,-118.5,4.1815,0.0,2026-09-22 11:21:28
6-1,2.0,Discharge,-118.0,4.1802,0.0,2026-09-22 11:21:58
6-1,2.0,Discharge,-117.5,4.1791,0.0,2026-09-22 11:22:28
6-1,2.0,Discharge,-117.0,4.1782,0.0,2026-09-22 11:22:58
6-1,2.0,Discharge,-116.5,4.1774,0.0,2026-09-22 11:23:28
6-1,2.0,Discharge,-116.0,4.1768,0.0,2026-09-22 11:23:58
6-1,2.0,Discharge,-115.5,4.1762,0.0,2026-09-22 11:24:28
6-1,2.0,Discharge,-115.0,4.1757,0.0,2026-09-22 11:24:58
6-1,2.0,Discharge,-114.5,4.1753,0.0,2026-09-22 11:25:28
6-1,2.0,Discharge,-114.0,4.175,0.0,2026-09-22 11:25:58
6-1,2.0,Discharge,-113.5,4.1746,0.0,2026-09-22 11:26:28
6-1,2.0,Discharge,-113.0,4.1743,0.0,2026-09-22 11:26:58
6-1,2.0,Discharge,-112.5,4.1741,0.0,2026-09-22 11:27:28
6-1,2.0,Discharge,-112.0,4.1738,0.0,2026-09-22 11:27:58
6-1,2.0,Discharge,-111.5,4.1735,0.0,2026-09-22 11:28:28
6-1,2.0,Discharge,-111.0,4.1733,0.0,2026-09-22 11:28:58
6-1,2.0,Discharge,-110.5,4.1731,0.0,2026-09-22 11:29:28
6-1,2.0,Discharge,-110.0,4.1729,0.0,2026-09-22 11:29:58
6-1,2.0,Discharge,-109.5,4.1727,0.0,2026-09-22 11:30:28
6-1,2.0,Discharge,-109.0,4.1726,0.0,2026-09-22 11:30:58
6-1,2.0,Discharge,-108.5,4.1725,0.0,2026-09-22 11:31:28
6-1,2.0,Discharge,-108.0,4.1723,0.0,2026-09-22 11:31:58
6-1,2.0,Discharge,-107.5,4.1721,0.0,2026-09-22 11:32:28
6-1,2.0,Discharge,-107.0,4.172,0.0,2026-09-22 11:32:58
6-1,2.0,Discharge,-106.5,4.172,0.0,2026-09-22 11:33:28
6-1,2.0,Discharge,-106.0,4.1718,0.0,2026-09-22 11:33:58
6-1,2.0,Discharge,-105.5,4.1716,0.0,2026-09-22 11:34:28
6-1,2.0,Discharge,-105.0,4.1715,0.0,2026-09-22 11:34:58
6-1,2.0,Discharge,-104.5,4.1715,0.0,2026-09-22 11:35:28
6-1,2.0,Discharge,-104.0,4.1714,0.0,2026-09-22 11:35:58
6-1,2.0,Discharge,-103.5,4.1713,0.0,2026-09-22 11:36:28
6-1,2.0,Discharge,-103.0,4.1713,0.0,2026-09-22 11:36:58
6-1,2.0,Discharge,-102.5,4.1711,0.0,2026-09-22 11:37:28
6-1,2.0,Discharge,-102.0,4.171,0.0,2026-09-22 11:37:58
6-1,2.0,Discharge,-101.5,4.171,0.0,2026-09-22 11:38:28
6-1,2.0,Discharge,-101.0,4.1709,0.0,2026-09-22 11:38:58
6-1,2.0,Discharge,-100.5,4.1709,0.0,2026-09-22 11:39:28
6-1,2.0,Discharge,-100.0,4.1708,0.0,2026-09-22 11:39:58
6-1,2.0,Discharge,-99.5,4.1707,0.0,2026-09-22 11:40:28
6-1,2.0,Discharge,-99.0,4.1707,0.0,2026-09-22 11:40:58
6-1,2.0,Discharge,-98.5,4.1707,0.0,2026-09-22 11:41:28
6-1,2.0,Discharge,-98.0,4.1707,0.0,2026-09-22 11:41:58
6-1,2.0,Discharge,-97.5,4.1705,0.0,2026-09-22 11:42:28
6-1,2.0,Discharge,-97.0,4.1705,0.0,2026-09-22 11:42:58
6-1,2.0,Discharge,-96.5,4.1704,0.0,2026-09-22 11:43:28
6-1,2.0,Discharge,-96.0,4.1704,0.0,2026-09-22 11:43:58
6-1,2.0,Discharge,-95.5,4.1703,0.0,2026-09-22 11:44:28
6-1,2.0,Discharge,-95.0,4.1702,0.0,2026-09-22 11:44:58
6-1,2.0,Discharge,-94.5,4.1703,0.0,2026-09-22 11:45:28
6-1,2.0,Discharge,-94.0,4.1702,0.0,2026-09-22 11:45:58
6-1,2.0,Discharge,-93.5,4.1702,0.0,2026-09-22 11:46:28
6-1,2.0,Discharge,-93.0,4.1701,0.0,2026-09-22 11:46:58
6-1,2.0,Discharge,-92.5,4.17,0.0,2026-09-22 11:47:28
6-1,2.0,Discharge,-92.0,4.1701,0.0,2026-09-22 11:47:58
6-1,2.0,Discharge,-91.5,4.17,0.0,2026-09-22 11:48:28
6-1,2.0,Discharge,-91.0,4.1701,0.0,2026-09-22 11:48:58
6-1,2.0,Discharge,-90.5,4.1699,0.0,2026-09-22 11:49:28
6-1,2.0,Discharge,-90.0,4.17,0.0,2026-09-22 11:49:58
6-1,2.0,Discharge,-89.5,4.1698,0.0,2026-09-22 11:50:28
6-1,2.0,Discharge,-89.0,4.1699,0.0,2026-09-22 11:50:58
6-1,2.0,Discharge,-88.5,4.1699,0.0,2026-09-22 11:51:28
6-1,2.0,Discharge,-88.0,4.1697,0.0,2026-09-22 11:51:58
6-1,2.0,Discharge,-87.5,4.1697,0.0,2026-09-22 11:52:28
6-1,2.0,Discharge,-87.0,4.1697,0.0,2026-09-22 11:52:58
6-1,2.0,Discharge,-86.5,4.1697,0.0,2026-09-22 11:53:28
6-1,2.0,Discharge,-86.0,4.1697,0.0,2026-09-22 11:53:58
6-1,2.0,Discharge,-85.5,4.1697,0.0,2026-09-22 11:54:28
6-1,2.0,Discharge,-85.0,4.1696,0.0,2026-09-22 11:54:58
6-1,2.0,Discharge,-84.5,4.1695,0.0,2026-09-22 11:55:28
6-1,2.0,Discharge,-84.0,4.1695,0.0,2026-09-22 11:55:58
6-1,2.0,Discharge,-83.5,4.1695,0.0,2026-09-22 11:56:28
6-1,2.0,Discharge,-83.0,4.1694,0.0,2026-09-22 11:56:58
6-1,2.0,Discharge,-82.5,4.1695,0.0,2026-09-22 11:57:28
6-1,2.0,Discharge,-82.0,4.1695,0.0,2026-09-22 11:57:58
6-1,2.0,Discharge,-81.5,4.1694,0.0,2026-09-22 11:58:28
6-1,2.0,Discharge,-81.0,4.1694,0.0,2026-09-22 11:58:58
6-1,2.0,Discharge,-80.5,4.1693,0.0,2026-09-22 11:59:28
6-1,2.0,Discharge,-80.0,4.1694,0.0,2026-09-22 11:59:58
6-1,2.0,Discharge,-79.5,4.1694,0.0,2026-09-22 12:00:28
6-1,2.0,Discharge,-79.0,4.1693,0.0,2026-09-22 12:00:58
6-1,2.0,Discharge,-78.5,4.1693,0.0,2026-09-22 12:01:28
6-1,2.0,Discharge,-78.0,4.1693,0.0,2026-09-22 12:01:58
6-1,2.0,Discharge,-77.5,4.1693,0.0,2026-09-22 12:02:28
6-1,2.0,Discharge,-77.0,4.1693,0.0,2026-09-22 12:02:58
6-1,2.0,Discharge,-76.5,4.1692,0.0,2026-09-22 12:03:28
6-1,2.0,Discharge,-76.0,4.1692,0.0,2026-09-22 12:03:58
6-1,2.0,Discharge,-75.5,4.1692,0.0,2026-09-22 12:04:28
6-1,2.0,Discharge,-75.0,4.1692,0.0,2026-09-22 12:04:58
6-1,2.0,Discharge,-74.5,4.1691,0.0,2026-09-22 12:05:28
6-1,2.0,Discharge,-74.0,4.1691,0.0,2026-09-22 12:05:58
6-1,2.0,Discharge,-73.5,4.1691,0.0,2026-09-22 12:06:28
6-1,2.0,Discharge,-73.0,4.169,0.0,2026-09-22 12:06:58
6-1,2.0,Discharge,-72.5,4.1691,0.0,2026-09-22 12:07:28
6-1,2.0,Discharge,-72.0,4.1691,0.0,2026-09-22 12:07:58
6-1,2.0,Discharge,-71.5,4.1691,0.0,2026-09-22 12:08:28
6-1,2.0,Discharge,-71.0,4.1691,0.0,2026-09-22 12:08:58
6-1,2.0,Discharge,-70.5,4.1691,0.0,2026-09-22 12:09:28
6-1,2.0,Discharge,-70.0,4.169,0.0,2026-09-22 12:09:58
6-1,2.0,Discharge,-69.5,4.1689,0.0,2026-09-22 12:10:28
6-1,2.0,Discharge,-69.0,4.1689,0.0,2026-09-22 12:10:58
6-1,2.0,Discharge,-68.5,4.1689,0.0,2026-09-22 12:11:28
6-1,2.0,Discharge,-68.0,4.169,0.0,2026-09-22 12:11:58
6-1,2.0,Discharge,-67.5,4.1689,0.0,2026-09-22 12:12:28
6-1,2.0,Discharge,-67.0,4.1689,0.0,2026-09-22 12:12:58
6-1,2.0,Discharge,-66.5,4.1689,0.0,2026-09-22 12:13:28
6-1,2.0,Discharge,-66.0,4.1689,0.0,2026-09-22 12:13:58
6-1,2.0,Discharge,-65.5,4.1689,0.0,2026-09-22 12:14:28
6-1,2.0,Discharge,-65.0,4.1688,0.0,2026-09-22 12:14:58
6-1,2.0,Discharge,-64.5,4.1688,0.0,2026-09-22 12:15:28
6-1,2.0,Discharge,-64.0,4.1688,0.0,2026-09-22 12:15:58
6-1,2.0,Discharge,-63.5,4.1689,0.0,2026-09-22 12:16:28
6-1,2.0,Discharge,-63.0,4.1689,0.0,2026-09-22 12:16:58
6-1,2.0,Discharge,-62.5,4.1688,0.0,2026-09-22 12:17:28
6-1,2.0,Discharge,-62.0,4.1689,0.0,2026-09-22 12:17:58
6-1,2.0,Discharge,-61.5,4.1687,0.0,2026-09-22 12:18:28
6-1,2.0,Discharge,-61.0,4.1687,0.0,2026-09-22 12:18:58
6-1,2.0,Discharge,-60.5,4.1688,0.0,2026-09-22 12:19:28
6-1,2.0,Discharge,-60.0,4.1688,0.0,2026-09-22 12:19:58
6-1,2.0,Discharge,-59.5,4.1687,0.0,2026-09-22 12:20:28
6-1,2.0,Discharge,-59.0,4.1687,0.0,2026-09-22 12:20:58
6-1,2.0,Discharge,-58.5,4.1688,0.0,2026-09-22 12:21:28
6-1,2.0,Discharge,-58.0,4.1686,0.0,2026-09-22 12:21:58
6-1,2.0,Discharge,-57.5,4.1687,0.0,2026-09-22 12:22:28
6-1,2.0,Discharge,-57.0,4.1687,0.0,2026-09-22 12:22:58
6-1,2.0,Discharge,-56.5,4.1688,0.0,2026-09-22 12:23:28
6-1,2.0,Discharge,-56.0,4.1687,0.0,2026-09-22 12:23:58
6-1,2.0,Discharge,-55.5,4.1687,0.0,2026-09-22 12:24:28
6-1,2.0,Discharge,-55.0,4.1687,0.0,2026-09-22 12:24:58
6-1,2.0,Discharge,-54.5,4.1686,0.0,2026-09-22 12:25:28
6-1,2.0,Discharge,-54.0,4.1687,0.0,2026-09-22 12:25:58
6-1,2.0,Discharge,-53.5,4.1686,0.0,2026-09-22 12:26:28
6-1,2.0,Discharge,-53.0,4.1687,0.0,2026-09-22 12:26:58
6-1,2.0,Discharge,-52.5,4.1686,0.0,2026-09-22 12:27:28
6-1,2.0,Discharge,-52.0,4.1686,0.0,2026-09-22 12:27:58
6-1,2.0,Discharge,-51.5,4.1686,0.0,2026-09-22 12:28:28
6-1,2.0,Discharge,-51.0,4.1685,0.0,2026-09-22 12:28:58
6-1,2.0,Discharge,-50.5,4.1685,0.0,2026-09-22 12:29:28
6-1,2.0,Discharge,-50.0,4.1686,0.0,2026-09-22 12:29:58
6-1,2.0,Discharge,-49.5,4.1685,0.0,2026-09-22 12:30:28
6-1,2.0,Discharge,-49.0,4.1686,0.0,2026-09-22 12:30:58
6-1,2.0,Discharge,-48.5,4.1685,0.0,2026-09-22 12:31:28
6-1,2.0,Discharge,-48.0,4.1684,0.0,2026-09-22 12:31:58
6-1,2.0,Discharge,-47.5,4.1685,0.0,2026-09-22 12:32:28
6-1,2.0,Discharge,-47.0,4.1685,0.0,2026-09-22 12:32:58
6-1,2.0,Discharge,-46.5,4.1685,0.0,2026-09-22 12:33:28
6-1,2.0,Discharge,-46.0,4.1685,0.0,2026-09-22 12:33:58
6-1,2.0,Discharge,-45.5,4.1685,0.0,2026-09-22 12:34:28
6-1,2.0,Discharge,-45.0,4.1685,0.0,2026-09-22 12:34:58
6-1,2.0,Discharge,-44.5,4.1684,0.0,2026-09-22 12:35:28
6-1,2.0,Discharge,-44.0,4.1684,0.0,2026-09-22 12:35:58
6-1,2.0,Discharge,-43.5,4.1684,0.0,2026-09-22 12:36:28
6-1,2.0,Discharge,-43.0,4.1684,0.0,2026-09-22 12:36:58
6-1,2.0,Discharge,-42.5,4.1684,0.0,2026-09-22 12:37:28
6-1,2.0,Discharge,-42.0,4.1685,0.0,2026-09-22 12:37:58
6-1,2.0,Discharge,-41.5,4.1685,0.0,2026-09-22 12:38:28
6-1,2.0,Discharge,-41.0,4.1684,0.0,2026-09-22 12:38:58
6-1,2.0,Discharge,-40.5,4.1685,0.0,2026-09-22 12:39:28
6-1,2.0,Discharge,-40.0,4.1684,0.0,2026-09-22 12:39:58
6-1,2.0,Discharge,-39.5,4.1684,0.0,2026-09-22 12:40:28
6-1,2.0,Discharge,-39.0,4.1684,0.0,2026-09-22 12:40:58
6-1,2.0,Discharge,-38.5,4.1684,0.0,2026-09-22 12:41:28
6-1,2.0,Discharge,-38.0,4.1684,0.0,2026-09-22 12:41:58
6-1,2.0,Discharge,-37.5,4.1683,0.0,2026-09-22 12:42:28
6-1,2.0,Discharge,-37.0,4.1683,0.0,2026-09-22 12:42:58
6-1,2.0,Discharge,-36.5,4.1683,0.0,2026-09-22 12:43:28
6-1,2.0,Discharge,-36.0,4.1684,0.0,2026-09-22 12:43:58
6-1,2.0,Discharge,-35.5,4.1683,0.0,2026-09-22 12:44:28
6-1,2.0,Discharge,-35.0,4.1684,0.0,2026-09-22 12:44:58
6-1,2.0,Discharge,-34.5,4.1683,0.0,2026-09-22 12:45:28
6-1,2.0,Discharge,-34.0,4.1684,0.0,2026-09-22 12:45:58
6-1,2.0,Discharge,-33.5,4.1684,0.0,2026-09-22 12:46:28
6-1,2.0,Discharge,-33.0,4.1683,0.0,2026-09-22 12:46:58
6-1,2.0,Discharge,-32.5,4.1683,0.0,2026-09-22 12:47:28
6-1,2.0,Discharge,-32.0,4.1683,0.0,2026-09-22 12:47:58
6-1,2.0,Discharge,-31.5,4.1683,0.0,2026-09-22 12:48:28
6-1,2.0,Discharge,-31.0,4.1683,0.0,2026-09-22 12:48:58
6-1,2.0,Discharge,-30.5,4.1684,0.0,2026-09-22 12:49:28
6-1,2.0,Discharge,-30.0,4.1683,0.0,2026-09-22 12:49:58
6-1,2.0,Discharge,-29.5,4.1683,0.0,2026-09-22 12:50:28
6-1,2.0,Discharge,-29.0,4.1682,0.0,2026-09-22 12:50:58
6-1,2.0,Discharge,-28.5,4.1682,0.0,2026-09-22 12:51:28
6-1,2.0,Discharge,-28.0,4.1682,0.0,2026-09-22 12:51:58
6-1,2.0,Discharge,-27.5,4.1683,0.0,2026-09-22 12:52:28
6-1,2.0,Discharge,-27.0,4.1682,0.0,2026-09-22 12:52:58
6-1,2.0,Discharge,-26.5,4.1682,0.0,2026-09-22 12:53:28
6-1,2.0,Discharge,-26.0,4.1683,0.0,2026-09-22 12:53:58
6-1,2.0,Discharge,-25.5,4.1683,0.0,2026-09-22 12:54:28
6-1,2.0,Discharge,-25.0,4.1682,0.0,2026-09-22 12:54:58
6-1,2.0,Discharge,-24.5,4.1682,0.0,2026-09-22 12:55:28
6-1,2.0,Discharge,-24.0,4.1682,0.0,2026-09-22 12:55:58
6-1,2.0,Discharge,-23.5,4.1683,0.0,2026-09-22 12:56:28
6-1,2.0,Discharge,-23.0,4.1682,0.0,2026-09-22 12:56:58
6-1,2.0,Discharge,-22.5,4.1681,0.0,2026-09-22 12:57:28
6-1,2.0,Discharge,-22.0,4.1683,0.0,2026-09-22 12:57:58
6-1,2.0,Discharge,-21.5,4.1682,0.0,2026-09-22 12:58:28
6-1,2.0,Discharge,-21.0,4.1682,0.0,2026-09-22 12:58:58
6-1,2.0,Discharge,-20.5,4.1681,0.0,2026-09-22 12:59:28
6-1,2.0,Discharge,-20.0,4.1681,0.0,2026-09-22 12:59:58
6-1,2.0,Discharge,-19.5,4.1682,0.0,2026-09-22 13:00:28
6-1,2.0,Discharge,-19.0,4.1681,0.0,2026-09-22 13:00:58
6-1,2.0,Discharge,-18.5,4.1681,0.0,2026-09-22 13:01:28
6-1,2.0,Discharge,-18.0,4.1681,0.0,2026-09-22 13:01:58
6-1,2.0,Discharge,-17.5,4.1681,0.0,2026-09-22 13:02:28
6-1,2.0,Discharge,-17.0,4.1682,0.0,2026-09-22 13:02:58
6-1,2.0,Discharge,-16.5,4.1682,0.0,2026-09-22 13:03:28
6-1,2.0,Discharge,-16.0,4.1682,0.0,2026-09-22 13:03:58
6-1,2.0,Discharge,-15.5,4.1681,0.0,2026-09-22 13:04:28
6-1,2.0,Discharge,-15.0,4.1681,0.0,2026-09-22 13:04:58
6-1,2.0,Discharge,-14.5,4.1681,0.0,2026-09-22 13:05:28
6-1,2.0,Discharge,-14.0,4.1682,0.0,2026-09-22 13:05:58
6-1,2.0,Discharge,-13.5,4.1681,0.0,2026-09-22 13:06:28
6-1,2.0,Discharge,-13.0,4.1681,0.0,2026-09-22 13:06:58
6-1,2.0,Discharge,-12.5,4.1681,0.0,2026-09-22 13:07:28
6-1,2.0,Discharge,-12.0,4.1681,0.0,2026-09-22 13:07:58
6-1,2.0,Discharge,-11.5,4.1681,0.0,2026-09-22 13:08:28
6-1,2.0,Discharge,-11.0,4.1681,0.0,2026-09-22 13:08:58
6-1,2.0,Discharge,-10.5,4.1681,0.0,2026-09-22 13:09:28
6-1,2.0,Discharge,-10.0,4.1682,0.0,2026-09-22 13:09:58
6-1,2.0,Discharge,-9.5,4.168,0.0,2026-09-22 13:10:28
6-1,2.0,Discharge,-9.0,4.1682,0.0,2026-09-22 13:10:58
6-1,2.0,Discharge,-8.5,4.1681,0.0,2026-09-22 13:11:28
6-1,2.0,Discharge,-8.0,4.1681,0.0,2026-09-22 13:11:58
6-1,2.0,Discharge,-7.5,4.1681,0.0,2026-09-22 13:12:28
6-1,2.0,Discharge,-7.0,4.168,0.0,2026-09-22 13:12:58
6-1,2.0,Discharge,-6.5,4.1681,0.0,2026-09-22 13:13:28
6-1,2.0,Discharge,-6.0,4.168,0.0,2026-09-22 13:13:58
6-1,2.0,Discharge,-5.5,4.168,0.0,2026-09-22 13:14:28
6-1,2.0,Discharge,-5.0,4.168,0.0,2026-09-22 13:14:58
6-1,2.0,Discharge,-4.5,4.168,0.0,2026-09-22 13:15:28
6-1,2.0,Discharge,-4.0,4.1681,0.0,2026-09-22 13:15:58
6-1,2.0,Discharge,-3.5,4.168,0.0,2026-09-22 13:16:28
6-1,2.0,Discharge,-3.0,4.1681,0.0,2026-09-22 13:16:58
6-1,2.0,Discharge,-2.5,4.168,0.0,2026-09-22 13:17:28
6-1,2.0,Discharge,-2.0,4.1679,0.0,2026-09-22 13:17:58
6-1,2.0,Discharge,-1.5,4.168,0.0,2026-09-22 13:18:28
6-1,2.0,Discharge,-1.0,4.168,0.0,2026-09-22 13:18:58
6-1,2.0,Discharge,-0.5,4.168,0.0,2026-09-22 13:19:28
6-1,2.0,Discharge,0.0,4.168,0.0,2026-09-22 13:19:58
6-1,2.0,Charge,-120.0,3.1434,0.0,2026-09-22 13:48:03
6-1,2.0,Charge,-119.5,3.3842,0.0,2026-09-22 13:48:33
6-1,2.0,Charge,-119.0,3.4433,0.0,2026-09-22 13:49:03
6-1,2.0,Charge,-118.5,3.4767,0.0,2026-09-22 13:49:33
6-1,2.0,Charge,-118.0,3.4979,0.0,2026-09-22 13:50:03
6-1,2.0,Charge,-117.5,3.5128,0.0,2026-09-22 13:50:33
6-1,2.0,Charge,-117.0,3.5242,0.0,2026-09-22 13:51:03
6-1,2.0,Charge,-116.5,3.5335,0.0,2026-09-22 13:51:33
6-1,2.0,Charge,-116.0,3.5416,0.0,2026-09-22 13:52:03
6-1,2.0,Charge,-115.5,3.5489,0.0,2026-09-22 13:52:33
6-1,2.0,Charge,-115.0,3.5555,0.0,2026-09-22 13:53:03
6-1,2.0,Charge,-114.5,3.5617,0.0,2026-09-22 13:53:33
6-1,2.0,Charge,-114.0,3.5674,0.0,2026-09-22 13:54:03
6-1,2.0,Charge,-113.5,3.5726,0.0,2026-09-22 13:54:33
6-1,2.0,Charge,-113.0,3.5776,0.0,2026-09-22 13:55:03
6-1,2.0,Charge,-112.5,3.5821,0.0,2026-09-22 13:55:33
6-1,2.0,Charge,-112.0,3.5864,0.0,2026-09-22 13:56:03
6-1,2.0,Charge,-111.5,3.5902,0.0,2026-09-22 13:56:33
6-1,2.0,Charge,-111.0,3.5937,0.0,2026-09-22 13:57:03
6-1,2.0,Charge,-110.5,3.597,0.0,2026-09-22 13:57:33
6-1,2.0,Charge,-110.0,3.6,0.0,2026-09-22 13:58:03
6-1,2.0,Charge,-109.5,3.6027,0.0,2026-09-22 13:58:33
6-1,2.0,Charge,-109.0,3.6051,0.0,2026-09-22 13:59:03
6-1,2.0,Charge,-108.5,3.6074,0.0,2026-09-22 13:59:33
6-1,2.0,Charge,-108.0,3.6095,0.0,2026-09-22 14:00:03
6-1,2.0,Charge,-107.5,3.6114,0.0,2026-09-22 14:00:33
6-1,2.0,Charge,-107.0,3.6131,0.0,2026-09-22 14:01:03
6-1,2.0,Charge,-106.5,3.6147,0.0,2026-09-22 14:01:33
6-1,2.0,Charge,-106.0,3.6163,0.0,2026-09-22 14:02:03
6-1,2.0,Charge,-105.5,3.6176,0.0,2026-09-22 14:02:33
6-1,2.0,Charge,-105.0,3.619,0.0,2026-09-22 14:03:03
6-1,2.0,Charge,-104.5,3.6202,0.0,2026-09-22 14:03:33
6-1,2.0,Charge,-104.0,3.6212,0.0,2026-09-22 14:04:03
6-1,2.0,Charge,-103.5,3.6222,0.0,2026-09-22 14:04:33
6-1,2.0,Charge,-103.0,3.6232,0.0,2026-09-22 14:05:03
6-1,2.0,Charge,-102.5,3.6242,0.0,2026-09-22 14:05:33
6-1,2.0,Charge,-102.0,3.6251,0.0,2026-09-22 14:06:03
6-1,2.0,Charge,-101.5,3.6259,0.0,2026-09-22 14:06:33
6-1,2.0,Charge,-101.0,3.6267,0.0,2026-09-22 14:07:03
6-1,2.0,Charge,-100.5,3.6274,0.0,2026-09-22 14:07:33
6-1,2.0,Charge,-100.0,3.6282,0.0,2026-09-22 14:08:03
6-1,2.0,Charge,-99.5,3.6288,0.0,2026-09-22 14:08:33
6-1,2.0,Charge,-99.0,3.6294,0.0,2026-09-22 14:09:03
6-1,2.0,Charge,-98.5,3.6299,0.0,2026-09-22 14:09:33
6-1,2.0,Charge,-98.0,3.6305,0.0,2026-09-22 14:10:03
6-1,2.0,Charge,-97.5,3.6311,0.0,2026-09-22 14:10:33
6-1,2.0,Charge,-97.0,3.6316,0.0,2026-09-22 14:11:03
6-1,2.0,Charge,-96.5,3.6322,0.0,2026-09-22 14:11:33
6-1,2.0,Charge,-96.0,3.6326,0.0,2026-09-22 14:12:03
6-1,2.0,Charge,-95.5,3.633,0.0,2026-09-22 14:12:33
6-1,2.0,Charge,-95.0,3.6335,0.0,2026-09-22 14:13:03
6-1,2.0,Charge,-94.5,3.6339,0.0,2026-09-22 14:13:33
6-1,2.0,Charge,-94.0,3.6343,0.0,2026-09-22 14:14:03
6-1,2.0,Charge,-93.5,3.6347,0.0,2026-09-22 14:14:33
6-1,2.0,Charge,-93.0,3.6351,0.0,2026-09-22 14:15:03
6-1,2.0,Charge,-92.5,3.6354,0.0,2026-09-22 14:15:33
6-1,2.0,Charge,-92.0,3.6359,0.0,2026-09-22 14:16:03
6-1,2.0,Charge,-91.5,3.6362,0.0,2026-09-22 14:16:33
6-1,2.0,Charge,-91.0,3.6366,0.0,2026-09-22 14:17:03
6-1,2.0,Charge,-90.5,3.6368,0.0,2026-09-22 14:17:33
6-1,2.0,Charge,-90.0,3.6372,0.0,2026-09-22 14:18:03
6-1,2.0,Charge,-89.5,3.6373,0.0,2026-09-22 14:18:33
6-1,2.0,Charge,-89.0,3.6377,0.0,2026-09-22 14:19:03
6-1,2.0,Charge,-88.5,3.638,0.0,2026-09-22 14:19:33
6-1,2.0,Charge,-88.0,3.6383,0.0,2026-09-22 14:20:03
6-1,2.0,Charge,-87.5,3.6385,0.0,2026-09-22 14:20:33
6-1,2.0,Charge,-87.0,3.6388,0.0,2026-09-22 14:21:03
6-1,2.0,Charge,-86.5,3.639,0.0,2026-09-22 14:21:33
6-1,2.0,Charge,-86.0,3.6392,0.0,2026-09-22 14:22:03
6-1,2.0,Charge,-85.5,3.6396,0.0,2026-09-22 14:22:33
6-1,2.0,Charge,-85.0,3.6397,0.0,2026-09-22 14:23:03
6-1,2.0,Charge,-84.5,3.6399,0.0,2026-09-22 14:23:33
6-1,2.0,Charge,-84.0,3.6402,0.0,2026-09-22 14:24:03
6-1,2.0,Charge,-83.5,3.6404,0.0,2026-09-22 14:24:33
6-1,2.0,Charge,-83.0,3.6406,0.0,2026-09-22 14:25:03
6-1,2.0,Charge,-82.5,3.6408,0.0,2026-09-22 14:25:33
6-1,2.0,Charge,-82.0,3.641,0.0,2026-09-22 14:26:03
6-1,2.0,Charge,-81.5,3.6412,0.0,2026-09-22 14:26:33
6-1,2.0,Charge,-81.0,3.6414,0.0,2026-09-22 14:27:03
6-1,2.0,Charge,-80.5,3.6415,0.0,2026-09-22 14:27:33
6-1,2.0,Charge,-80.0,3.6417,0.0,2026-09-22 14:28:03
6-1,2.0,Charge,-79.5,3.6419,0.0,2026-09-22 14:28:33
6-1,2.0,Charge,-79.0,3.6422,0.0,2026-09-22 14:29:03
6-1,2.0,Charge,-78.5,3.6422,0.0,2026-09-22 14:29:33
6-1,2.0,Charge,-78.0,3.6424,0.0,2026-09-22 14:30:03
6-1,2.0,Charge,-77.5,3.6426,0.0,2026-09-22 14:30:33
6-1,2.0,Charge,-77.0,3.6428,0.0,2026-09-22 14:31:03
6-1,2.0,Charge,-76.5,3.6429,0.0,2026-09-22 14:31:33
6-1,2.0,Charge,-76.0,3.6432,0.0,2026-09-22 14:32:03
6-1,2.0,Charge,-75.5,3.6433,0.0,2026-09-22 14:32:33
6-1,2.0,Charge,-75.0,3.6434,0.0,2026-09-22 14:33:03
6-1,2.0,Charge,-74.5,3.6435,0.0,2026-09-22 14:33:33
6-1,2.0,Charge,-74.0,3.6437,0.0,2026-09-22 14:34:03
6-1,2.0,Charge,-73.5,3.6437,0.0,2026-09-22 14:34:33
6-1,2.0,Charge,-73.0,3.644,0.0,2026-09-22 14:35:03
6-1,2.0,Charge,-72.5,3.6441,0.0,2026-09-22 14:35:33
6-1,2.0,Charge,-72.0,3.6441,0.0,2026-09-22 14:36:03
6-1,2.0,Charge,-71.5,3.6444,0.0,2026-09-22 14:36:33
6-1,2.0,Charge,-71.0,3.6445,0.0,2026-09-22 14:37:03
6-1,2.0,Charge,-70.5,3.6446,0.0,2026-09-22 14:37:33
6-1,2.0,Charge,-70.0,3.6447,0.0,2026-09-22 14:38:03
6-1,2.0,Charge,-69.5,3.6448,0.0,2026-09-22 14:38:33
6-1,2.0,Charge,-69.0,3.645,0.0,2026-09-22 14:39:03
6-1,2.0,Charge,-68.5,3.645,0.0,2026-09-22 14:39:33
6-1,2.0,Charge,-68.0,3.6452,0.0,2026-09-22 14:40:03
6-1,2.0,Charge,-67.5,3.6452,0.0,2026-09-22 14:40:33
6-1,2.0,Charge,-67.0,3.6453,0.0,2026-09-22 14:41:03
6-1,2.0,Charge,-66.5,3.6455,0.0,2026-09-22 14:41:33
6-1,2.0,Charge,-66.0,3.6456,0.0,2026-09-22 14:42:03
6-1,2.0,Charge,-65.5,3.6457,0.0,2026-09-22 14:42:33
6-1,2.0,Charge,-65.0,3.6458,0.0,2026-09-22 14:43:03
6-1,2.0,Charge,-64.5,3.6459,0.0,2026-09-22 14:43:33
6-1,2.0,Charge,-64.0,3.646,0.0,2026-09-22 14:44:03
6-1,2.0,Charge,-63.5,3.6461,0.0,2026-09-22 14:44:33
6-1,2.0,Charge,-63.0,3.6461,0.0,2026-09-22 14:45:03
6-1,2.0,Charge,-62.5,3.6463,0.0,2026-09-22 14:45:33
6-1,2.0,Charge,-62.0,3.6464,0.0,2026-09-22 14:46:03
6-1,2.0,Charge,-61.5,3.6465,0.0,2026-09-22 14:46:33
6-1,2.0,Charge,-61.0,3.6465,0.0,2026-09-22 14:47:03
6-1,2.0,Charge,-60.5,3.6467,0.0,2026-09-22 14:47:33
6-1,2.0,Charge,-60.0,3.6467,0.0,2026-09-22 14:48:03
6-1,2.0,Charge,-59.5,3.6468,0.0,2026-09-22 14:48:33
6-1,2.0,Charge,-59.0,3.6469,0.0,2026-09-22 14:49:03
6-1,2.0,Charge,-58.5,3.6469,0.0,2026-09-22 14:49:33
6-1,2.0,Charge,-58.0,3.647,0.0,2026-09-22 14:50:03
6-1,2.0,Charge,-57.5,3.6472,0.0,2026-09-22 14:50:33
6-1,2.0,Charge,-57.0,3.6472,0.0,2026-09-22 14:51:03
6-1,2.0,Charge,-56.5,3.6473,0.0,2026-09-22 14:51:33
6-1,2.0,Charge,-56.0,3.6472,0.0,2026-09-22 14:52:03
6-1,2.0,Charge,-55.5,3.6474,0.0,2026-09-22 14:52:33
6-1,2.0,Charge,-55.0,3.6474,0.0,2026-09-22 14:53:03
6-1,2.0,Charge,-54.5,3.6475,0.0,2026-09-22 14:53:33
6-1,2.0,Charge,-54.0,3.6476,0.0,2026-09-22 14:54:03
6-1,2.0,Charge,-53.5,3.6476,0.0,2026-09-22 14:54:33
6-1,2.0,Charge,-53.0,3.6476,0.0,2026-09-22 14:55:03
6-1,2.0,Charge,-52.5,3.6477,0.0,2026-09-22 14:55:33
6-1,2.0,Charge,-52.0,3.6479,0.0,2026-09-22 14:56:03
6-1,2.0,Charge,-51.5,3.6478,0.0,2026-09-22 14:56:33
6-1,2.0,Charge,-51.0,3.6479,0.0,2026-09-22 14:57:03
6-1,2.0,Charge,-50.5,3.648,0.0,2026-09-22 14:57:33
6-1,2.0,Charge,-50.0,3.6481,0.0,2026-09-22 14:58:03
6-1,2.0,Charge,-49.5,3.6482,0.0,2026-09-22 14:58:33
6-1,2.0,Charge,-49.0,3.6482,0.0,2026-09-22 14:59:03
6-1,2.0,Charge,-48.5,3.6482,0.0,2026-09-22 14:59:33
6-1,2.0,Charge,-48.0,3.6483,0.0,2026-09-22 15:00:03
6-1,2.0,Charge,-47.5,3.6485,0.0,2026-09-22 15:00:33
6-1,2.0,Charge,-47.0,3.6484,0.0,2026-09-22 15:01:03
6-1,2.0,Charge,-46.5,3.6485,0.0,2026-09-22 15:01:33
6-1,2.0,Charge,-46.0,3.6486,0.0,2026-09-22 15:02:03
6-1,2.0,Charge,-45.5,3.6487,0.0,2026-09-22 15:02:33
6-1,2.0,Charge,-45.0,3.6487,0.0,2026-09-22 15:03:03
6-1,2.0,Charge,-44.5,3.6487,0.0,2026-09-22 15:03:33
6-1,2.0,Charge,-44.0,3.6488,0.0,2026-09-22 15:04:03
6-1,2.0,Charge,-43.5,3.6489,0.0,2026-09-22 15:04:33
6-1,2.0,Charge,-43.0,3.649,0.0,2026-09-22 15:05:03
6-1,2.0,Charge,-42.5,3.649,0.0,2026-09-22 15:05:33
6-1,2.0,Charge,-42.0,3.6492,0.0,2026-09-22 15:06:03
6-1,2.0,Charge,-41.5,3.6491,0.0,2026-09-22 15:06:33
6-1,2.0,Charge,-41.0,3.6491,0.0,2026-09-22 15:07:03
6-1,2.0,Charge,-40.5,3.6493,0.0,2026-09-22 15:07:33
6-1,2.0,Charge,-40.0,3.6493,0.0,2026-09-22 15:08:03
6-1,2.0,Charge,-39.5,3.6493,0.0,2026-09-22 15:08:33
6-1,2.0,Charge,-39.0,3.6494,0.0,2026-09-22 15:09:03
6-1,2.0,Charge,-38.5,3.6495,0.0,2026-09-22 15:09:33
6-1,2.0,Charge,-38.0,3.6495,0.0,2026-09-22 15:10:03
6-1,2.0,Charge,-37.5,3.6496,0.0,2026-09-22 15:10:33
6-1,2.0,Charge,-37.0,3.6496,0.0,2026-09-22 15:11:03
6-1,2.0,Charge,-36.5,3.6498,0.0,2026-09-22 15:11:33
6-1,2.0,Charge,-36.0,3.6497,0.0,2026-09-22 15:12:03
6-1,2.0,Charge,-35.5,3.6498,0.0,2026-09-22 15:12:33
6-1,2.0,Charge,-35.0,3.6499,0.0,2026-09-22 15:13:03
6-1,2.0,Charge,-34.5,3.6499,0.0,2026-09-22 15:13:33
6-1,2.0,Charge,-34.0,3.65,0.0,2026-09-22 15:14:03
6-1,2.0,Charge,-33.5,3.6501,0.0,2026-09-22 15:14:33
6-1,2.0,Charge,-33.0,3.65,0.0,2026-09-22 15:15:03
6-1,2.0,Charge,-32.5,3.6501,0.0,2026-09-22 15:15:33
6-1,2.0,Charge,-32.0,3.6502,0.0,2026-09-22 15:16:03
6-1,2.0,Charge,-31.5,3.6503,0.0,2026-09-22 15:16:33
6-1,2.0,Charge,-31.0,3.6502,0.0,2026-09-22 15:17:03
6-1,2.0,Charge,-30.5,3.6503,0.0,2026-09-22 15:17:33
6-1,2.0,Charge,-30.0,3.6503,0.0,2026-09-22 15:18:03
6-1,2.0,Charge,-29.5,3.6504,0.0,2026-09-22 15:18:33
6-1,2.0,Charge,-29.0,3.6505,0.0,2026-09-22 15:19:03
6-1,2.0,Charge,-28.5,3.6505,0.0,2026-09-22 15:19:33
6-1,2.0,Charge,-28.0,3.6505,0.0,2026-09-22 15:20:03
6-1,2.0,Charge,-27.5,3.6506,0.0,2026-09-22 15:20:33
6-1,2.0,Charge,-27.0,3.6507,0.0,2026-09-22 15:21:03
6-1,2.0,Charge,-26.5,3.6508,0.0,2026-09-22 15:21:33
6-1,2.0,Charge,-26.0,3.6507,0.0,2026-09-22 15:22:03
6-1,2.0,Charge,-25.5,3.6508,0.0,2026-09-22 15:22:33
6-1,2.0,Charge,-25.0,3.6509,0.0,2026-09-22 15:23:03
6-1,2.0,Charge,-24.5,3.6509,0.0,2026-09-22 15:23:33
6-1,2.0,Charge,-24.0,3.651,0.0,2026-09-22 15:24:03
6-1,2.0,Charge,-23.5,3.651,0.0,2026-09-22 15:24:33
6-1,2.0,Charge,-23.0,3.651,0.0,2026-09-22 15:25:03
6-1,2.0,Charge,-22.5,3.651,0.0,2026-09-22 15:25:33
6-1,2.0,Charge,-22.0,3.6511,0.0,2026-09-22 15:26:03
6-1,2.0,Charge,-21.5,3.6511,0.0,2026-09-22 15:26:33
6-1,2.0,Charge,-21.0,3.6512,0.0,2026-09-22 15:27:03
6-1,2.0,Charge,-20.5,3.6512,0.0,2026-09-22 15:27:33
6-1,2.0,Charge,-20.0,3.6513,0.0,2026-09-22 15:28:03
6-1,2.0,Charge,-19.5,3.6513,0.0,2026-09-22 15:28:33
6-1,2.0,Charge,-19.0,3.6513,0.0,2026-09-22 15:29:03
6-1,2.0,Charge,-18.5,3.6515,0.0,2026-09-22 15:29:33
6-1,2.0,Charge,-18.0,3.6514,0.0,2026-09-22 15:30:03
6-1,2.0,Charge,-17.5,3.6515,0.0,2026-09-22 15:30:33
6-1,2.0,Charge,-17.0,3.6516,0.0,2026-09-22 15:31:03
6-1,2.0,Charge,-16.5,3.6516,0.0,2026-09-22 15:31:33
6-1,2.0,Charge,-16.0,3.6517,0.0,2026-09-22 15:32:03
6-1,2.0,Charge,-15.5,3.6517,0.0,2026-09-22 15:32:33
6-1,2.0,Charge,-15.0,3.6516,0.0,2026-09-22 15:33:03
6-1,2.0,Charge,-14.5,3.6517,0.0,2026-09-22 15:33:33
6-1,2.0,Charge,-14.0,3.6518,0.0,2026-09-22 15:34:03
6-1,2.0,Charge,-13.5,3.6519,0.0,2026-09-22 15:34:33
6-1,2.0,Charge,-13.0,3.6518,0.0,2026-09-22 15:35:03
6-1,2.0,Charge,-12.5,3.6519,0.0,2026-09-22 15:35:33
6-1,2.0,Charge,-12.0,3.6519,0.0,2026-09-22 15:36:03
6-1,2.0,Charge,-11.5,3.652,0.0,2026-09-22 15:36:33
6-1,2.0,Charge,-11.0,3.652,0.0,2026-09-22 15:37:03
6-1,2.0,Charge,-10.5,3.6521,0.0,2026-09-22 15:37:33
6-1,2.0,Charge,-10.0,3.652,0.0,2026-09-22 15:38:03
6-1,2.0,Charge,-9.5,3.6522,0.0,2026-09-22 15:38:33
6-1,2.0,Charge,-9.0,3.6522,0.0,2026-09-22 15:39:03
6-1,2.0,Charge,-8.5,3.6523,0.0,2026-09-22 15:39:33
6-1,2.0,Charge,-8.0,3.6522,0.0,2026-09-22 15:40:03
6-1,2.0,Charge,-7.5,3.6522,0.0,2026-09-22 15:40:33
6-1,2.0,Charge,-7.0,3.6524,0.0,2026-09-22 15:41:03
6-1,2.0,Charge,-6.5,3.6523,0.0,2026-09-22 15:41:33
6-1,2.0,Charge,-6.0,3.6524,0.0,2026-09-22 15:42:03
6-1,2.0,Charge,-5.5,3.6524,0.0,2026-09-22 15:42:33
6-1,2.0,Charge,-5.0,3.6525,0.0,2026-09-22 15:43:03
6-1,2.0,Charge,-4.5,3.6525,0.0,2026-09-22 15:43:33
6-1,2.0,Charge,-4.0,3.6526,0.0,2026-09-22 15:44:03
6-1,2.0,Charge,-3.5,3.6526,0.0,2026-09-22 15:44:33
6-1,2.0,Charge,-3.0,3.6526,0.0,2026-09-22 15:45:03
6-1,2.0,Charge,-2.5,3.6526,0.0,2026-09-22 15:45:33
6-1,2.0,Charge,-2.0,3.6526,0.0,2026-09-22 15:46:03
6-1,2.0,Charge,-1.5,3.6528,0.0,2026-09-22 15:46:33
6-1,2.0,Charge,-1.0,3.6528,0.0,2026-09-22 15:47:03
6-1,2.0,Charge,-0.5,3.6528,0.0,2026-09-22 15:47:33
6-1,2.0,Charge,0.0,3.6529,0.0,2026-09-22 15:48:03
6-2,0.5,Discharge,-120.0,4.1926,0.0,2026-09-21 20:54:53
6-2,0.5,Discharge,-119.5,4.1859,0.0,2026-09-21 20:55:23
6-2,0.5,Discharge,-119.0,4.1831,0.0,2026-09-21 20:55:53
6-2,0.5,Discharge,-118.5,4.1811,0.0,2026-09-21 20:56:23
6-2,0.5,Discharge,-118.0,4.1798,0.0,2026-09-21 20:56:53
6-2,0.5,Discharge,-117.5,4.1786,0.0,2026-09-21 20:57:23
6-2,0.5,Discharge,-117.0,4.1778,0.0,2026-09-21 20:57:53
6-2,0.5,Discharge,-116.5,4.1769,0.0,2026-09-21 20:58:23
6-2,0.5,Discharge,-116.0,4.1764,0.0,2026-09-21 20:58:53
6-2,0.5,Discharge,-115.5,4.1758,0.0,2026-09-21 20:59:23
6-2,0.5,Discharge,-115.0,4.1753,0.0,2026-09-21 20:59:53
6-2,0.5,Discharge,-114.5,4.1749,0.0,2026-09-21 21:00:23
6-2,0.5,Discharge,-114.0,4.1746,0.0,2026-09-21 21:00:53
6-2,0.5,Discharge,-113.5,4.1741,0.0,2026-09-21 21:01:23
6-2,0.5,Discharge,-113.0,4.1739,0.0,2026-09-21 21:01:53
6-2,0.5,Discharge,-112.5,4.1736,0.0,2026-09-21 21:02:23
6-2,0.5,Discharge,-112.0,4.1734,0.0,2026-09-21 21:02:53
6-2,0.5,Discharge,-111.5,4.1731,0.0,2026-09-21 21:03:23
6-2,0.5,Discharge,-111.0,4.1729,0.0,2026-09-21 21:03:53
6-2,0.5,Discharge,-110.5,4.1728,0.0,2026-09-21 21:04:23
6-2,0.5,Discharge,-110.0,4.1725,0.0,2026-09-21 21:04:53
6-2,0.5,Discharge,-109.5,4.1724,0.0,2026-09-21 21:05:23
6-2,0.5,Discharge,-109.0,4.1722,0.0,2026-09-21 21:05:53
6-2,0.5,Discharge,-108.5,4.1721,0.0,2026-09-21 21:06:23
6-2,0.5,Discharge,-108.0,4.1719,0.0,2026-09-21 21:06:53
6-2,0.5,Discharge,-107.5,4.1718,0.0,2026-09-21 21:07:23
6-2,0.5,Discharge,-107.0,4.1716,0.0,2026-09-21 21:07:53
6-2,0.5,Discharge,-106.5,4.1716,0.0,2026-09-21 21:08:23
6-2,0.5,Discharge,-106.0,4.1715,0.0,2026-09-21 21:08:53
6-2,0.5,Discharge,-105.5,4.1713,0.0,2026-09-21 21:09:23
6-2,0.5,Discharge,-105.0,4.1713,0.0,2026-09-21 21:09:53
6-2,0.5,Discharge,-104.5,4.171,0.0,2026-09-21 21:10:23
6-2,0.5,Discharge,-104.0,4.171,0.0,2026-09-21 21:10:53
6-2,0.5,Discharge,-103.5,4.1709,0.0,2026-09-21 21:11:23
6-2,0.5,Discharge,-103.0,4.1709,0.0,2026-09-21 21:11:53
6-2,0.5,Discharge,-102.5,4.1708,0.0,2026-09-21 21:12:23
6-2,0.5,Discharge,-102.0,4.1707,0.0,2026-09-21 21:12:53
6-2,0.5,Discharge,-101.5,4.1707,0.0,2026-09-21 21:13:23
6-2,0.5,Discharge,-101.0,4.1705,0.0,2026-09-21 21:13:53
6-2,0.5,Discharge,-100.5,4.1705,0.0,2026-09-21 21:14:23
6-2,0.5,Discharge,-100.0,4.1704,0.0,2026-09-21 21:14:53
6-2,0.5,Discharge,-99.5,4.1705,0.0,2026-09-21 21:15:23
6-2,0.5,Discharge,-99.0,4.1703,0.0,2026-09-21 21:15:53
6-2,0.5,Discharge,-98.5,4.1702,0.0,2026-09-21 21:16:23
6-2,0.5,Discharge,-98.0,4.1703,0.0,2026-09-21 21:16:53
6-2,0.5,Discharge,-97.5,4.1703,0.0,2026-09-21 21:17:23
6-2,0.5,Discharge,-97.0,4.1701,0.0,2026-09-21 21:17:53
6-2,0.5,Discharge,-96.5,4.1702,0.0,2026-09-21 21:18:23
6-2,0.5,Discharge,-96.0,4.17,0.0,2026-09-21 21:18:53
6-2,0.5,Discharge,-95.5,4.1699,0.0,2026-09-21 21:19:23
6-2,0.5,Discharge,-95.0,4.17,0.0,2026-09-21 21:19:53
6-2,0.5,Discharge,-94.5,4.1699,0.0,2026-09-21 21:20:23
6-2,0.5,Discharge,-94.0,4.1698,0.0,2026-09-21 21:20:53
6-2,0.5,Discharge,-93.5,4.1698,0.0,2026-09-21 21:21:23
6-2,0.5,Discharge,-93.0,4.1698,0.0,2026-09-21 21:21:53
6-2,0.5,Discharge,-92.5,4.1698,0.0,2026-09-21 21:22:23
6-2,0.5,Discharge,-92.0,4.1697,0.0,2026-09-21 21:22:53
6-2,0.5,Discharge,-91.5,4.1697,0.0,2026-09-21 21:23:23
6-2,0.5,Discharge,-91.0,4.1697,0.0,2026-09-21 21:23:53
6-2,0.5,Discharge,-90.5,4.1696,0.0,2026-09-21 21:24:23
6-2,0.5,Discharge,-90.0,4.1696,0.0,2026-09-21 21:24:53
6-2,0.5,Discharge,-89.5,4.1695,0.0,2026-09-21 21:25:23
6-2,0.5,Discharge,-89.0,4.1695,0.0,2026-09-21 21:25:53
6-2,0.5,Discharge,-88.5,4.1695,0.0,2026-09-21 21:26:23
6-2,0.5,Discharge,-88.0,4.1695,0.0,2026-09-21 21:26:53
6-2,0.5,Discharge,-87.5,4.1695,0.0,2026-09-21 21:27:23
6-2,0.5,Discharge,-87.0,4.1695,0.0,2026-09-21 21:27:53
6-2,0.5,Discharge,-86.5,4.1693,0.0,2026-09-21 21:28:23
6-2,0.5,Discharge,-86.0,4.1694,0.0,2026-09-21 21:28:53
6-2,0.5,Discharge,-85.5,4.1693,0.0,2026-09-21 21:29:23
6-2,0.5,Discharge,-85.0,4.1694,0.0,2026-09-21 21:29:53
6-2,0.5,Discharge,-84.5,4.1693,0.0,2026-09-21 21:30:23
6-2,0.5,Discharge,-84.0,4.1692,0.0,2026-09-21 21:30:53
6-2,0.5,Discharge,-83.5,4.1693,0.0,2026-09-21 21:31:23
6-2,0.5,Discharge,-83.0,4.1692,0.0,2026-09-21 21:31:53
6-2,0.5,Discharge,-82.5,4.1692,0.0,2026-09-21 21:32:23
6-2,0.5,Discharge,-82.0,4.1691,0.0,2026-09-21 21:32:53
6-2,0.5,Discharge,-81.5,4.1692,0.0,2026-09-21 21:33:23
6-2,0.5,Discharge,-81.0,4.1691,0.0,2026-09-21 21:33:53
6-2,0.5,Discharge,-80.5,4.1691,0.0,2026-09-21 21:34:23
6-2,0.5,Discharge,-80.0,4.1691,0.0,2026-09-21 21:34:53
6-2,0.5,Discharge,-79.5,4.1691,0.0,2026-09-21 21:35:23
6-2,0.5,Discharge,-79.0,4.1691,0.0,2026-09-21 21:35:53
6-2,0.5,Discharge,-78.5,4.169,0.0,2026-09-21 21:36:23
6-2,0.5,Discharge,-78.0,4.169,0.0,2026-09-21 21:36:53
6-2,0.5,Discharge,-77.5,4.169,0.0,2026-09-21 21:37:23
6-2,0.5,Discharge,-77.0,4.169,0.0,2026-09-21 21:37:53
6-2,0.5,Discharge,-76.5,4.169,0.0,2026-09-21 21:38:23
6-2,0.5,Discharge,-76.0,4.169,0.0,2026-09-21 21:38:53
6-2,0.5,Discharge,-75.5,4.1689,0.0,2026-09-21 21:39:23
6-2,0.5,Discharge,-75.0,4.1689,0.0,2026-09-21 21:39:53
6-2,0.5,Discharge,-74.5,4.1688,0.0,2026-09-21 21:40:23
6-2,0.5,Discharge,-74.0,4.1688,0.0,2026-09-21 21:40:53
6-2,0.5,Discharge,-73.5,4.1689,0.0,2026-09-21 21:41:23
6-2,0.5,Discharge,-73.0,4.1689,0.0,2026-09-21 21:41:53
6-2,0.5,Discharge,-72.5,4.1689,0.0,2026-09-21 21:42:23
6-2,0.5,Discharge,-72.0,4.1688,0.0,2026-09-21 21:42:53
6-2,0.5,Discharge,-71.5,4.1689,0.0,2026-09-21 21:43:23
6-2,0.5,Discharge,-71.0,4.1688,0.0,2026-09-21 21:43:53
6-2,0.5,Discharge,-70.5,4.1688,0.0,2026-09-21 21:44:23
6-2,0.5,Discharge,-70.0,4.1687,0.0,2026-09-21 21:44:53
6-2,0.5,Discharge,-69.5,4.1687,0.0,2026-09-21 21:45:23
6-2,0.5,Discharge,-69.0,4.1688,0.0,2026-09-21 21:45:53
6-2,0.5,Discharge,-68.5,4.1687,0.0,2026-09-21 21:46:23
6-2,0.5,Discharge,-68.0,4.1686,0.0,2026-09-21 21:46:53
6-2,0.5,Discharge,-67.5,4.1686,0.0,2026-09-21 21:47:23
6-2,0.5,Discharge,-67.0,4.1687,0.0,2026-09-21 21:47:53
6-2,0.5,Discharge,-66.5,4.1687,0.0,2026-09-21 21:48:23
6-2,0.5,Discharge,-66.0,4.1686,0.0,2026-09-21 21:48:53
6-2,0.5,Discharge,-65.5,4.1686,0.0,2026-09-21 21:49:23
6-2,0.5,Discharge,-65.0,4.1686,0.0,2026-09-21 21:49:53
6-2,0.5,Discharge,-64.5,4.1686,0.0,2026-09-21 21:50:23
6-2,0.5,Discharge,-64.0,4.1686,0.0,2026-09-21 21:50:53
6-2,0.5,Discharge,-63.5,4.1686,0.0,2026-09-21 21:51:23
6-2,0.5,Discharge,-63.0,4.1685,0.0,2026-09-21 21:51:53
6-2,0.5,Discharge,-62.5,4.1685,0.0,2026-09-21 21:52:23
6-2,0.5,Discharge,-62.0,4.1685,0.0,2026-09-21 21:52:53
6-2,0.5,Discharge,-61.5,4.1686,0.0,2026-09-21 21:53:23
6-2,0.5,Discharge,-61.0,4.1685,0.0,2026-09-21 21:53:53
6-2,0.5,Discharge,-60.5,4.1685,0.0,2026-09-21 21:54:23
6-2,0.5,Discharge,-60.0,4.1685,0.0,2026-09-21 21:54:53
6-2,0.5,Discharge,-59.5,4.1685,0.0,2026-09-21 21:55:23
6-2,0.5,Discharge,-59.0,4.1685,0.0,2026-09-21 21:55:53
6-2,0.5,Discharge,-58.5,4.1684,0.0,2026-09-21 21:56:23
6-2,0.5,Discharge,-58.0,4.1685,0.0,2026-09-21 21:56:53
6-2,0.5,Discharge,-57.5,4.1684,0.0,2026-09-21 21:57:23
6-2,0.5,Discharge,-57.0,4.1684,0.0,2026-09-21 21:57:53
6-2,0.5,Discharge,-56.5,4.1684,0.0,2026-09-21 21:58:23
6-2,0.5,Discharge,-56.0,4.1685,0.0,2026-09-21 21:58:53
6-2,0.5,Discharge,-55.5,4.1684,0.0,2026-09-21 21:59:23
6-2,0.5,Discharge,-55.0,4.1684,0.0,2026-09-21 21:59:53
6-2,0.5,Discharge,-54.5,4.1684,0.0,2026-09-21 22:00:23
6-2,0.5,Discharge,-54.0,4.1684,0.0,2026-09-21 22:00:53
6-2,0.5,Discharge,-53.5,4.1684,0.0,2026-09-21 22:01:23
6-2,0.5,Discharge,-53.0,4.1683,0.0,2026-09-21 22:01:53
6-2,0.5,Discharge,-52.5,4.1683,0.0,2026-09-21 22:02:23
6-2,0.5,Discharge,-52.0,4.1684,0.0,2026-09-21 22:02:53
6-2,0.5,Discharge,-51.5,4.1684,0.0,2026-09-21 22:03:23
6-2,0.5,Discharge,-51.0,4.1684,0.0,2026-09-21 22:03:53
6-2,0.5,Discharge,-50.5,4.1683,0.0,2026-09-21 22:04:23
6-2,0.5,Discharge,-50.0,4.1684,0.0,2026-09-21 22:04:53
6-2,0.5,Discharge,-49.5,4.1683,0.0,2026-09-21 22:05:23
6-2,0.5,Discharge,-49.0,4.1683,0.0,2026-09-21 22:05:53
6-2,0.5,Discharge,-48.5,4.1683,0.0,2026-09-21 22:06:23
6-2,0.5,Discharge,-48.0,4.1683,0.0,2026-09-21 22:06:53
6-2,0.5,Discharge,-47.5,4.1683,0.0,2026-09-21 22:07:23
6-2,0.5,Discharge,-47.0,4.1682,0.0,2026-09-21 22:07:53
6-2,0.5,Discharge,-46.5,4.1681,0.0,2026-09-21 22:08:23
6-2,0.5,Discharge,-46.0,4.1683,0.0,2026-09-21 22:08:53
6-2,0.5,Discharge,-45.5,4.1683,0.0,2026-09-21 22:09:23
6-2,0.5,Discharge,-45.0,4.1682,0.0,2026-09-21 22:09:53
6-2,0.5,Discharge,-44.5,4.1681,0.0,2026-09-21 22:10:23
6-2,0.5,Discharge,-44.0,4.1682,0.0,2026-09-21 22:10:53
6-2,0.5,Discharge,-43.5,4.1682,0.0,2026-09-21 22:11:23
6-2,0.5,Discharge,-43.0,4.1683,0.0,2026-09-21 22:11:53
6-2,0.5,Discharge,-42.5,4.1682,0.0,2026-09-21 22:12:23
6-2,0.5,Discharge,-42.0,4.1682,0.0,2026-09-21 22:12:53
6-2,0.5,Discharge,-41.5,4.1681,0.0,2026-09-21 22:13:23
6-2,0.5,Discharge,-41.0,4.1681,0.0,2026-09-21 22:13:53
6-2,0.5,Discharge,-40.5,4.1681,0.0,2026-09-21 22:14:23
6-2,0.5,Discharge,-40.0,4.1681,0.0,2026-09-21 22:14:53
6-2,0.5,Discharge,-39.5,4.1681,0.0,2026-09-21 22:15:23
6-2,0.5,Discharge,-39.0,4.1682,0.0,2026-09-21 22:15:53
6-2,0.5,Discharge,-38.5,4.1682,0.0,2026-09-21 22:16:23
6-2,0.5,Discharge,-38.0,4.1682,0.0,2026-09-21 22:16:53
6-2,0.5,Discharge,-37.5,4.1681,0.0,2026-09-21 22:17:23
6-2,0.5,Discharge,-37.0,4.168,0.0,2026-09-21 22:17:53
6-2,0.5,Discharge,-36.5,4.168,0.0,2026-09-21 22:18:23
6-2,0.5,Discharge,-36.0,4.1681,0.0,2026-09-21 22:18:53
6-2,0.5,Discharge,-35.5,4.168,0.0,2026-09-21 22:19:23
6-2,0.5,Discharge,-35.0,4.1681,0.0,2026-09-21 22:19:53
6-2,0.5,Discharge,-34.5,4.1681,0.0,2026-09-21 22:20:23
6-2,0.5,Discharge,-34.0,4.168,0.0,2026-09-21 22:20:53
6-2,0.5,Discharge,-33.5,4.1681,0.0,2026-09-21 22:21:23
6-2,0.5,Discharge,-33.0,4.1681,0.0,2026-09-21 22:21:53
6-2,0.5,Discharge,-32.5,4.168,0.0,2026-09-21 22:22:23
6-2,0.5,Discharge,-32.0,4.1679,0.0,2026-09-21 22:22:53
6-2,0.5,Discharge,-31.5,4.168,0.0,2026-09-21 22:23:23
6-2,0.5,Discharge,-31.0,4.168,0.0,2026-09-21 22:23:53
6-2,0.5,Discharge,-30.5,4.168,0.0,2026-09-21 22:24:23
6-2,0.5,Discharge,-30.0,4.168,0.0,2026-09-21 22:24:53
6-2,0.5,Discharge,-29.5,4.168,0.0,2026-09-21 22:25:23
6-2,0.5,Discharge,-29.0,4.1679,0.0,2026-09-21 22:25:53
6-2,0.5,Discharge,-28.5,4.168,0.0,2026-09-21 22:26:23
6-2,0.5,Discharge,-28.0,4.168,0.0,2026-09-21 22:26:53
6-2,0.5,Discharge,-27.5,4.168,0.0,2026-09-21 22:27:23
6-2,0.5,Discharge,-27.0,4.168,0.0,2026-09-21 22:27:53
6-2,0.5,Discharge,-26.5,4.168,0.0,2026-09-21 22:28:23
6-2,0.5,Discharge,-26.0,4.168,0.0,2026-09-21 22:28:53
6-2,0.5,Discharge,-25.5,4.1679,0.0,2026-09-21 22:29:23
6-2,0.5,Discharge,-25.0,4.1679,0.0,2026-09-21 22:29:53
6-2,0.5,Discharge,-24.5,4.168,0.0,2026-09-21 22:30:23
6-2,0.5,Discharge,-24.0,4.1678,0.0,2026-09-21 22:30:53
6-2,0.5,Discharge,-23.5,4.168,0.0,2026-09-21 22:31:23
6-2,0.5,Discharge,-23.0,4.168,0.0,2026-09-21 22:31:53
6-2,0.5,Discharge,-22.5,4.1679,0.0,2026-09-21 22:32:23
6-2,0.5,Discharge,-22.0,4.1679,0.0,2026-09-21 22:32:53
6-2,0.5,Discharge,-21.5,4.1679,0.0,2026-09-21 22:33:23
6-2,0.5,Discharge,-21.0,4.168,0.0,2026-09-21 22:33:53
6-2,0.5,Discharge,-20.5,4.168,0.0,2026-09-21 22:34:23
6-2,0.5,Discharge,-20.0,4.1678,0.0,2026-09-21 22:34:53
6-2,0.5,Discharge,-19.5,4.1679,0.0,2026-09-21 22:35:23
6-2,0.5,Discharge,-19.0,4.1679,0.0,2026-09-21 22:35:53
6-2,0.5,Discharge,-18.5,4.1679,0.0,2026-09-21 22:36:23
6-2,0.5,Discharge,-18.0,4.1679,0.0,2026-09-21 22:36:53
6-2,0.5,Discharge,-17.5,4.1678,0.0,2026-09-21 22:37:23
6-2,0.5,Discharge,-17.0,4.1679,0.0,2026-09-21 22:37:53
6-2,0.5,Discharge,-16.5,4.1678,0.0,2026-09-21 22:38:23
6-2,0.5,Discharge,-16.0,4.1678,0.0,2026-09-21 22:38:53
6-2,0.5,Discharge,-15.5,4.1679,0.0,2026-09-21 22:39:23
6-2,0.5,Discharge,-15.0,4.1679,0.0,2026-09-21 22:39:53
6-2,0.5,Discharge,-14.5,4.1678,0.0,2026-09-21 22:40:23
6-2,0.5,Discharge,-14.0,4.1678,0.0,2026-09-21 22:40:53
6-2,0.5,Discharge,-13.5,4.1678,0.0,2026-09-21 22:41:23
6-2,0.5,Discharge,-13.0,4.1678,0.0,2026-09-21 22:41:53
6-2,0.5,Discharge,-12.5,4.1678,0.0,2026-09-21 22:42:23
6-2,0.5,Discharge,-12.0,4.1678,0.0,2026-09-21 22:42:53
6-2,0.5,Discharge,-11.5,4.1678,0.0,2026-09-21 22:43:23
6-2,0.5,Discharge,-11.0,4.1677,0.0,2026-09-21 22:43:53
6-2,0.5,Discharge,-10.5,4.1678,0.0,2026-09-21 22:44:23
6-2,0.5,Discharge,-10.0,4.1678,0.0,2026-09-21 22:44:53
6-2,0.5,Discharge,-9.5,4.1678,0.0,2026-09-21 22:45:23
6-2,0.5,Discharge,-9.0,4.1678,0.0,2026-09-21 22:45:53
6-2,0.5,Discharge,-8.5,4.1678,0.0,2026-09-21 22:46:23
6-2,0.5,Discharge,-8.0,4.1678,0.0,2026-09-21 22:46:53
6-2,0.5,Discharge,-7.5,4.1678,0.0,2026-09-21 22:47:23
6-2,0.5,Discharge,-7.0,4.1677,0.0,2026-09-21 22:47:53
6-2,0.5,Discharge,-6.5,4.1678,0.0,2026-09-21 22:48:23
6-2,0.5,Discharge,-6.0,4.1678,0.0,2026-09-21 22:48:53
6-2,0.5,Discharge,-5.5,4.1677,0.0,2026-09-21 22:49:23
6-2,0.5,Discharge,-5.0,4.1678,0.0,2026-09-21 22:49:53
6-2,0.5,Discharge,-4.5,4.1677,0.0,2026-09-21 22:50:23
6-2,0.5,Discharge,-4.0,4.1677,0.0,2026-09-21 22:50:53
6-2,0.5,Discharge,-3.5,4.1677,0.0,2026-09-21 22:51:23
6-2,0.5,Discharge,-3.0,4.1677,0.0,2026-09-21 22:51:53
6-2,0.5,Discharge,-2.5,4.1677,0.0,2026-09-21 22:52:23
6-2,0.5,Discharge,-2.0,4.1677,0.0,2026-09-21 22:52:53
6-2,0.5,Discharge,-1.5,4.1677,0.0,2026-09-21 22:53:23
6-2,0.5,Discharge,-1.0,4.1677,0.0,2026-09-21 22:53:53
6-2,0.5,Discharge,-0.5,4.1678,0.0,2026-09-21 22:54:23
6-2,0.5,Discharge,0.0,4.1677,0.0,2026-09-21 22:54:53
6-2,0.5,Charge,-120.0,3.0465,0.0,2026-09-22 00:53:22
6-2,0.5,Charge,-119.5,3.1735,0.0,2026-09-22 00:53:52
6-2,0.5,Charge,-119.0,3.1925,0.0,2026-09-22 00:54:22
6-2,0.5,Charge,-118.5,3.2046,0.0,2026-09-22 00:54:52
6-2,0.5,Charge,-118.0,3.2131,0.0,2026-09-22 00:55:22
6-2,0.5,Charge,-117.5,3.2198,0.0,2026-09-22 00:55:52
6-2,0.5,Charge,-117.0,3.2254,0.0,2026-09-22 00:56:22
6-2,0.5,Charge,-116.5,3.2301,0.0,2026-09-22 00:56:52
6-2,0.5,Charge,-116.0,3.2342,0.0,2026-09-22 00:57:22
6-2,0.5,Charge,-115.5,3.238,0.0,2026-09-22 00:57:52
6-2,0.5,Charge,-115.0,3.2415,0.0,2026-09-22 00:58:22
6-2,0.5,Charge,-114.5,3.2447,0.0,2026-09-22 00:58:52
6-2,0.5,Charge,-114.0,3.2477,0.0,2026-09-22 00:59:22
6-2,0.5,Charge,-113.5,3.2505,0.0,2026-09-22 00:59:52
6-2,0.5,Charge,-113.0,3.2533,0.0,2026-09-22 01:00:22
6-2,0.5,Charge,-112.5,3.2559,0.0,2026-09-22 01:00:52
6-2,0.5,Charge,-112.0,3.2583,0.0,2026-09-22 01:01:22
6-2,0.5,Charge,-111.5,3.2607,0.0,2026-09-22 01:01:52
6-2,0.5,Charge,-111.0,3.2631,0.0,2026-09-22 01:02:22
6-2,0.5,Charge,-110.5,3.2652,0.0,2026-09-22 01:02:52
6-2,0.5,Charge,-110.0,3.2673,0.0,2026-09-22 01:03:22
6-2,0.5,Charge,-109.5,3.2695,0.0,2026-09-22 01:03:52
6-2,0.5,Charge,-109.0,3.2714,0.0,2026-09-22 01:04:22
6-2,0.5,Charge,-108.5,3.2734,0.0,2026-09-22 01:04:52
6-2,0.5,Charge,-108.0,3.2754,0.0,2026-09-22 01:05:22
6-2,0.5,Charge,-107.5,3.2771,0.0,2026-09-22 01:05:52
6-2,0.5,Charge,-107.0,3.279,0.0,2026-09-22 01:06:22
6-2,0.5,Charge,-106.5,3.2807,0.0,2026-09-22 01:06:52
6-2,0.5,Charge,-106.0,3.2825,0.0,2026-09-22 01:07:22
6-2,0.5,Charge,-105.5,3.2841,0.0,2026-09-22 01:07:52
6-2,0.5,Charge,-105.0,3.2858,0.0,2026-09-22 01:08:22
6-2,0.5,Charge,-104.5,3.2875,0.0,2026-09-22 01:08:52
6-2,0.5,Charge,-104.0,3.289,0.0,2026-09-22 01:09:22
6-2,0.5,Charge,-103.5,3.2906,0.0,2026-09-22 01:09:52
6-2,0.5,Charge,-103.0,3.292,0.0,2026-09-22 01:10:22
6-2,0.5,Charge,-102.5,3.2934,0.0,2026-09-22 01:10:52
6-2,0.5,Charge,-102.0,3.295,0.0,2026-09-22 01:11:22
6-2,0.5,Charge,-101.5,3.2964,0.0,2026-09-22 01:11:52
6-2,0.5,Charge,-101.0,3.2978,0.0,2026-09-22 01:12:22
6-2,0.5,Charge,-100.5,3.2991,0.0,2026-09-22 01:12:52
6-2,0.5,Charge,-100.0,3.3005,0.0,2026-09-22 01:13:22
6-2,0.5,Charge,-99.5,3.3017,0.0,2026-09-22 01:13:52
6-2,0.5,Charge,-99.0,3.3032,0.0,2026-09-22 01:14:22
6-2,0.5,Charge,-98.5,3.3044,0.0,2026-09-22 01:14:52
6-2,0.5,Charge,-98.0,3.3057,0.0,2026-09-22 01:15:22
6-2,0.5,Charge,-97.5,3.3069,0.0,2026-09-22 01:15:52
6-2,0.5,Charge,-97.0,3.3081,0.0,2026-09-22 01:16:22
6-2,0.5,Charge,-96.5,3.3092,0.0,2026-09-22 01:16:52
6-2,0.5,Charge,-96.0,3.3105,0.0,2026-09-22 01:17:22
6-2,0.5,Charge,-95.5,3.3117,0.0,2026-09-22 01:17:52
6-2,0.5,Charge,-95.0,3.3128,0.0,2026-09-22 01:18:22
6-2,0.5,Charge,-94.5,3.3139,0.0,2026-09-22 01:18:52
6-2,0.5,Charge,-94.0,3.3151,0.0,2026-09-22 01:19:22
6-2,0.5,Charge,-93.5,3.3163,0.0,2026-09-22 01:19:52
6-2,0.5,Charge,-93.0,3.3172,0.0,2026-09-22 01:20:22
6-2,0.5,Charge,-92.5,3.3183,0.0,2026-09-22 01:20:52
6-2,0.5,Charge,-92.0,3.3193,0.0,2026-09-22 01:21:22
6-2,0.5,Charge,-91.5,3.3205,0.0,2026-09-22 01:21:52
6-2,0.5,Charge,-91.0,3.3215,0.0,2026-09-22 01:22:22
6-2,0.5,Charge,-90.5,3.3224,0.0,2026-09-22 01:22:52
6-2,0.5,Charge,-90.0,3.3234,0.0,2026-09-22 01:23:22
6-2,0.5,Charge,-89.5,3.3244,0.0,2026-09-22 01:23:52
6-2,0.5,Charge,-89.0,3.3253,0.0,2026-09-22 01:24:22
6-2,0.5,Charge,-88.5,3.3264,0.0,2026-09-22 01:24:52
6-2,0.5,Charge,-88.0,3.3273,0.0,2026-09-22 01:25:22
6-2,0.5,Charge,-87.5,3.3283,0.0,2026-09-22 01:25:52
6-2,0.5,Charge,-87.0,3.3292,0.0,2026-09-22 01:26:22
6-2,0.5,Charge,-86.5,3.33,0.0,2026-09-22 01:26:52
6-2,0.5,Charge,-86.0,3.3309,0.0,2026-09-22 01:27:22
6-2,0.5,Charge,-85.5,3.3318,0.0,2026-09-22 01:27:52
6-2,0.5,Charge,-85.0,3.3326,0.0,2026-09-22 01:28:22
6-2,0.5,Charge,-84.5,3.3336,0.0,2026-09-22 01:28:52
6-2,0.5,Charge,-84.0,3.3344,0.0,2026-09-22 01:29:22
6-2,0.5,Charge,-83.5,3.3352,0.0,2026-09-22 01:29:52
6-2,0.5,Charge,-83.0,3.336,0.0,2026-09-22 01:30:22
6-2,0.5,Charge,-82.5,3.3368,0.0,2026-09-22 01:30:52
6-2,0.5,Charge,-82.0,3.3376,0.0,2026-09-22 01:31:22
6-2,0.5,Charge,-81.5,3.3384,0.0,2026-09-22 01:31:52
6-2,0.5,Charge,-81.0,3.3393,0.0,2026-09-22 01:32:22
6-2,0.5,Charge,-80.5,3.34,0.0,2026-09-22 01:32:52
6-2,0.5,Charge,-80.0,3.3408,0.0,2026-09-22 01:33:22
6-2,0.5,Charge,-79.5,3.3415,0.0,2026-09-22 01:33:52
6-2,0.5,Charge,-79.0,3.3422,0.0,2026-09-22 01:34:22
6-2,0.5,Charge,-78.5,3.343,0.0,2026-09-22 01:34:52
6-2,0.5,Charge,-78.0,3.3435,0.0,2026-09-22 01:35:22
6-2,0.5,Charge,-77.5,3.3443,0.0,2026-09-22 01:35:52
6-2,0.5,Charge,-77.0,3.345,0.0,2026-09-22 01:36:22
6-2,0.5,Charge,-76.5,3.3457,0.0,2026-09-22 01:36:52
6-2,0.5,Charge,-76.0,3.3463,0.0,2026-09-22 01:37:22
6-2,0.5,Charge,-75.5,3.347,0.0,2026-09-22 01:37:52
6-2,0.5,Charge,-75.0,3.3477,0.0,2026-09-22 01:38:22
6-2,0.5,Charge,-74.5,3.3483,0.0,2026-09-22 01:38:52
6-2,0.5,Charge,-74.0,3.3489,0.0,2026-09-22 01:39:22
6-2,0.5,Charge,-73.5,3.3496,0.0,2026-09-22 01:39:52
6-2,0.5,Charge,-73.0,3.3502,0.0,2026-09-22 01:40:22
6-2,0.5,Charge,-72.5,3.3507,0.0,2026-09-22 01:40:52
6-2,0.5,Charge,-72.0,3.3514,0.0,2026-09-22 01:41:22
6-2,0.5,Charge,-71.5,3.352,0.0,2026-09-22 01:41:52
6-2,0.5,Charge,-71.0,3.3526,0.0,2026-09-22 01:42:22
6-2,0.5,Charge,-70.5,3.3531,0.0,2026-09-22 01:42:52
6-2,0.5,Charge,-70.0,3.3537,0.0,2026-09-22 01:43:22
6-2,0.5,Charge,-69.5,3.3542,0.0,2026-09-22 01:43:52
6-2,0.5,Charge,-69.0,3.3547,0.0,2026-09-22 01:44:22
6-2,0.5,Charge,-68.5,3.3553,0.0,2026-09-22 01:44:52
6-2,0.5,Charge,-68.0,3.3558,0.0,2026-09-22 01:45:22
6-2,0.5,Charge,-67.5,3.3563,0.0,2026-09-22 01:45:52
6-2,0.5,Charge,-67.0,3.3569,0.0,2026-09-22 01:46:22
6-2,0.5,Charge,-66.5,3.3574,0.0,2026-09-22 01:46:52
6-2,0.5,Charge,-66.0,3.3581,0.0,2026-09-22 01:47:22
6-2,0.5,Charge,-65.5,3.3584,0.0,2026-09-22 01:47:52
6-2,0.5,Charge,-65.0,3.3589,0.0,2026-09-22 01:48:22
6-2,0.5,Charge,-64.5,3.3594,0.0,2026-09-22 01:48:52
6-2,0.5,Charge,-64.0,3.3598,0.0,2026-09-22 01:49:22
6-2,0.5,Charge,-63.5,3.3603,0.0,2026-09-22 01:49:52
6-2,0.5,Charge,-63.0,3.3608,0.0,2026-09-22 01:50:22
6-2,0.5,Charge,-62.5,3.3613,0.0,2026-09-22 01:50:52
6-2,0.5,Charge,-62.0,3.3619,0.0,2026-09-22 01:51:22
6-2,0.5,Charge,-61.5,3.3622,0.0,2026-09-22 01:51:52
6-2,0.5,Charge,-61.0,3.3626,0.0,2026-09-22 01:52:22
6-2,0.5,Charge,-60.5,3.3632,0.0,2026-09-22 01:52:52
6-2,0.5,Charge,-60.0,3.3636,0.0,2026-09-22 01:53:22
6-2,0.5,Charge,-59.5,3.364,0.0,2026-09-22 01:53:52
6-2,0.5,Charge,-59.0,3.3644,0.0,2026-09-22 01:54:22
6-2,0.5,Charge,-58.5,3.3648,0.0,2026-09-22 01:54:52
6-2,0.5,Charge,-58.0,3.3653,0.0,2026-09-22 01:55:22
6-2,0.5,Charge,-57.5,3.3657,0.0,2026-09-22 01:55:52
6-2,0.5,Charge,-57.0,3.366,0.0,2026-09-22 01:56:22
6-2,0.5,Charge,-56.5,3.3665,0.0,2026-09-22 01:56:52
6-2,0.5,Charge,-56.0,3.3668,0.0,2026-09-22 01:57:22
6-2,0.5,Charge,-55.5,3.3672,0.0,2026-09-22 01:57:52
6-2,0.5,Charge,-55.0,3.3676,0.0,2026-09-22 01:58:22
6-2,0.5,Charge,-54.5,3.368,0.0,2026-09-22 01:58:52
6-2,0.5,Charge,-54.0,3.3684,0.0,2026-09-22 01:59:22
6-2,0.5,Charge,-53.5,3.3687,0.0,2026-09-22 01:59:52
6-2,0.5,Charge,-53.0,3.3691,0.0,2026-09-22 02:00:22
6-2,0.5,Charge,-52.5,3.3694,0.0,2026-09-22 02:00:52
6-2,0.5,Charge,-52.0,3.3699,0.0,2026-09-22 02:01:22
6-2,0.5,Charge,-51.5,3.3703,0.0,2026-09-22 02:01:52
6-2,0.5,Charge,-51.0,3.3705,0.0,2026-09-22 02:02:22
6-2,0.5,Charge,-50.5,3.3709,0.0,2026-09-22 02:02:52
6-2,0.5,Charge,-50.0,3.3713,0.0,2026-09-22 02:03:22
6-2,0.5,Charge,-49.5,3.3717,0.0,2026-09-22 02:03:52
6-2,0.5,Charge,-49.0,3.372,0.0,2026-09-22 02:04:22
6-2,0.5,Charge,-48.5,3.3723,0.0,2026-09-22 02:04:52
6-2,0.5,Charge,-48.0,3.3726,0.0,2026-09-22 02:05:22
6-2,0.5,Charge,-47.5,3.373,0.0,2026-09-22 02:05:52
6-2,0.5,Charge,-47.0,3.3732,0.0,2026-09-22 02:06:22
6-2,0.5,Charge,-46.5,3.3735,0.0,2026-09-22 02:06:52
6-2,0.5,Charge,-46.0,3.3738,0.0,2026-09-22 02:07:22
6-2,0.5,Charge,-45.5,3.3742,0.0,2026-09-22 02:07:52
6-2,0.5,Charge,-45.0,3.3745,0.0,2026-09-22 02:08:22
6-2,0.5,Charge,-44.5,3.3747,0.0,2026-09-22 02:08:52
6-2,0.5,Charge,-44.0,3.3752,0.0,2026-09-22 02:09:22
6-2,0.5,Charge,-43.5,3.3753,0.0,2026-09-22 02:09:52
6-2,0.5,Charge,-43.0,3.3758,0.0,2026-09-22 02:10:22
6-2,0.5,Charge,-42.5,3.376,0.0,2026-09-22 02:10:52
6-2,0.5,Charge,-42.0,3.3763,0.0,2026-09-22 02:11:22
6-2,0.5,Charge,-41.5,3.3766,0.0,2026-09-22 02:11:52
6-2,0.5,Charge,-41.0,3.3769,0.0,2026-09-22 02:12:22
6-2,0.5,Charge,-40.5,3.3771,0.0,2026-09-22 02:12:52
6-2,0.5,Charge,-40.0,3.3774,0.0,2026-09-22 02:13:22
6-2,0.5,Charge,-39.5,3.3776,0.0,2026-09-22 02:13:52
6-2,0.5,Charge,-39.0,3.3779,0.0,2026-09-22 02:14:22
6-2,0.5,Charge,-38.5,3.3783,0.0,2026-09-22 02:14:52
6-2,0.5,Charge,-38.0,3.3785,0.0,2026-09-22 02:15:22
6-2,0.5,Charge,-37.5,3.3788,0.0,2026-09-22 02:15:52
6-2,0.5,Charge,-37.0,3.3791,0.0,2026-09-22 02:16:22
6-2,0.5,Charge,-36.5,3.3793,0.0,2026-09-22 02:16:52
6-2,0.5,Charge,-36.0,3.3795,0.0,2026-09-22 02:17:22
6-2,0.5,Charge,-35.5,3.3797,0.0,2026-09-22 02:17:52
6-2,0.5,Charge,-35.0,3.3801,0.0,2026-09-22 02:18:22
6-2,0.5,Charge,-34.5,3.3803,0.0,2026-09-22 02:18:52
6-2,0.5,Charge,-34.0,3.3806,0.0,2026-09-22 02:19:22
6-2,0.5,Charge,-33.5,3.3808,0.0,2026-09-22 02:19:52
6-2,0.5,Charge,-33.0,3.381,0.0,2026-09-22 02:20:22
6-2,0.5,Charge,-32.5,3.3814,0.0,2026-09-22 02:20:52
6-2,0.5,Charge,-32.0,3.3815,0.0,2026-09-22 02:21:22
6-2,0.5,Charge,-31.5,3.3818,0.0,2026-09-22 02:21:52
6-2,0.5,Charge,-31.0,3.3819,0.0,2026-09-22 02:22:22
6-2,0.5,Charge,-30.5,3.3822,0.0,2026-09-22 02:22:52
6-2,0.5,Charge,-30.0,3.3825,0.0,2026-09-22 02:23:22
6-2,0.5,Charge,-29.5,3.3827,0.0,2026-09-22 02:23:52
6-2,0.5,Charge,-29.0,3.383,0.0,2026-09-22 02:24:22
6-2,0.5,Charge,-28.5,3.3831,0.0,2026-09-22 02:24:52
6-2,0.5,Charge,-28.0,3.3834,0.0,2026-09-22 02:25:22
6-2,0.5,Charge,-27.5,3.3836,0.0,2026-09-22 02:25:52
6-2,0.5,Charge,-27.0,3.3838,0.0,2026-09-22 02:26:22
6-2,0.5,Charge,-26.5,3.3841,0.0,2026-09-22 02:26:52
6-2,0.5,Charge,-26.0,3.3842,0.0,2026-09-22 02:27:22
6-2,0.5,Charge,-25.5,3.3844,0.0,2026-09-22 02:27:52
6-2,0.5,Charge,-25.0,3.3846,0.0,2026-09-22 02:28:22
6-2,0.5,Charge,-24.5,3.3848,0.0,2026-09-22 02:28:52
6-2,0.5,Charge,-24.0,3.3851,0.0,2026-09-22 02:29:22
6-2,0.5,Charge,-23.5,3.3853,0.0,2026-09-22 02:29:52
6-2,0.5,Charge,-23.0,3.3856,0.0,2026-09-22 02:30:22
6-2,0.5,Charge,-22.5,3.3857,0.0,2026-09-22 02:30:52
6-2,0.5,Charge,-22.0,3.3859,0.0,2026-09-22 02:31:22
6-2,0.5,Charge,-21.5,3.386,0.0,2026-09-22 02:31:52
6-2,0.5,Charge,-21.0,3.3863,0.0,2026-09-22 02:32:22
6-2,0.5,Charge,-20.5,3.3865,0.0,2026-09-22 02:32:52
6-2,0.5,Charge,-20.0,3.3867,0.0,2026-09-22 02:33:22
6-2,0.5,Charge,-19.5,3.3868,0.0,2026-09-22 02:33:52
6-2,0.5,Charge,-19.0,3.3871,0.0,2026-09-22 02:34:22
6-2,0.5,Charge,-18.5,3.3872,0.0,2026-09-22 02:34:52
6-2,0.5,Charge,-18.0,3.3875,0.0,2026-09-22 02:35:22
6-2,0.5,Charge,-17.5,3.3875,0.0,2026-09-22 02:35:52
6-2,0.5,Charge,-17.0,3.3877,0.0,2026-09-22 02:36:22
6-2,0.5,Charge,-16.5,3.388,0.0,2026-09-22 02:36:52
6-2,0.5,Charge,-16.0,3.3882,0.0,2026-09-22 02:37:22
6-2,0.5,Charge,-15.5,3.3884,0.0,2026-09-22 02:37:52
6-2,0.5,Charge,-15.0,3.3886,0.0,2026-09-22 02:38:22
6-2,0.5,Charge,-14.5,3.3887,0.0,2026-09-22 02:38:52
6-2,0.5,Charge,-14.0,3.3889,0.0,2026-09-22 02:39:22
6-2,0.5,Charge,-13.5,3.3891,0.0,2026-09-22 02:39:52
6-2,0.5,Charge,-13.0,3.3893,0.0,2026-09-22 02:40:22
6-2,0.5,Charge,-12.5,3.3894,0.0,2026-09-22 02:40:52
6-2,0.5,Charge,-12.0,3.3896,0.0,2026-09-22 02:41:22
6-2,0.5,Charge,-11.5,3.3897,0.0,2026-09-22 02:41:52
6-2,0.5,Charge,-11.0,3.3899,0.0,2026-09-22 02:42:22
6-2,0.5,Charge,-10.5,3.3901,0.0,2026-09-22 02:42:52
6-2,0.5,Charge,-10.0,3.3903,0.0,2026-09-22 02:43:22
6-2,0.5,Charge,-9.5,3.3904,0.0,2026-09-22 02:43:52
6-2,0.5,Charge,-9.0,3.3906,0.0,2026-09-22 02:44:22
6-2,0.5,Charge,-8.5,3.3907,0.0,2026-09-22 02:44:52
6-2,0.5,Charge,-8.0,3.3909,0.0,2026-09-22 02:45:22
6-2,0.5,Charge,-7.5,3.391,0.0,2026-09-22 02:45:52
6-2,0.5,Charge,-7.0,3.3912,0.0,2026-09-22 02:46:22
6-2,0.5,Charge,-6.5,3.3913,0.0,2026-09-22 02:46:52
6-2,0.5,Charge,-6.0,3.3915,0.0,2026-09-22 02:47:22
6-2,0.5,Charge,-5.5,3.3916,0.0,2026-09-22 02:47:52
6-2,0.5,Charge,-5.0,3.3918,0.0,2026-09-22 02:48:22
6-2,0.5,Charge,-4.5,3.3919,0.0,2026-09-22 02:48:52
6-2,0.5,Charge,-4.0,3.392,0.0,2026-09-22 02:49:22
6-2,0.5,Charge,-3.5,3.3922,0.0,2026-09-22 02:49:52
6-2,0.5,Charge,-3.0,3.3924,0.0,2026-09-22 02:50:22
6-2,0.5,Charge,-2.5,3.3926,0.0,2026-09-22 02:50:52
6-2,0.5,Charge,-2.0,3.3928,0.0,2026-09-22 02:51:22
6-2,0.5,Charge,-1.5,3.3928,0.0,2026-09-22 02:51:52
6-2,0.5,Charge,-1.0,3.3929,0.0,2026-09-22 02:52:22
6-2,0.5,Charge,-0.5,3.393,0.0,2026-09-22 02:52:52
6-2,0.5,Charge,0.0,3.3932,0.0,2026-09-22 02:53:22
6-2,1.0,Discharge,-120.0,4.1932,0.0,2026-09-22 05:04:19
6-2,1.0,Discharge,-119.5,4.1861,0.0,2026-09-22 05:04:49
6-2,1.0,Discharge,-119.0,4.1832,0.0,2026-09-22 05:05:19
6-2,1.0,Discharge,-118.5,4.1813,0.0,2026-09-22 05:05:49
6-2,1.0,Discharge,-118.0,4.18,0.0,2026-09-22 05:06:19
6-2,1.0,Discharge,-117.5,4.1789,0.0,2026-09-22 05:06:49
6-2,1.0,Discharge,-117.0,4.178,0.0,2026-09-22 05:07:19
6-2,1.0,Discharge,-116.5,4.1775,0.0,2026-09-22 05:07:49
6-2,1.0,Discharge,-116.0,4.1768,0.0,2026-09-22 05:08:19
6-2,1.0,Discharge,-115.5,4.1763,0.0,2026-09-22 05:08:49
6-2,1.0,Discharge,-115.0,4.1757,0.0,2026-09-22 05:09:19
6-2,1.0,Discharge,-114.5,4.1754,0.0,2026-09-22 05:09:49
6-2,1.0,Discharge,-114.0,4.175,0.0,2026-09-22 05:10:19
6-2,1.0,Discharge,-113.5,4.1747,0.0,2026-09-22 05:10:49
6-2,1.0,Discharge,-113.0,4.1745,0.0,2026-09-22 05:11:19
6-2,1.0,Discharge,-112.5,4.1741,0.0,2026-09-22 05:11:49
6-2,1.0,Discharge,-112.0,4.1739,0.0,2026-09-22 05:12:19
6-2,1.0,Discharge,-111.5,4.1737,0.0,2026-09-22 05:12:49
6-2,1.0,Discharge,-111.0,4.1735,0.0,2026-09-22 05:13:19
6-2,1.0,Discharge,-110.5,4.1734,0.0,2026-09-22 05:13:49
6-2,1.0,Discharge,-110.0,4.1731,0.0,2026-09-22 05:14:19
6-2,1.0,Discharge,-109.5,4.1729,0.0,2026-09-22 05:14:49
6-2,1.0,Discharge,-109.0,4.1729,0.0,2026-09-22 05:15:19
6-2,1.0,Discharge,-108.5,4.1727,0.0,2026-09-22 05:15:49
6-2,1.0,Discharge,-108.0,4.1726,0.0,2026-09-22 05:16:19
6-2,1.0,Discharge,-107.5,4.1725,0.0,2026-09-22 05:16:49
6-2,1.0,Discharge,-107.0,4.1723,0.0,2026-09-22 05:17:19
6-2,1.0,Discharge,-106.5,4.1722,0.0,2026-09-22 05:17:49
6-2,1.0,Discharge,-106.0,4.1721,0.0,2026-09-22 05:18:19
6-2,1.0,Discharge,-105.5,4.1721,0.0,2026-09-22 05:18:49
6-2,1.0,Discharge,-105.0,4.172,0.0,2026-09-22 05:19:19
6-2,1.0,Discharge,-104.5,4.1718,0.0,2026-09-22 05:19:49
6-2,1.0,Discharge,-104.0,4.1717,0.0,2026-09-22 05:20:19
6-2,1.0,Discharge,-103.5,4.1717,0.0,2026-09-22 05:20:49
6-2,1.0,Discharge,-103.0,4.1716,0.0,2026-09-22 05:21:19
6-2,1.0,Discharge,-102.5,4.1716,0.0,2026-09-22 05:21:49
6-2,1.0,Discharge,-102.0,4.1715,0.0,2026-09-22 05:22:19
6-2,1.0,Discharge,-101.5,4.1715,0.0,2026-09-22 05:22:49
6-2,1.0,Discharge,-101.0,4.1713,0.0,2026-09-22 05:23:19
6-2,1.0,Discharge,-100.5,4.1713,0.0,2026-09-22 05:23:49
6-2,1.0,Discharge,-100.0,4.1711,0.0,2026-09-22 05:24:19
6-2,1.0,Discharge,-99.5,4.1711,0.0,2026-09-22 05:24:49
6-2,1.0,Discharge,-99.0,4.1711,0.0,2026-09-22 05:25:19
6-2,1.0,Discharge,-98.5,4.1711,0.0,2026-09-22 05:25:49
6-2,1.0,Discharge,-98.0,4.171,0.0,2026-09-22 05:26:19
6-2,1.0,Discharge,-97.5,4.1709,0.0,2026-09-22 05:26:49
6-2,1.0,Discharge,-97.0,4.1709,0.0,2026-09-22 05:27:19
6-2,1.0,Discharge,-96.5,4.1708,0.0,2026-09-22 05:27:49
6-2,1.0,Discharge,-96.0,4.1708,0.0,2026-09-22 05:28:19
6-2,1.0,Discharge,-95.5,4.1707,0.0,2026-09-22 05:28:49
6-2,1.0,Discharge,-95.0,4.1707,0.0,2026-09-22 05:29:19
6-2,1.0,Discharge,-94.5,4.1706,0.0,2026-09-22 05:29:49
6-2,1.0,Discharge,-94.0,4.1707,0.0,2026-09-22 05:30:19
6-2,1.0,Discharge,-93.5,4.1706,0.0,2026-09-22 05:30:49
6-2,1.0,Discharge,-93.0,4.1705,0.0,2026-09-22 05:31:19
6-2,1.0,Discharge,-92.5,4.1705,0.0,2026-09-22 05:31:49
6-2,1.0,Discharge,-92.0,4.1705,0.0,2026-09-22 05:32:19
6-2,1.0,Discharge,-91.5,4.1705,0.0,2026-09-22 05:32:49
6-2,1.0,Discharge,-91.0,4.1704,0.0,2026-09-22 05:33:19
6-2,1.0,Discharge,-90.5,4.1704,0.0,2026-09-22 05:33:49
6-2,1.0,Discharge,-90.0,4.1704,0.0,2026-09-22 05:34:19
6-2,1.0,Discharge,-89.5,4.1704,0.0,2026-09-22 05:34:49
6-2,1.0,Discharge,-89.0,4.1703,0.0,2026-09-22 05:35:19
6-2,1.0,Discharge,-88.5,4.1703,0.0,2026-09-22 05:35:49
6-2,1.0,Discharge,-88.0,4.1702,0.0,2026-09-22 05:36:19
6-2,1.0,Discharge,-87.5,4.1702,0.0,2026-09-22 05:36:49
6-2,1.0,Discharge,-87.0,4.1703,0.0,2026-09-22 05:37:19
6-2,1.0,Discharge,-86.5,4.1703,0.0,2026-09-22 05:37:49
6-2,1.0,Discharge,-86.0,4.1702,0.0,2026-09-22 05:38:19
6-2,1.0,Discharge,-85.5,4.1701,0.0,2026-09-22 05:38:49
6-2,1.0,Discharge,-85.0,4.1701,0.0,2026-09-22 05:39:19
6-2,1.0,Discharge,-84.5,4.1701,0.0,2026-09-22 05:39:49
6-2,1.0,Discharge,-84.0,4.1701,0.0,2026-09-22 05:40:19
6-2,1.0,Discharge,-83.5,4.17,0.0,2026-09-22 05:40:49
6-2,1.0,Discharge,-83.0,4.17,0.0,2026-09-22 05:41:19
6-2,1.0,Discharge,-82.5,4.17,0.0,2026-09-22 05:41:49
6-2,1.0,Discharge,-82.0,4.17,0.0,2026-09-22 05:42:19
6-2,1.0,Discharge,-81.5,4.17,0.0,2026-09-22 05:42:49
6-2,1.0,Discharge,-81.0,4.1699,0.0,2026-09-22 05:43:19
6-2,1.0,Discharge,-80.5,4.17,0.0,2026-09-22 05:43:49
6-2,1.0,Discharge,-80.0,4.1699,0.0,2026-09-22 05:44:19
6-2,1.0,Discharge,-79.5,4.17,0.0,2026-09-22 05:44:49
6-2,1.0,Discharge,-79.0,4.1698,0.0,2026-09-22 05:45:19
6-2,1.0,Discharge,-78.5,4.1699,0.0,2026-09-22 05:45:49
6-2,1.0,Discharge,-78.0,4.1698,0.0,2026-09-22 05:46:19
6-2,1.0,Discharge,-77.5,4.1698,0.0,2026-09-22 05:46:49
6-2,1.0,Discharge,-77.0,4.1699,0.0,2026-09-22 05:47:19
6-2,1.0,Discharge,-76.5,4.1698,0.0,2026-09-22 05:47:49
6-2,1.0,Discharge,-76.0,4.1698,0.0,2026-09-22 05:48:19
6-2,1.0,Discharge,-75.5,4.1698,0.0,2026-09-22 05:48:49
6-2,1.0,Discharge,-75.0,4.1698,0.0,2026-09-22 05:49:19
6-2,1.0,Discharge,-74.5,4.1698,0.0,2026-09-22 05:49:49
6-2,1.0,Discharge,-74.0,4.1697,0.0,2026-09-22 05:50:19
6-2,1.0,Discharge,-73.5,4.1697,0.0,2026-09-22 05:50:49
6-2,1.0,Discharge,-73.0,4.1696,0.0,2026-09-22 05:51:19
6-2,1.0,Discharge,-72.5,4.1697,0.0,2026-09-22 05:51:49
6-2,1.0,Discharge,-72.0,4.1696,0.0,2026-09-22 05:52:19
6-2,1.0,Discharge,-71.5,4.1696,0.0,2026-09-22 05:52:49
6-2,1.0,Discharge,-71.0,4.1696,0.0,2026-09-22 05:53:19
6-2,1.0,Discharge,-70.5,4.1696,0.0,2026-09-22 05:53:49
6-2,1.0,Discharge,-70.0,4.1695,0.0,2026-09-22 05:54:19
6-2,1.0,Discharge,-69.5,4.1696,0.0,2026-09-22 05:54:49
6-2,1.0,Discharge,-69.0,4.1695,0.0,2026-09-22 05:55:19
6-2,1.0,Discharge,-68.5,4.1695,0.0,2026-09-22 05:55:49
6-2,1.0,Discharge,-68.0,4.1696,0.0,2026-09-22 05:56:19
6-2,1.0,Discharge,-67.5,4.1695,0.0,2026-09-22 05:56:49
6-2,1.0,Discharge,-67.0,4.1695,0.0,2026-09-22 05:57:19
6-2,1.0,Discharge,-66.5,4.1695,0.0,2026-09-22 05:57:49
6-2,1.0,Discharge,-66.0,4.1695,0.0,2026-09-22 05:58:19
6-2,1.0,Discharge,-65.5,4.1695,0.0,2026-09-22 05:58:49
6-2,1.0,Discharge,-65.0,4.1695,0.0,2026-09-22 05:59:19
6-2,1.0,Discharge,-64.5,4.1694,0.0,2026-09-22 05:59:49
6-2,1.0,Discharge,-64.0,4.1694,0.0,2026-09-22 06:00:19
6-2,1.0,Discharge,-63.5,4.1694,0.0,2026-09-22 06:00:49
6-2,1.0,Discharge,-63.0,4.1695,0.0,2026-09-22 06:01:19
6-2,1.0,Discharge,-62.5,4.1695,0.0,2026-09-22 06:01:49
6-2,1.0,Discharge,-62.0,4.1694,0.0,2026-09-22 06:02:19
6-2,1.0,Discharge,-61.5,4.1694,0.0,2026-09-22 06:02:49
6-2,1.0,Discharge,-61.0,4.1694,0.0,2026-09-22 06:03:19
6-2,1.0,Discharge,-60.5,4.1693,0.0,2026-09-22 06:03:49
6-2,1.0,Discharge,-60.0,4.1694,0.0,2026-09-22 06:04:19
6-2,1.0,Discharge,-59.5,4.1694,0.0,2026-09-22 06:04:49
6-2,1.0,Discharge,-59.0,4.1693,0.0,2026-09-22 06:05:19
6-2,1.0,Discharge,-58.5,4.1693,0.0,2026-09-22 06:05:49
6-2,1.0,Discharge,-58.0,4.1693,0.0,2026-09-22 06:06:19
6-2,1.0,Discharge,-57.5,4.1693,0.0,2026-09-22 06:06:49
6-2,1.0,Discharge,-57.0,4.1693,0.0,2026-09-22 06:07:19
6-2,1.0,Discharge,-56.5,4.1693,0.0,2026-09-22 06:07:49
6-2,1.0,Discharge,-56.0,4.1693,0.0,2026-09-22 06:08:19
6-2,1.0,Discharge,-55.5,4.1693,0.0,2026-09-22 06:08:49
6-2,1.0,Discharge,-55.0,4.1692,0.0,2026-09-22 06:09:19
6-2,1.0,Discharge,-54.5,4.1693,0.0,2026-09-22 06:09:49
6-2,1.0,Discharge,-54.0,4.1692,0.0,2026-09-22 06:10:19
6-2,1.0,Discharge,-53.5,4.1692,0.0,2026-09-22 06:10:49
6-2,1.0,Discharge,-53.0,4.1692,0.0,2026-09-22 06:11:19
6-2,1.0,Discharge,-52.5,4.1692,0.0,2026-09-22 06:11:49
6-2,1.0,Discharge,-52.0,4.1692,0.0,2026-09-22 06:12:19
6-2,1.0,Discharge,-51.5,4.1692,0.0,2026-09-22 06:12:49
6-2,1.0,Discharge,-51.0,4.1691,0.0,2026-09-22 06:13:19
6-2,1.0,Discharge,-50.5,4.1692,0.0,2026-09-22 06:13:49
6-2,1.0,Discharge,-50.0,4.1692,0.0,2026-09-22 06:14:19
6-2,1.0,Discharge,-49.5,4.1692,0.0,2026-09-22 06:14:49
6-2,1.0,Discharge,-49.0,4.1692,0.0,2026-09-22 06:15:19
6-2,1.0,Discharge,-48.5,4.1692,0.0,2026-09-22 06:15:49
6-2,1.0,Discharge,-48.0,4.1692,0.0,2026-09-22 06:16:19
6-2,1.0,Discharge,-47.5,4.1691,0.0,2026-09-22 06:16:49
6-2,1.0,Discharge,-47.0,4.1692,0.0,2026-09-22 06:17:19
6-2,1.0,Discharge,-46.5,4.1692,0.0,2026-09-22 06:17:49
6-2,1.0,Discharge,-46.0,4.1692,0.0,2026-09-22 06:18:19
6-2,1.0,Discharge,-45.5,4.1692,0.0,2026-09-22 06:18:49
6-2,1.0,Discharge,-45.0,4.1691,0.0,2026-09-22 06:19:19
6-2,1.0,Discharge,-44.5,4.169,0.0,2026-09-22 06:19:49
6-2,1.0,Discharge,-44.0,4.1691,0.0,2026-09-22 06:20:19
6-2,1.0,Discharge,-43.5,4.169,0.0,2026-09-22 06:20:49
6-2,1.0,Discharge,-43.0,4.1691,0.0,2026-09-22 06:21:19
6-2,1.0,Discharge,-42.5,4.169,0.0,2026-09-22 06:21:49
6-2,1.0,Discharge,-42.0,4.169,0.0,2026-09-22 06:22:19
6-2,1.0,Discharge,-41.5,4.169,0.0,2026-09-22 06:22:49
6-2,1.0,Discharge,-41.0,4.169,0.0,2026-09-22 06:23:19
6-2,1.0,Discharge,-40.5,4.169,0.0,2026-09-22 06:23:49
6-2,1.0,Discharge,-40.0,4.1691,0.0,2026-09-22 06:24:19
6-2,1.0,Discharge,-39.5,4.1691,0.0,2026-09-22 06:24:49
6-2,1.0,Discharge,-39.0,4.1691,0.0,2026-09-22 06:25:19
6-2,1.0,Discharge,-38.5,4.169,0.0,2026-09-22 06:25:49
6-2,1.0,Discharge,-38.0,4.1689,0.0,2026-09-22 06:26:19
6-2,1.0,Discharge,-37.5,4.169,0.0,2026-09-22 06:26:49
6-2,1.0,Discharge,-37.0,4.169,0.0,2026-09-22 06:27:19
6-2,1.0,Discharge,-36.5,4.169,0.0,2026-09-22 06:27:49
6-2,1.0,Discharge,-36.0,4.169,0.0,2026-09-22 06:28:19
6-2,1.0,Discharge,-35.5,4.169,0.0,2026-09-22 06:28:49
6-2,1.0,Discharge,-35.0,4.169,0.0,2026-09-22 06:29:19
6-2,1.0,Discharge,-34.5,4.169,0.0,2026-09-22 06:29:49
6-2,1.0,Discharge,-34.0,4.169,0.0,2026-09-22 06:30:19
6-2,1.0,Discharge,-33.5,4.1691,0.0,2026-09-22 06:30:49
6-2,1.0,Discharge,-33.0,4.1689,0.0,2026-09-22 06:31:19
6-2,1.0,Discharge,-32.5,4.1689,0.0,2026-09-22 06:31:49
6-2,1.0,Discharge,-32.0,4.169,0.0,2026-09-22 06:32:19
6-2,1.0,Discharge,-31.5,4.169,0.0,2026-09-22 06:32:49
6-2,1.0,Discharge,-31.0,4.169,0.0,2026-09-22 06:33:19
6-2,1.0,Discharge,-30.5,4.1689,0.0,2026-09-22 06:33:49
6-2,1.0,Discharge,-30.0,4.1689,0.0,2026-09-22 06:34:19
6-2,1.0,Discharge,-29.5,4.169,0.0,2026-09-22 06:34:49
6-2,1.0,Discharge,-29.0,4.1689,0.0,2026-09-22 06:35:19
6-2,1.0,Discharge,-28.5,4.1689,0.0,2026-09-22 06:35:49
6-2,1.0,Discharge,-28.0,4.169,0.0,2026-09-22 06:36:19
6-2,1.0,Discharge,-27.5,4.1689,0.0,2026-09-22 06:36:49
6-2,1.0,Discharge,-27.0,4.1689,0.0,2026-09-22 06:37:19
6-2,1.0,Discharge,-26.5,4.1688,0.0,2026-09-22 06:37:49
6-2,1.0,Discharge,-26.0,4.1689,0.0,2026-09-22 06:38:19
6-2,1.0,Discharge,-25.5,4.169,0.0,2026-09-22 06:38:49
6-2,1.0,Discharge,-25.0,4.1689,0.0,2026-09-22 06:39:19
6-2,1.0,Discharge,-24.5,4.1688,0.0,2026-09-22 06:39:49
6-2,1.0,Discharge,-24.0,4.1689,0.0,2026-09-22 06:40:19
6-2,1.0,Discharge,-23.5,4.1688,0.0,2026-09-22 06:40:49
6-2,1.0,Discharge,-23.0,4.1688,0.0,2026-09-22 06:41:19
6-2,1.0,Discharge,-22.5,4.1689,0.0,2026-09-22 06:41:49
6-2,1.0,Discharge,-22.0,4.1689,0.0,2026-09-22 06:42:19
6-2,1.0,Discharge,-21.5,4.1689,0.0,2026-09-22 06:42:49
6-2,1.0,Discharge,-21.0,4.1688,0.0,2026-09-22 06:43:19
6-2,1.0,Discharge,-20.5,4.1688,0.0,2026-09-22 06:43:49
6-2,1.0,Discharge,-20.0,4.1688,0.0,2026-09-22 06:44:19
6-2,1.0,Discharge,-19.5,4.1688,0.0,2026-09-22 06:44:49
6-2,1.0,Discharge,-19.0,4.1689,0.0,2026-09-22 06:45:19
6-2,1.0,Discharge,-18.5,4.1689,0.0,2026-09-22 06:45:49
6-2,1.0,Discharge,-18.0,4.1689,0.0,2026-09-22 06:46:19
6-2,1.0,Discharge,-17.5,4.1687,0.0,2026-09-22 06:46:49
6-2,1.0,Discharge,-17.0,4.1688,0.0,2026-09-22 06:47:19
6-2,1.0,Discharge,-16.5,4.1688,0.0,2026-09-22 06:47:49
6-2,1.0,Discharge,-16.0,4.1688,0.0,2026-09-22 06:48:19
6-2,1.0,Discharge,-15.5,4.1688,0.0,2026-09-22 06:48:49
6-2,1.0,Discharge,-15.0,4.1688,0.0,2026-09-22 06:49:19
6-2,1.0,Discharge,-14.5,4.1688,0.0,2026-09-22 06:49:49
6-2,1.0,Discharge,-14.0,4.1687,0.0,2026-09-22 06:50:19
6-2,1.0,Discharge,-13.5,4.1688,0.0,2026-09-22 06:50:49
6-2,1.0,Discharge,-13.0,4.1687,0.0,2026-09-22 06:51:19
6-2,1.0,Discharge,-12.5,4.1688,0.0,2026-09-22 06:51:49
6-2,1.0,Discharge,-12.0,4.1687,0.0,2026-09-22 06:52:19
6-2,1.0,Discharge,-11.5,4.1687,0.0,2026-09-22 06:52:49
6-2,1.0,Discharge,-11.0,4.1687,0.0,2026-09-22 06:53:19
6-2,1.0,Discharge,-10.5,4.1688,0.0,2026-09-22 06:53:49
6-2,1.0,Discharge,-10.0,4.1688,0.0,2026-09-22 06:54:19
6-2,1.0,Discharge,-9.5,4.1688,0.0,2026-09-22 06:54:49
6-2,1.0,Discharge,-9.0,4.1688,0.0,2026-09-22 06:55:19
6-2,1.0,Discharge,-8.5,4.1688,0.0,2026-09-22 06:55:49
6-2,1.0,Discharge,-8.0,4.1687,0.0,2026-09-22 06:56:19
6-2,1.0,Discharge,-7.5,4.1687,0.0,2026-09-22 06:56:49
6-2,1.0,Discharge,-7.0,4.1687,0.0,2026-09-22 06:57:19
6-2,1.0,Discharge,-6.5,4.1688,0.0,2026-09-22 06:57:49
6-2,1.0,Discharge,-6.0,4.1686,0.0,2026-09-22 06:58:19
6-2,1.0,Discharge,-5.5,4.1686,0.0,2026-09-22 06:58:49
6-2,1.0,Discharge,-5.0,4.1687,0.0,2026-09-22 06:59:19
6-2,1.0,Discharge,-4.5,4.1686,0.0,2026-09-22 06:59:49
6-2,1.0,Discharge,-4.0,4.1688,0.0,2026-09-22 07:00:19
6-2,1.0,Discharge,-3.5,4.1687,0.0,2026-09-22 07:00:49
6-2,1.0,Discharge,-3.0,4.1687,0.0,2026-09-22 07:01:19
6-2,1.0,Discharge,-2.5,4.1687,0.0,2026-09-22 07:01:49
6-2,1.0,Discharge,-2.0,4.1687,0.0,2026-09-22 07:02:19
6-2,1.0,Discharge,-1.5,4.1687,0.0,2026-09-22 07:02:49
6-2,1.0,Discharge,-1.0,4.1687,0.0,2026-09-22 07:03:19
6-2,1.0,Discharge,-0.5,4.1687,0.0,2026-09-22 07:03:49
6-2,1.0,Discharge,0.0,4.1686,0.0,2026-09-22 07:04:19
6-2,1.0,Charge,-120.0,3.0835,0.0,2026-09-22 08:02:47
6-2,1.0,Charge,-119.5,3.2823,0.0,2026-09-22 08:03:17
6-2,1.0,Charge,-119.0,3.3086,0.0,2026-09-22 08:03:47
6-2,1.0,Charge,-118.5,3.3244,0.0,2026-09-22 08:04:17
6-2,1.0,Charge,-118.0,3.335,0.0,2026-09-22 08:04:47
6-2,1.0,Charge,-117.5,3.3427,0.0,2026-09-22 08:05:17
6-2,1.0,Charge,-117.0,3.3489,0.0,2026-09-22 08:05:47
6-2,1.0,Charge,-116.5,3.3539,0.0,2026-09-22 08:06:17
6-2,1.0,Charge,-116.0,3.3581,0.0,2026-09-22 08:06:47
6-2,1.0,Charge,-115.5,3.362,0.0,2026-09-22 08:07:17
6-2,1.0,Charge,-115.0,3.3655,0.0,2026-09-22 08:07:47
6-2,1.0,Charge,-114.5,3.3688,0.0,2026-09-22 08:08:17
6-2,1.0,Charge,-114.0,3.3719,0.0,2026-09-22 08:08:47
6-2,1.0,Charge,-113.5,3.3748,0.0,2026-09-22 08:09:17
6-2,1.0,Charge,-113.0,3.3776,0.0,2026-09-22 08:09:47
6-2,1.0,Charge,-112.5,3.3802,0.0,2026-09-22 08:10:17
6-2,1.0,Charge,-112.0,3.3828,0.0,2026-09-22 08:10:47
6-2,1.0,Charge,-111.5,3.3852,0.0,2026-09-22 08:11:17
6-2,1.0,Charge,-111.0,3.3876,0.0,2026-09-22 08:11:47
6-2,1.0,Charge,-110.5,3.39,0.0,2026-09-22 08:12:17
6-2,1.0,Charge,-110.0,3.3922,0.0,2026-09-22 08:12:47
6-2,1.0,Charge,-109.5,3.3944,0.0,2026-09-22 08:13:17
6-2,1.0,Charge,-109.0,3.3966,0.0,2026-09-22 08:13:47
6-2,1.0,Charge,-108.5,3.3986,0.0,2026-09-22 08:14:17
6-2,1.0,Charge,-108.0,3.4007,0.0,2026-09-22 08:14:47
6-2,1.0,Charge,-107.5,3.4027,0.0,2026-09-22 08:15:17
6-2,1.0,Charge,-107.0,3.4048,0.0,2026-09-22 08:15:47
6-2,1.0,Charge,-106.5,3.4066,0.0,2026-09-22 08:16:17
6-2,1.0,Charge,-106.0,3.4085,0.0,2026-09-22 08:16:47
6-2,1.0,Charge,-105.5,3.4104,0.0,2026-09-22 08:17:17
6-2,1.0,Charge,-105.0,3.4123,0.0,2026-09-22 08:17:47
6-2,1.0,Charge,-104.5,3.414,0.0,2026-09-22 08:18:17
6-2,1.0,Charge,-104.0,3.4158,0.0,2026-09-22 08:18:47
6-2,1.0,Charge,-103.5,3.4175,0.0,2026-09-22 08:19:17
6-2,1.0,Charge,-103.0,3.4192,0.0,2026-09-22 08:19:47
6-2,1.0,Charge,-102.5,3.4209,0.0,2026-09-22 08:20:17
6-2,1.0,Charge,-102.0,3.4225,0.0,2026-09-22 08:20:47
6-2,1.0,Charge,-101.5,3.4242,0.0,2026-09-22 08:21:17
6-2,1.0,Charge,-101.0,3.4257,0.0,2026-09-22 08:21:47
6-2,1.0,Charge,-100.5,3.4273,0.0,2026-09-22 08:22:17
6-2,1.0,Charge,-100.0,3.4288,0.0,2026-09-22 08:22:47
6-2,1.0,Charge,-99.5,3.4303,0.0,2026-09-22 08:23:17
6-2,1.0,Charge,-99.0,3.4317,0.0,2026-09-22 08:23:47
6-2,1.0,Charge,-98.5,3.4332,0.0,2026-09-22 08:24:17
6-2,1.0,Charge,-98.0,3.4345,0.0,2026-09-22 08:24:47
6-2,1.0,Charge,-97.5,3.4359,0.0,2026-09-22 08:25:17
6-2,1.0,Charge,-97.0,3.4373,0.0,2026-09-22 08:25:47
6-2,1.0,Charge,-96.5,3.4386,0.0,2026-09-22 08:26:17
6-2,1.0,Charge,-96.0,3.4399,0.0,2026-09-22 08:26:47
6-2,1.0,Charge,-95.5,3.4412,0.0,2026-09-22 08:27:17
6-2,1.0,Charge,-95.0,3.4426,0.0,2026-09-22 08:27:47
6-2,1.0,Charge,-94.5,3.4436,0.0,2026-09-22 08:28:17
6-2,1.0,Charge,-94.0,3.445,0.0,2026-09-22 08:28:47
6-2,1.0,Charge,-93.5,3.4461,0.0,2026-09-22 08:29:17
6-2,1.0,Charge,-93.0,3.4473,0.0,2026-09-22 08:29:47
6-2,1.0,Charge,-92.5,3.4484,0.0,2026-09-22 08:30:17
6-2,1.0,Charge,-92.0,3.4496,0.0,2026-09-22 08:30:47
6-2,1.0,Charge,-91.5,3.4506,0.0,2026-09-22 08:31:17
6-2,1.0,Charge,-91.0,3.4517,0.0,2026-09-22 08:31:47
6-2,1.0,Charge,-90.5,3.4528,0.0,2026-09-22 08:32:17
6-2,1.0,Charge,-90.0,3.4538,0.0,2026-09-22 08:32:47
6-2,1.0,Charge,-89.5,3.4549,0.0,2026-09-22 08:33:17
6-2,1.0,Charge,-89.0,3.4558,0.0,2026-09-22 08:33:47
6-2,1.0,Charge,-88.5,3.4568,0.0,2026-09-22 08:34:17
6-2,1.0,Charge,-88.0,3.4577,0.0,2026-09-22 08:34:47
6-2,1.0,Charge,-87.5,3.4588,0.0,2026-09-22 08:35:17
6-2,1.0,Charge,-87.0,3.4596,0.0,2026-09-22 08:35:47
6-2,1.0,Charge,-86.5,3.4605,0.0,2026-09-22 08:36:17
6-2,1.0,Charge,-86.0,3.4615,0.0,2026-09-22 08:36:47
6-2,1.0,Charge,-85.5,3.4623,0.0,2026-09-22 08:37:17
6-2,1.0,Charge,-85.0,3.4631,0.0,2026-09-22 08:37:47
6-2,1.0,Charge,-84.5,3.464,0.0,2026-09-22 08:38:17
6-2,1.0,Charge,-84.0,3.4648,0.0,2026-09-22 08:38:47
6-2,1.0,Charge,-83.5,3.4656,0.0,2026-09-22 08:39:17
6-2,1.0,Charge,-83.0,3.4664,0.0,2026-09-22 08:39:47
6-2,1.0,Charge,-82.5,3.4672,0.0,2026-09-22 08:40:17
6-2,1.0,Charge,-82.0,3.4679,0.0,2026-09-22 08:40:47
6-2,1.0,Charge,-81.5,3.4686,0.0,2026-09-22 08:41:17
6-2,1.0,Charge,-81.0,3.4694,0.0,2026-09-22 08:41:47
6-2,1.0,Charge,-80.5,3.4702,0.0,2026-09-22 08:42:17
6-2,1.0,Charge,-80.0,3.4708,0.0,2026-09-22 08:42:47
6-2,1.0,Charge,-79.5,3.4715,0.0,2026-09-22 08:43:17
6-2,1.0,Charge,-79.0,3.4722,0.0,2026-09-22 08:43:47
6-2,1.0,Charge,-78.5,3.4728,0.0,2026-09-22 08:44:17
6-2,1.0,Charge,-78.0,3.4735,0.0,2026-09-22 08:44:47
6-2,1.0,Charge,-77.5,3.4741,0.0,2026-09-22 08:45:17
6-2,1.0,Charge,-77.0,3.4747,0.0,2026-09-22 08:45:47
6-2,1.0,Charge,-76.5,3.4754,0.0,2026-09-22 08:46:17
6-2,1.0,Charge,-76.0,3.476,0.0,2026-09-22 08:46:47
6-2,1.0,Charge,-75.5,3.4767,0.0,2026-09-22 08:47:17
6-2,1.0,Charge,-75.0,3.4772,0.0,2026-09-22 08:47:47
6-2,1.0,Charge,-74.5,3.4777,0.0,2026-09-22 08:48:17
6-2,1.0,Charge,-74.0,3.4783,0.0,2026-09-22 08:48:47
6-2,1.0,Charge,-73.5,3.4789,0.0,2026-09-22 08:49:17
6-2,1.0,Charge,-73.0,3.4794,0.0,2026-09-22 08:49:47
6-2,1.0,Charge,-72.5,3.48,0.0,2026-09-22 08:50:17
6-2,1.0,Charge,-72.0,3.4805,0.0,2026-09-22 08:50:47
6-2,1.0,Charge,-71.5,3.4809,0.0,2026-09-22 08:51:17
6-2,1.0,Charge,-71.0,3.4813,0.0,2026-09-22 08:51:47
6-2,1.0,Charge,-70.5,3.4818,0.0,2026-09-22 08:52:17
6-2,1.0,Charge,-70.0,3.4824,0.0,2026-09-22 08:52:47
6-2,1.0,Charge,-69.5,3.4828,0.0,2026-09-22 08:53:17
6-2,1.0,Charge,-69.0,3.4834,0.0,2026-09-22 08:53:47
6-2,1.0,Charge,-68.5,3.4838,0.0,2026-09-22 08:54:17
6-2,1.0,Charge,-68.0,3.4842,0.0,2026-09-22 08:54:47
6-2,1.0,Charge,-67.5,3.4847,0.0,2026-09-22 08:55:17
6-2,1.0,Charge,-67.0,3.4851,0.0,2026-09-22 08:55:47
6-2,1.0,Charge,-66.5,3.4855,0.0,2026-09-22 08:56:17
6-2,1.0,Charge,-66.0,3.486,0.0,2026-09-22 08:56:47
6-2,1.0,Charge,-65.5,3.4865,0.0,2026-09-22 08:57:17
6-2,1.0,Charge,-65.0,3.4868,0.0,2026-09-22 08:57:47
6-2,1.0,Charge,-64.5,3.4872,0.0,2026-09-22 08:58:17
6-2,1.0,Charge,-64.0,3.4877,0.0,2026-09-22 08:58:47
6-2,1.0,Charge,-63.5,3.488,0.0,2026-09-22 08:59:17
6-2,1.0,Charge,-63.0,3.4885,0.0,2026-09-22 08:59:47
6-2,1.0,Charge,-62.5,3.4888,0.0,2026-09-22 09:00:16
6-2,1.0,Charge,-62.0,3.4892,0.0,2026-09-22 09:00:46
6-2,1.0,Charge,-61.5,3.4895,0.0,2026-09-22 09:01:16
6-2,1.0,Charge,-61.0,3.4899,0.0,2026-09-22 09:01:46
6-2,1.0,Charge,-60.5,3.4903,0.0,2026-09-22 09:02:16
6-2,1.0,Charge,-60.0,3.4905,0.0,2026-09-22 09:02:46
6-2,1.0,Charge,-59.5,3.491,0.0,2026-09-22 09:03:16
6-2,1.0,Charge,-59.0,3.4913,0.0,2026-09-22 09:03:46
6-2,1.0,Charge,-58.5,3.4915,0.0,2026-09-22 09:04:16
6-2,1.0,Charge,-58.0,3.492,0.0,2026-09-22 09:04:46
6-2,1.0,Charge,-57.5,3.4923,0.0,2026-09-22 09:05:16
6-2,1.0,Charge,-57.0,3.4926,0.0,2026-09-22 09:05:46
6-2,1.0,Charge,-56.5,3.4929,0.0,2026-09-22 09:06:16
6-2,1.0,Charge,-56.0,3.4933,0.0,2026-09-22 09:06:46
6-2,1.0,Charge,-55.5,3.4935,0.0,2026-09-22 09:07:16
6-2,1.0,Charge,-55.0,3.4938,0.0,2026-09-22 09:07:46
6-2,1.0,Charge,-54.5,3.4941,0.0,2026-09-22 09:08:16
6-2,1.0,Charge,-54.0,3.4944,0.0,2026-09-22 09:08:46
6-2,1.0,Charge,-53.5,3.4947,0.0,2026-09-22 09:09:16
6-2,1.0,Charge,-53.0,3.495,0.0,2026-09-22 09:09:46
6-2,1.0,Charge,-52.5,3.4953,0.0,2026-09-22 09:10:16
6-2,1.0,Charge,-52.0,3.4955,0.0,2026-09-22 09:10:46
6-2,1.0,Charge,-51.5,3.4958,0.0,2026-09-22 09:11:16
6-2,1.0,Charge,-51.0,3.4961,0.0,2026-09-22 09:11:46
6-2,1.0,Charge,-50.5,3.4963,0.0,2026-09-22 09:12:16
6-2,1.0,Charge,-50.0,3.4966,0.0,2026-09-22 09:12:46
6-2,1.0,Charge,-49.5,3.4968,0.0,2026-09-22 09:13:16
6-2,1.0,Charge,-49.0,3.497,0.0,2026-09-22 09:13:46
6-2,1.0,Charge,-48.5,3.4973,0.0,2026-09-22 09:14:16
6-2,1.0,Charge,-48.0,3.4975,0.0,2026-09-22 09:14:46
6-2,1.0,Charge,-47.5,3.4977,0.0,2026-09-22 09:15:16
6-2,1.0,Charge,-47.0,3.4979,0.0,2026-09-22 09:15:46
6-2,1.0,Charge,-46.5,3.4982,0.0,2026-09-22 09:16:16
6-2,1.0,Charge,-46.0,3.4984,0.0,2026-09-22 09:16:46
6-2,1.0,Charge,-45.5,3.4986,0.0,2026-09-22 09:17:16
6-2,1.0,Charge,-45.0,3.4988,0.0,2026-09-22 09:17:46
6-2,1.0,Charge,-44.5,3.4991,0.0,2026-09-22 09:18:16
6-2,1.0,Charge,-44.0,3.4993,0.0,2026-09-22 09:18:46
6-2,1.0,Charge,-43.5,3.4994,0.0,2026-09-22 09:19:16
6-2,1.0,Charge,-43.0,3.4997,0.0,2026-09-22 09:19:46
6-2,1.0,Charge,-42.5,3.5,0.0,2026-09-22 09:20:16
6-2,1.0,Charge,-42.0,3.5002,0.0,2026-09-22 09:20:46
6-2,1.0,Charge,-41.5,3.5003,0.0,2026-09-22 09:21:16
6-2,1.0,Charge,-41.0,3.5005,0.0,2026-09-22 09:21:46
6-2,1.0,Charge,-40.5,3.5008,0.0,2026-09-22 09:22:16
6-2,1.0,Charge,-40.0,3.501,0.0,2026-09-22 09:22:46
6-2,1.0,Charge,-39.5,3.5011,0.0,2026-09-22 09:23:16
6-2,1.0,Charge,-39.0,3.5013,0.0,2026-09-22 09:23:46
6-2,1.0,Charge,-38.5,3.5016,0.0,2026-09-22 09:24:16
6-2,1.0,Charge,-38.0,3.5017,0.0,2026-09-22 09:24:46
6-2,1.0,Charge,-37.5,3.5019,0.0,2026-09-22 09:25:16
6-2,1.0,Charge,-37.0,3.502,0.0,2026-09-22 09:25:46
6-2,1.0,Charge,-36.5,3.5023,0.0,2026-09-22 09:26:16
6-2,1.0,Charge,-36.0,3.5024,0.0,2026-09-22 09:26:46
6-2,1.0,Charge,-35.5,3.5026,0.0,2026-09-22 09:27:16
6-2,1.0,Charge,-35.0,3.5028,0.0,2026-09-22 09:27:46
6-2,1.0,Charge,-34.5,3.5029,0.0,2026-09-22 09:28:16
6-2,1.0,Charge,-34.0,3.5032,0.0,2026-09-22 09:28:46
6-2,1.0,Charge,-33.5,3.5033,0.0,2026-09-22 09:29:16
6-2,1.0,Charge,-33.0,3.5034,0.0,2026-09-22 09:29:46
6-2,1.0,Charge,-32.5,3.5036,0.0,2026-09-22 09:30:16
6-2,1.0,Charge,-32.0,3.5037,0.0,2026-09-22 09:30:46
6-2,1.0,Charge,-31.5,3.5039,0.0,2026-09-22 09:31:16
6-2,1.0,Charge,-31.0,3.5041,0.0,2026-09-22 09:31:46
6-2,1.0,Charge,-30.5,3.5043,0.0,2026-09-22 09:32:16
6-2,1.0,Charge,-30.0,3.5043,0.0,2026-09-22 09:32:46
6-2,1.0,Charge,-29.5,3.5046,0.0,2026-09-22 09:33:16
6-2,1.0,Charge,-29.0,3.5047,0.0,2026-09-22 09:33:46
6-2,1.0,Charge,-28.5,3.5048,0.0,2026-09-22 09:34:16
6-2,1.0,Charge,-28.0,3.505,0.0,2026-09-22 09:34:46
6-2,1.0,Charge,-27.5,3.5051,0.0,2026-09-22 09:35:16
6-2,1.0,Charge,-27.0,3.5053,0.0,2026-09-22 09:35:46
6-2,1.0,Charge,-26.5,3.5054,0.0,2026-09-22 09:36:16
6-2,1.0,Charge,-26.0,3.5055,0.0,2026-09-22 09:36:46
6-2,1.0,Charge,-25.5,3.5057,0.0,2026-09-22 09:37:16
6-2,1.0,Charge,-25.0,3.5058,0.0,2026-09-22 09:37:46
6-2,1.0,Charge,-24.5,3.506,0.0,2026-09-22 09:38:16
6-2,1.0,Charge,-24.0,3.5062,0.0,2026-09-22 09:38:46
6-2,1.0,Charge,-23.5,3.5062,0.0,2026-09-22 09:39:16
6-2,1.0,Charge,-23.0,3.5064,0.0,2026-09-22 09:39:46
6-2,1.0,Charge,-22.5,3.5065,0.0,2026-09-22 09:40:16
6-2,1.0,Charge,-22.0,3.5066,0.0,2026-09-22 09:40:46
6-2,1.0,Charge,-21.5,3.5067,0.0,2026-09-22 09:41:16
6-2,1.0,Charge,-21.0,3.507,0.0,2026-09-22 09:41:46
6-2,1.0,Charge,-20.5,3.5071,0.0,2026-09-22 09:42:16
6-2,1.0,Charge,-20.0,3.5072,0.0,2026-09-22 09:42:46
6-2,1.0,Charge,-19.5,3.5073,0.0,2026-09-22 09:43:16
6-2,1.0,Charge,-19.0,3.5074,0.0,2026-09-22 09:43:46
6-2,1.0,Charge,-18.5,3.5074,0.0,2026-09-22 09:44:16
6-2,1.0,Charge,-18.0,3.5076,0.0,2026-09-22 09:44:46
6-2,1.0,Charge,-17.5,3.5078,0.0,2026-09-22 09:45:16
6-2,1.0,Charge,-17.0,3.5079,0.0,2026-09-22 09:45:46
6-2,1.0,Charge,-16.5,3.508,0.0,2026-09-22 09:46:16
6-2,1.0,Charge,-16.0,3.5082,0.0,2026-09-22 09:46:46
6-2,1.0,Charge,-15.5,3.5083,0.0,2026-09-22 09:47:16
6-2,1.0,Charge,-15.0,3.5083,0.0,2026-09-22 09:47:46
6-2,1.0,Charge,-14.5,3.5085,0.0,2026-09-22 09:48:16
6-2,1.0,Charge,-14.0,3.5086,0.0,2026-09-22 09:48:46
6-2,1.0,Charge,-13.5,3.5087,0.0,2026-09-22 09:49:16
6-2,1.0,Charge,-13.0,3.5088,0.0,2026-09-22 09:49:46
6-2,1.0,Charge,-12.5,3.509,0.0,2026-09-22 09:50:16
6-2,1.0,Charge,-12.0,3.5091,0.0,2026-09-22 09:50:46
6-2,1.0,Charge,-11.5,3.5091,0.0,2026-09-22 09:51:16
6-2,1.0,Charge,-11.0,3.5092,0.0,2026-09-22 09:51:46
6-2,1.0,Charge,-10.5,3.5093,0.0,2026-09-22 09:52:16
6-2,1.0,Charge,-10.0,3.5093,0.0,2026-09-22 09:52:46
6-2,1.0,Charge,-9.5,3.5095,0.0,2026-09-22 09:53:16
6-2,1.0,Charge,-9.0,3.5097,0.0,2026-09-22 09:53:46
6-2,1.0,Charge,-8.5,3.5097,0.0,2026-09-22 09:54:16
6-2,1.0,Charge,-8.0,3.5099,0.0,2026-09-22 09:54:46
6-2,1.0,Charge,-7.5,3.5099,0.0,2026-09-22 09:55:16
6-2,1.0,Charge,-7.0,3.51,0.0,2026-09-22 09:55:46
6-2,1.0,Charge,-6.5,3.5102,0.0,2026-09-22 09:56:16
6-2,1.0,Charge,-6.0,3.5102,0.0,2026-09-22 09:56:46
6-2,1.0,Charge,-5.5,3.5104,0.0,2026-09-22 09:57:16
6-2,1.0,Charge,-5.0,3.5105,0.0,2026-09-22 09:57:46
6-2,1.0,Charge,-4.5,3.5105,0.0,2026-09-22 09:58:16
6-2,1.0,Charge,-4.0,3.5107,0.0,2026-09-22 09:58:46
6-2,1.0,Charge,-3.5,3.5107,0.0,2026-09-22 09:59:16
6-2,1.0,Charge,-3.0,3.5108,0.0,2026-09-22 09:59:46
6-2,1.0,Charge,-2.5,3.511,0.0,2026-09-22 10:00:16
6-2,1.0,Charge,-2.0,3.511,0.0,2026-09-22 10:00:46
6-2,1.0,Charge,-1.5,3.5112,0.0,2026-09-22 10:01:16
6-2,1.0,Charge,-1.0,3.5113,0.0,2026-09-22 10:01:46
6-2,1.0,Charge,-0.5,3.5113,0.0,2026-09-22 10:02:16
6-2,1.0,Charge,0.0,3.5114,0.0,2026-09-22 10:02:46
6-2,2.0,Discharge,-120.0,4.193,0.0,2026-09-22 11:21:26
6-2,2.0,Discharge,-119.5,4.1863,0.0,2026-09-22 11:21:56
6-2,2.0,Discharge,-119.0,4.1837,0.0,2026-09-22 11:22:26
6-2,2.0,Discharge,-118.5,4.1819,0.0,2026-09-22 11:22:56
6-2,2.0,Discharge,-118.0,4.1805,0.0,2026-09-22 11:23:26
6-2,2.0,Discharge,-117.5,4.1795,0.0,2026-09-22 11:23:56
6-2,2.0,Discharge,-117.0,4.1786,0.0,2026-09-22 11:24:26
6-2,2.0,Discharge,-116.5,4.1777,0.0,2026-09-22 11:24:56
6-2,2.0,Discharge,-116.0,4.1772,0.0,2026-09-22 11:25:26
6-2,2.0,Discharge,-115.5,4.1768,0.0,2026-09-22 11:25:56
6-2,2.0,Discharge,-115.0,4.1762,0.0,2026-09-22 11:26:26
6-2,2.0,Discharge,-114.5,4.1759,0.0,2026-09-22 11:26:56
6-2,2.0,Discharge,-114.0,4.1756,0.0,2026-09-22 11:27:26
6-2,2.0,Discharge,-113.5,4.1751,0.0,2026-09-22 11:27:56
6-2,2.0,Discharge,-113.0,4.1749,0.0,2026-09-22 11:28:26
6-2,2.0,Discharge,-112.5,4.1747,0.0,2026-09-22 11:28:56
6-2,2.0,Discharge,-112.0,4.1743,0.0,2026-09-22 11:29:26
6-2,2.0,Discharge,-111.5,4.1741,0.0,2026-09-22 11:29:56
6-2,2.0,Discharge,-111.0,4.1739,0.0,2026-09-22 11:30:26
6-2,2.0,Discharge,-110.5,4.1738,0.0,2026-09-22 11:30:56
6-2,2.0,Discharge,-110.0,4.1735,0.0,2026-09-22 11:31:26
6-2,2.0,Discharge,-109.5,4.1734,0.0,2026-09-22 11:31:56
6-2,2.0,Discharge,-109.0,4.1733,0.0,2026-09-22 11:32:26
6-2,2.0,Discharge,-108.5,4.1731,0.0,2026-09-22 11:32:56
6-2,2.0,Discharge,-108.0,4.1729,0.0,2026-09-22 11:33:26
6-2,2.0,Discharge,-107.5,4.1728,0.0,2026-09-22 11:33:56
6-2,2.0,Discharge,-107.0,4.1727,0.0,2026-09-22 11:34:26
6-2,2.0,Discharge,-106.5,4.1726,0.0,2026-09-22 11:34:56
6-2,2.0,Discharge,-106.0,4.1725,0.0,2026-09-22 11:35:26
6-2,2.0,Discharge,-105.5,4.1724,0.0,2026-09-22 11:35:56
6-2,2.0,Discharge,-105.0,4.1723,0.0,2026-09-22 11:36:26
6-2,2.0,Discharge,-104.5,4.1721,0.0,2026-09-22 11:36:56
6-2,2.0,Discharge,-104.0,4.172,0.0,2026-09-22 11:37:26
6-2,2.0,Discharge,-103.5,4.172,0.0,2026-09-22 11:37:56
6-2,2.0,Discharge,-103.0,4.1719,0.0,2026-09-22 11:38:26
6-2,2.0,Discharge,-102.5,4.1719,0.0,2026-09-22 11:38:56
6-2,2.0,Discharge,-102.0,4.1718,0.0,2026-09-22 11:39:26
6-2,2.0,Discharge,-101.5,4.1718,0.0,2026-09-22 11:39:56
6-2,2.0,Discharge,-101.0,4.1717,0.0,2026-09-22 11:40:26
6-2,2.0,Discharge,-100.5,4.1715,0.0,2026-09-22 11:40:56
6-2,2.0,Discharge,-100.0,4.1716,0.0,2026-09-22 11:41:26
6-2,2.0,Discharge,-99.5,4.1715,0.0,2026-09-22 11:41:56
6-2,2.0,Discharge,-99.0,4.1714,0.0,2026-09-22 11:42:26
6-2,2.0,Discharge,-98.5,4.1714,0.0,2026-09-22 11:42:56
6-2,2.0,Discharge,-98.0,4.1713,0.0,2026-09-22 11:43:26
6-2,2.0,Discharge,-97.5,4.1712,0.0,2026-09-22 11:43:56
6-2,2.0,Discharge,-97.0,4.1712,0.0,2026-09-22 11:44:26
6-2,2.0,Discharge,-96.5,4.1711,0.0,2026-09-22 11:44:56
6-2,2.0,Discharge,-96.0,4.171,0.0,2026-09-22 11:45:26
6-2,2.0,Discharge,-95.5,4.1711,0.0,2026-09-22 11:45:56
6-2,2.0,Discharge,-95.0,4.1711,0.0,2026-09-22 11:46:26
6-2,2.0,Discharge,-94.5,4.171,0.0,2026-09-22 11:46:56
6-2,2.0,Discharge,-94.0,4.1709,0.0,2026-09-22 11:47:26
6-2,2.0,Discharge,-93.5,4.171,0.0,2026-09-22 11:47:56
6-2,2.0,Discharge,-93.0,4.1709,0.0,2026-09-22 11:48:26
6-2,2.0,Discharge,-92.5,4.1708,0.0,2026-09-22 11:48:56
6-2,2.0,Discharge,-92.0,4.1707,0.0,2026-09-22 11:49:26
6-2,2.0,Discharge,-91.5,4.1707,0.0,2026-09-22 11:49:56
6-2,2.0,Discharge,-91.0,4.1707,0.0,2026-09-22 11:50:26
6-2,2.0,Discharge,-90.5,4.1707,0.0,2026-09-22 11:50:56
6-2,2.0,Discharge,-90.0,4.1707,0.0,2026-09-22 11:51:26
6-2,2.0,Discharge,-89.5,4.1707,0.0,2026-09-22 11:51:56
6-2,2.0,Discharge,-89.0,4.1706,0.0,2026-09-22 11:52:26
6-2,2.0,Discharge,-88.5,4.1706,0.0,2026-09-22 11:52:56
6-2,2.0,Discharge,-88.0,4.1705,0.0,2026-09-22 11:53:26
6-2,2.0,Discharge,-87.5,4.1705,0.0,2026-09-22 11:53:56
6-2,2.0,Discharge,-87.0,4.1706,0.0,2026-09-22 11:54:26
6-2,2.0,Discharge,-86.5,4.1705,0.0,2026-09-22 11:54:56
6-2,2.0,Discharge,-86.0,4.1705,0.0,2026-09-22 11:55:26
6-2,2.0,Discharge,-85.5,4.1703,0.0,2026-09-22 11:55:56
6-2,2.0,Discharge,-85.0,4.1704,0.0,2026-09-22 11:56:26
6-2,2.0,Discharge,-84.5,4.1703,0.0,2026-09-22 11:56:56
6-2,2.0,Discharge,-84.0,4.1703,0.0,2026-09-22 11:57:26
6-2,2.0,Discharge,-83.5,4.1703,0.0,2026-09-22 11:57:56
6-2,2.0,Discharge,-83.0,4.1703,0.0,2026-09-22 11:58:26
6-2,2.0,Discharge,-82.5,4.1702,0.0,2026-09-22 11:58:56
6-2,2.0,Discharge,-82.0,4.1703,0.0,2026-09-22 11:59:26
6-2,2.0,Discharge,-81.5,4.1702,0.0,2026-09-22 11:59:56
6-2,2.0,Discharge,-81.0,4.1701,0.0,2026-09-22 12:00:26
6-2,2.0,Discharge,-80.5,4.1701,0.0,2026-09-22 12:00:56
6-2,2.0,Discharge,-80.0,4.1701,0.0,2026-09-22 12:01:26
6-2,2.0,Discharge,-79.5,4.1701,0.0,2026-09-22 12:01:56
6-2,2.0,Discharge,-79.0,4.1701,0.0,2026-09-22 12:02:26
6-2,2.0,Discharge,-78.5,4.1701,0.0,2026-09-22 12:02:56
6-2,2.0,Discharge,-78.0,4.1701,0.0,2026-09-22 12:03:26
6-2,2.0,Discharge,-77.5,4.1701,0.0,2026-09-22 12:03:56
6-2,2.0,Discharge,-77.0,4.17,0.0,2026-09-22 12:04:26
6-2,2.0,Discharge,-76.5,4.17,0.0,2026-09-22 12:04:56
6-2,2.0,Discharge,-76.0,4.17,0.0,2026-09-22 12:05:26
6-2,2.0,Discharge,-75.5,4.1699,0.0,2026-09-22 12:05:56
6-2,2.0,Discharge,-75.0,4.17,0.0,2026-09-22 12:06:26
6-2,2.0,Discharge,-74.5,4.1699,0.0,2026-09-22 12:06:56
6-2,2.0,Discharge,-74.0,4.17,0.0,2026-09-22 12:07:26
6-2,2.0,Discharge,-73.5,4.17,0.0,2026-09-22 12:07:56
6-2,2.0,Discharge,-73.0,4.1699,0.0,2026-09-22 12:08:26
6-2,2.0,Discharge,-72.5,4.1699,0.0,2026-09-22 12:08:56
6-2,2.0,Discharge,-72.0,4.1698,0.0,2026-09-22 12:09:26
6-2,2.0,Discharge,-71.5,4.1698,0.0,2026-09-22 12:09:56
6-2,2.0,Discharge,-71.0,4.1698,0.0,2026-09-22 12:10:26
6-2,2.0,Discharge,-70.5,4.1698,0.0,2026-09-22 12:10:56
6-2,2.0,Discharge,-70.0,4.1698,0.0,2026-09-22 12:11:26
6-2,2.0,Discharge,-69.5,4.1698,0.0,2026-09-22 12:11:56
6-2,2.0,Discharge,-69.0,4.1698,0.0,2026-09-22 12:12:26
6-2,2.0,Discharge,-68.5,4.1697,0.0,2026-09-22 12:12:56
6-2,2.0,Discharge,-68.0,4.1697,0.0,2026-09-22 12:13:26
6-2,2.0,Discharge,-67.5,4.1697,0.0,2026-09-22 12:13:56
6-2,2.0,Discharge,-67.0,4.1698,0.0,2026-09-22 12:14:26
6-2,2.0,Discharge,-66.5,4.1698,0.0,2026-09-22 12:14:56
6-2,2.0,Discharge,-66.0,4.1697,0.0,2026-09-22 12:15:26
6-2,2.0,Discharge,-65.5,4.1696,0.0,2026-09-22 12:15:56
6-2,2.0,Discharge,-65.0,4.1697,0.0,2026-09-22 12:16:26
6-2,2.0,Discharge,-64.5,4.1697,0.0,2026-09-22 12:16:56
6-2,2.0,Discharge,-64.0,4.1697,0.0,2026-09-22 12:17:26
6-2,2.0,Discharge,-63.5,4.1697,0.0,2026-09-22 12:17:56
6-2,2.0,Discharge,-63.0,4.1695,0.0,2026-09-22 12:18:26
6-2,2.0,Discharge,-62.5,4.1695,0.0,2026-09-22 12:18:56
6-2,2.0,Discharge,-62.0,4.1696,0.0,2026-09-22 12:19:26
6-2,2.0,Discharge,-61.5,4.1695,0.0,2026-09-22 12:19:56
6-2,2.0,Discharge,-61.0,4.1695,0.0,2026-09-22 12:20:26
6-2,2.0,Discharge,-60.5,4.1696,0.0,2026-09-22 12:20:56
6-2,2.0,Discharge,-60.0,4.1695,0.0,2026-09-22 12:21:26
6-2,2.0,Discharge,-59.5,4.1695,0.0,2026-09-22 12:21:56
6-2,2.0,Discharge,-59.0,4.1695,0.0,2026-09-22 12:22:26
6-2,2.0,Discharge,-58.5,4.1695,0.0,2026-09-22 12:22:56
6-2,2.0,Discharge,-58.0,4.1695,0.0,2026-09-22 12:23:26
6-2,2.0,Discharge,-57.5,4.1695,0.0,2026-09-22 12:23:56
6-2,2.0,Discharge,-57.0,4.1695,0.0,2026-09-22 12:24:26
6-2,2.0,Discharge,-56.5,4.1695,0.0,2026-09-22 12:24:56
6-2,2.0,Discharge,-56.0,4.1695,0.0,2026-09-22 12:25:26
6-2,2.0,Discharge,-55.5,4.1694,0.0,2026-09-22 12:25:56
6-2,2.0,Discharge,-55.0,4.1695,0.0,2026-09-22 12:26:26
6-2,2.0,Discharge,-54.5,4.1695,0.0,2026-09-22 12:26:56
6-2,2.0,Discharge,-54.0,4.1695,0.0,2026-09-22 12:27:26
6-2,2.0,Discharge,-53.5,4.1695,0.0,2026-09-22 12:27:56
6-2,2.0,Discharge,-53.0,4.1694,0.0,2026-09-22 12:28:26
6-2,2.0,Discharge,-52.5,4.1695,0.0,2026-09-22 12:28:56
6-2,2.0,Discharge,-52.0,4.1694,0.0,2026-09-22 12:29:26
6-2,2.0,Discharge,-51.5,4.1693,0.0,2026-09-22 12:29:56
6-2,2.0,Discharge,-51.0,4.1695,0.0,2026-09-22 12:30:26
6-2,2.0,Discharge,-50.5,4.1695,0.0,2026-09-22 12:30:56
6-2,2.0,Discharge,-50.0,4.1694,0.0,2026-09-22 12:31:26
6-2,2.0,Discharge,-49.5,4.1694,0.0,2026-09-22 12:31:56
6-2,2.0,Discharge,-49.0,4.1693,0.0,2026-09-22 12:32:26
6-2,2.0,Discharge,-48.5,4.1692,0.0,2026-09-22 12:32:56
6-2,2.0,Discharge,-48.0,4.1694,0.0,2026-09-22 12:33:26
6-2,2.0,Discharge,-47.5,4.1693,0.0,2026-09-22 12:33:56
6-2,2.0,Discharge,-47.0,4.1694,0.0,2026-09-22 12:34:26
6-2,2.0,Discharge,-46.5,4.1694,0.0,2026-09-22 12:34:56
6-2,2.0,Discharge,-46.0,4.1693,0.0,2026-09-22 12:35:26
6-2,2.0,Discharge,-45.5,4.1694,0.0,2026-09-22 12:35:56
6-2,2.0,Discharge,-45.0,4.1693,0.0,2026-09-22 12:36:26
6-2,2.0,Discharge,-44.5,4.1693,0.0,2026-09-22 12:36:56
6-2,2.0,Discharge,-44.0,4.1693,0.0,2026-09-22 12:37:26
6-2,2.0,Discharge,-43.5,4.1692,0.0,2026-09-22 12:37:56
6-2,2.0,Discharge,-43.0,4.1693,0.0,2026-09-22 12:38:26
6-2,2.0,Discharge,-42.5,4.1693,0.0,2026-09-22 12:38:56
6-2,2.0,Discharge,-42.0,4.1692,0.0,2026-09-22 12:39:26
6-2,2.0,Discharge,-41.5,4.1693,0.0,2026-09-22 12:39:56
6-2,2.0,Discharge,-41.0,4.1692,0.0,2026-09-22 12:40:26
6-2,2.0,Discharge,-40.5,4.1693,0.0,2026-09-22 12:40:56
6-2,2.0,Discharge,-40.0,4.1693,0.0,2026-09-22 12:41:26
6-2,2.0,Discharge,-39.5,4.1692,0.0,2026-09-22 12:41:56
6-2,2.0,Discharge,-39.0,4.1692,0.0,2026-09-22 12:42:26
6-2,2.0,Discharge,-38.5,4.1692,0.0,2026-09-22 12:42:56
6-2,2.0,Discharge,-38.0,4.1692,0.0,2026-09-22 12:43:26
6-2,2.0,Discharge,-37.5,4.1693,0.0,2026-09-22 12:43:56
6-2,2.0,Discharge,-37.0,4.1692,0.0,2026-09-22 12:44:26
6-2,2.0,Discharge,-36.5,4.1692,0.0,2026-09-22 12:44:56
6-2,2.0,Discharge,-36.0,4.1691,0.0,2026-09-22 12:45:26
6-2,2.0,Discharge,-35.5,4.1692,0.0,2026-09-22 12:45:56
6-2,2.0,Discharge,-35.0,4.1692,0.0,2026-09-22 12:46:26
6-2,2.0,Discharge,-34.5,4.1692,0.0,2026-09-22 12:46:56
6-2,2.0,Discharge,-34.0,4.1692,0.0,2026-09-22 12:47:26
6-2,2.0,Discharge,-33.5,4.1692,0.0,2026-09-22 12:47:56
6-2,2.0,Discharge,-33.0,4.1692,0.0,2026-09-22 12:48:26
6-2,2.0,Discharge,-32.5,4.1691,0.0,2026-09-22 12:48:56
6-2,2.0,Discharge,-32.0,4.1691,0.0,2026-09-22 12:49:26
6-2,2.0,Discharge,-31.5,4.1691,0.0,2026-09-22 12:49:56
6-2,2.0,Discharge,-31.0,4.1691,0.0,2026-09-22 12:50:26
6-2,2.0,Discharge,-30.5,4.1691,0.0,2026-09-22 12:50:56
6-2,2.0,Discharge,-30.0,4.1691,0.0,2026-09-22 12:51:26
6-2,2.0,Discharge,-29.5,4.1691,0.0,2026-09-22 12:51:56
6-2,2.0,Discharge,-29.0,4.1691,0.0,2026-09-22 12:52:26
6-2,2.0,Discharge,-28.5,4.1691,0.0,2026-09-22 12:52:56
6-2,2.0,Discharge,-28.0,4.1691,0.0,2026-09-22 12:53:26
6-2,2.0,Discharge,-27.5,4.1691,0.0,2026-09-22 12:53:56
6-2,2.0,Discharge,-27.0,4.169,0.0,2026-09-22 12:54:26
6-2,2.0,Discharge,-26.5,4.1691,0.0,2026-09-22 12:54:56
6-2,2.0,Discharge,-26.0,4.169,0.0,2026-09-22 12:55:26
6-2,2.0,Discharge,-25.5,4.1691,0.0,2026-09-22 12:55:56
6-2,2.0,Discharge,-25.0,4.1691,0.0,2026-09-22 12:56:26
6-2,2.0,Discharge,-24.5,4.1692,0.0,2026-09-22 12:56:56
6-2,2.0,Discharge,-24.0,4.1691,0.0,2026-09-22 12:57:26
6-2,2.0,Discharge,-23.5,4.1691,0.0,2026-09-22 12:57:56
6-2,2.0,Discharge,-23.0,4.1691,0.0,2026-09-22 12:58:26
6-2,2.0,Discharge,-22.5,4.169,0.0,2026-09-22 12:58:56
6-2,2.0,Discharge,-22.0,4.169,0.0,2026-09-22 12:59:26
6-2,2.0,Discharge,-21.5,4.169,0.0,2026-09-22 12:59:56
6-2,2.0,Discharge,-21.0,4.169,0.0,2026-09-22 13:00:26
6-2,2.0,Discharge,-20.5,4.169,0.0,2026-09-22 13:00:56
6-2,2.0,Discharge,-20.0,4.1691,0.0,2026-09-22 13:01:26
6-2,2.0,Discharge,-19.5,4.169,0.0,2026-09-22 13:01:56
6-2,2.0,Discharge,-19.0,4.169,0.0,2026-09-22 13:02:26
6-2,2.0,Discharge,-18.5,4.169,0.0,2026-09-22 13:02:56
6-2,2.0,Discharge,-18.0,4.169,0.0,2026-09-22 13:03:26
6-2,2.0,Discharge,-17.5,4.1691,0.0,2026-09-22 13:03:56
6-2,2.0,Discharge,-17.0,4.169,0.0,2026-09-22 13:04:26
6-2,2.0,Discharge,-16.5,4.169,0.0,2026-09-22 13:04:56
6-2,2.0,Discharge,-16.0,4.169,0.0,2026-09-22 13:05:26
6-2,2.0,Discharge,-15.5,4.1689,0.0,2026-09-22 13:05:56
6-2,2.0,Discharge,-15.0,4.1689,0.0,2026-09-22 13:06:26
6-2,2.0,Discharge,-14.5,4.169,0.0,2026-09-22 13:06:56
6-2,2.0,Discharge,-14.0,4.169,0.0,2026-09-22 13:07:26
6-2,2.0,Discharge,-13.5,4.1689,0.0,2026-09-22 13:07:56
6-2,2.0,Discharge,-13.0,4.169,0.0,2026-09-22 13:08:26
6-2,2.0,Discharge,-12.5,4.1689,0.0,2026-09-22 13:08:56
6-2,2.0,Discharge,-12.0,4.169,0.0,2026-09-22 13:09:26
6-2,2.0,Discharge,-11.5,4.169,0.0,2026-09-22 13:09:56
6-2,2.0,Discharge,-11.0,4.169,0.0,2026-09-22 13:10:26
6-2,2.0,Discharge,-10.5,4.169,0.0,2026-09-22 13:10:56
6-2,2.0,Discharge,-10.0,4.169,0.0,2026-09-22 13:11:26
6-2,2.0,Discharge,-9.5,4.169,0.0,2026-09-22 13:11:56
6-2,2.0,Discharge,-9.0,4.1689,0.0,2026-09-22 13:12:26
6-2,2.0,Discharge,-8.5,4.169,0.0,2026-09-22 13:12:56
6-2,2.0,Discharge,-8.0,4.1689,0.0,2026-09-22 13:13:26
6-2,2.0,Discharge,-7.5,4.1689,0.0,2026-09-22 13:13:56
6-2,2.0,Discharge,-7.0,4.169,0.0,2026-09-22 13:14:26
6-2,2.0,Discharge,-6.5,4.1689,0.0,2026-09-22 13:14:56
6-2,2.0,Discharge,-6.0,4.1689,0.0,2026-09-22 13:15:26
6-2,2.0,Discharge,-5.5,4.1689,0.0,2026-09-22 13:15:56
6-2,2.0,Discharge,-5.0,4.1689,0.0,2026-09-22 13:16:26
6-2,2.0,Discharge,-4.5,4.1688,0.0,2026-09-22 13:16:56
6-2,2.0,Discharge,-4.0,4.1688,0.0,2026-09-22 13:17:26
6-2,2.0,Discharge,-3.5,4.1688,0.0,2026-09-22 13:17:56
6-2,2.0,Discharge,-3.0,4.1689,0.0,2026-09-22 13:18:26
6-2,2.0,Discharge,-2.5,4.1688,0.0,2026-09-22 13:18:56
6-2,2.0,Discharge,-2.0,4.1688,0.0,2026-09-22 13:19:26
6-2,2.0,Discharge,-1.5,4.1688,0.0,2026-09-22 13:19:56
6-2,2.0,Discharge,-1.0,4.1687,0.0,2026-09-22 13:20:26
6-2,2.0,Discharge,-0.5,4.1689,0.0,2026-09-22 13:20:56
6-2,2.0,Discharge,0.0,4.1689,0.0,2026-09-22 13:21:26
6-2,2.0,Charge,-120.0,3.1422,0.0,2026-09-22 13:49:35
6-2,2.0,Charge,-119.5,3.398,0.0,2026-09-22 13:50:05
6-2,2.0,Charge,-119.0,3.4552,0.0,2026-09-22 13:50:35
6-2,2.0,Charge,-118.5,3.4881,0.0,2026-09-22 13:51:05
6-2,2.0,Charge,-118.0,3.509,0.0,2026-09-22 13:51:35
6-2,2.0,Charge,-117.5,3.5238,0.0,2026-09-22 13:52:05
6-2,2.0,Charge,-117.0,3.5352,0.0,2026-09-22 13:52:35
6-2,2.0,Charge,-116.5,3.5445,0.0,2026-09-22 13:53:05
6-2,2.0,Charge,-116.0,3.5525,0.0,2026-09-22 13:53:35
6-2,2.0,Charge,-115.5,3.5599,0.0,2026-09-22 13:54:05
6-2,2.0,Charge,-115.0,3.5665,0.0,2026-09-22 13:54:35
6-2,2.0,Charge,-114.5,3.5727,0.0,2026-09-22 13:55:05
6-2,2.0,Charge,-114.0,3.5785,0.0,2026-09-22 13:55:35
6-2,2.0,Charge,-113.5,3.5839,0.0,2026-09-22 13:56:05
6-2,2.0,Charge,-113.0,3.589,0.0,2026-09-22 13:56:35
6-2,2.0,Charge,-112.5,3.5937,0.0,2026-09-22 13:57:05
6-2,2.0,Charge,-112.0,3.5981,0.0,2026-09-22 13:57:35
6-2,2.0,Charge,-111.5,3.6022,0.0,2026-09-22 13:58:05
6-2,2.0,Charge,-111.0,3.6059,0.0,2026-09-22 13:58:35
6-2,2.0,Charge,-110.5,3.6093,0.0,2026-09-22 13:59:05
6-2,2.0,Charge,-110.0,3.6125,0.0,2026-09-22 13:59:35
6-2,2.0,Charge,-109.5,3.6153,0.0,2026-09-22 14:00:05
6-2,2.0,Charge,-109.0,3.6181,0.0,2026-09-22 14:00:35
6-2,2.0,Charge,-108.5,3.6205,0.0,2026-09-22 14:01:05
6-2,2.0,Charge,-108.0,3.6227,0.0,2026-09-22 14:01:35
6-2,2.0,Charge,-107.5,3.6247,0.0,2026-09-22 14:02:05
6-2,2.0,Charge,-107.0,3.6266,0.0,2026-09-22 14:02:35
6-2,2.0,Charge,-106.5,3.6284,0.0,2026-09-22 14:03:05
6-2,2.0,Charge,-106.0,3.63,0.0,2026-09-22 14:03:35
6-2,2.0,Charge,-105.5,3.6315,0.0,2026-09-22 14:04:05
6-2,2.0,Charge,-105.0,3.6329,0.0,2026-09-22 14:04:35
6-2,2.0,Charge,-104.5,3.6341,0.0,2026-09-22 14:05:05
6-2,2.0,Charge,-104.0,3.6353,0.0,2026-09-22 14:05:35
6-2,2.0,Charge,-103.5,3.6365,0.0,2026-09-22 14:06:05
6-2,2.0,Charge,-103.0,3.6375,0.0,2026-09-22 14:06:35
6-2,2.0,Charge,-102.5,3.6384,0.0,2026-09-22 14:07:05
6-2,2.0,Charge,-102.0,3.6393,0.0,2026-09-22 14:07:35
6-2,2.0,Charge,-101.5,3.6402,0.0,2026-09-22 14:08:05
6-2,2.0,Charge,-101.0,3.641,0.0,2026-09-22 14:08:35
6-2,2.0,Charge,-100.5,3.6417,0.0,2026-09-22 14:09:05
6-2,2.0,Charge,-100.0,3.6425,0.0,2026-09-22 14:09:35
6-2,2.0,Charge,-99.5,3.6431,0.0,2026-09-22 14:10:05
6-2,2.0,Charge,-99.0,3.6437,0.0,2026-09-22 14:10:35
6-2,2.0,Charge,-98.5,3.6445,0.0,2026-09-22 14:11:05
6-2,2.0,Charge,-98.0,3.645,0.0,2026-09-22 14:11:35
6-2,2.0,Charge,-97.5,3.6455,0.0,2026-09-22 14:12:05
6-2,2.0,Charge,-97.0,3.6461,0.0,2026-09-22 14:12:35
6-2,2.0,Charge,-96.5,3.6466,0.0,2026-09-22 14:13:05
6-2,2.0,Charge,-96.0,3.6469,0.0,2026-09-22 14:13:35
6-2,2.0,Charge,-95.5,3.6475,0.0,2026-09-22 14:14:05
6-2,2.0,Charge,-95.0,3.6479,0.0,2026-09-22 14:14:35
6-2,2.0,Charge,-94.5,3.6483,0.0,2026-09-22 14:15:05
6-2,2.0,Charge,-94.0,3.6487,0.0,2026-09-22 14:15:35
6-2,2.0,Charge,-93.5,3.6491,0.0,2026-09-22 14:16:05
6-2,2.0,Charge,-93.0,3.6496,0.0,2026-09-22 14:16:35
6-2,2.0,Charge,-92.5,3.6498,0.0,2026-09-22 14:17:05
6-2,2.0,Charge,-92.0,3.6502,0.0,2026-09-22 14:17:35
6-2,2.0,Charge,-91.5,3.6506,0.0,2026-09-22 14:18:05
6-2,2.0,Charge,-91.0,3.651,0.0,2026-09-22 14:18:35
6-2,2.0,Charge,-90.5,3.6512,0.0,2026-09-22 14:19:05
6-2,2.0,Charge,-90.0,3.6515,0.0,2026-09-22 14:19:35
6-2,2.0,Charge,-89.5,3.6518,0.0,2026-09-22 14:20:05
6-2,2.0,Charge,-89.0,3.6521,0.0,2026-09-22 14:20:35
6-2,2.0,Charge,-88.5,3.6524,0.0,2026-09-22 14:21:05
6-2,2.0,Charge,-88.0,3.6526,0.0,2026-09-22 14:21:35
6-2,2.0,Charge,-87.5,3.6529,0.0,2026-09-22 14:22:05
6-2,2.0,Charge,-87.0,3.6531,0.0,2026-09-22 14:22:35
6-2,2.0,Charge,-86.5,3.6534,0.0,2026-09-22 14:23:05
6-2,2.0,Charge,-86.0,3.6536,0.0,2026-09-22 14:23:35
6-2,2.0,Charge,-85.5,3.6539,0.0,2026-09-22 14:24:05
6-2,2.0,Charge,-85.0,3.654,0.0,2026-09-22 14:24:35
6-2,2.0,Charge,-84.5,3.6542,0.0,2026-09-22 14:25:05
6-2,2.0,Charge,-84.0,3.6545,0.0,2026-09-22 14:25:35
6-2,2.0,Charge,-83.5,3.6547,0.0,2026-09-22 14:26:05
6-2,2.0,Charge,-83.0,3.6548,0.0,2026-09-22 14:26:35
6-2,2.0,Charge,-82.5,3.6551,0.0,2026-09-22 14:27:05
6-2,2.0,Charge,-82.0,3.6552,0.0,2026-09-22 14:27:35
6-2,2.0,Charge,-81.5,3.6555,0.0,2026-09-22 14:28:05
6-2,2.0,Charge,-81.0,3.6557,0.0,2026-09-22 14:28:35
6-2,2.0,Charge,-80.5,3.6558,0.0,2026-09-22 14:29:05
6-2,2.0,Charge,-80.0,3.656,0.0,2026-09-22 14:29:35
6-2,2.0,Charge,-79.5,3.6561,0.0,2026-09-22 14:30:05
6-2,2.0,Charge,-79.0,3.6563,0.0,2026-09-22 14:30:35
6-2,2.0,Charge,-78.5,3.6565,0.0,2026-09-22 14:31:05
6-2,2.0,Charge,-78.0,3.6566,0.0,2026-09-22 14:31:35
6-2,2.0,Charge,-77.5,3.6568,0.0,2026-09-22 14:32:05
6-2,2.0,Charge,-77.0,3.6571,0.0,2026-09-22 14:32:35
6-2,2.0,Charge,-76.5,3.6571,0.0,2026-09-22 14:33:05
6-2,2.0,Charge,-76.0,3.6571,0.0,2026-09-22 14:33:35
6-2,2.0,Charge,-75.5,3.6574,0.0,2026-09-22 14:34:05
6-2,2.0,Charge,-75.0,3.6575,0.0,2026-09-22 14:34:35
6-2,2.0,Charge,-74.5,3.6577,0.0,2026-09-22 14:35:05
6-2,2.0,Charge,-74.0,3.6578,0.0,2026-09-22 14:35:35
6-2,2.0,Charge,-73.5,3.6579,0.0,2026-09-22 14:36:05
6-2,2.0,Charge,-73.0,3.658,0.0,2026-09-22 14:36:35
6-2,2.0,Charge,-72.5,3.6582,0.0,2026-09-22 14:37:05
6-2,2.0,Charge,-72.0,3.6583,0.0,2026-09-22 14:37:35
6-2,2.0,Charge,-71.5,3.6584,0.0,2026-09-22 14:38:05
6-2,2.0,Charge,-71.0,3.6586,0.0,2026-09-22 14:38:35
6-2,2.0,Charge,-70.5,3.6587,0.0,2026-09-22 14:39:05
6-2,2.0,Charge,-70.0,3.6587,0.0,2026-09-22 14:39:35
6-2,2.0,Charge,-69.5,3.6589,0.0,2026-09-22 14:40:05
6-2,2.0,Charge,-69.0,3.6589,0.0,2026-09-22 14:40:35
6-2,2.0,Charge,-68.5,3.6592,0.0,2026-09-22 14:41:05
6-2,2.0,Charge,-68.0,3.6592,0.0,2026-09-22 14:41:35
6-2,2.0,Charge,-67.5,3.6593,0.0,2026-09-22 14:42:05
6-2,2.0,Charge,-67.0,3.6595,0.0,2026-09-22 14:42:35
6-2,2.0,Charge,-66.5,3.6596,0.0,2026-09-22 14:43:05
6-2,2.0,Charge,-66.0,3.6597,0.0,2026-09-22 14:43:35
6-2,2.0,Charge,-65.5,3.6597,0.0,2026-09-22 14:44:05
6-2,2.0,Charge,-65.0,3.6599,0.0,2026-09-22 14:44:35
6-2,2.0,Charge,-64.5,3.6598,0.0,2026-09-22 14:45:05
6-2,2.0,Charge,-64.0,3.6599,0.0,2026-09-22 14:45:35
6-2,2.0,Charge,-63.5,3.6602,0.0,2026-09-22 14:46:05
6-2,2.0,Charge,-63.0,3.6601,0.0,2026-09-22 14:46:35
6-2,2.0,Charge,-62.5,3.6602,0.0,2026-09-22 14:47:05
6-2,2.0,Charge,-62.0,3.6604,0.0,2026-09-22 14:47:35
6-2,2.0,Charge,-61.5,3.6604,0.0,2026-09-22 14:48:05
6-2,2.0,Charge,-61.0,3.6605,0.0,2026-09-22 14:48:35
6-2,2.0,Charge,-60.5,3.6607,0.0,2026-09-22 14:49:05
6-2,2.0,Charge,-60.0,3.6607,0.0,2026-09-22 14:49:35
6-2,2.0,Charge,-59.5,3.6608,0.0,2026-09-22 14:50:05
6-2,2.0,Charge,-59.0,3.6609,0.0,2026-09-22 14:50:35
6-2,2.0,Charge,-58.5,3.6609,0.0,2026-09-22 14:51:05
6-2,2.0,Charge,-58.0,3.661,0.0,2026-09-22 14:51:35
6-2,2.0,Charge,-57.5,3.6611,0.0,2026-09-22 14:52:05
6-2,2.0,Charge,-57.0,3.661,0.0,2026-09-22 14:52:35
6-2,2.0,Charge,-56.5,3.6612,0.0,2026-09-22 14:53:05
6-2,2.0,Charge,-56.0,3.6612,0.0,2026-09-22 14:53:35
6-2,2.0,Charge,-55.5,3.6613,0.0,2026-09-22 14:54:05
6-2,2.0,Charge,-55.0,3.6613,0.0,2026-09-22 14:54:35
6-2,2.0,Charge,-54.5,3.6613,0.0,2026-09-22 14:55:05
6-2,2.0,Charge,-54.0,3.6615,0.0,2026-09-22 14:55:35
6-2,2.0,Charge,-53.5,3.6616,0.0,2026-09-22 14:56:05
6-2,2.0,Charge,-53.0,3.6616,0.0,2026-09-22 14:56:35
6-2,2.0,Charge,-52.5,3.6616,0.0,2026-09-22 14:57:05
6-2,2.0,Charge,-52.0,3.6618,0.0,2026-09-22 14:57:35
6-2,2.0,Charge,-51.5,3.6618,0.0,2026-09-22 14:58:05
6-2,2.0,Charge,-51.0,3.6619,0.0,2026-09-22 14:58:35
6-2,2.0,Charge,-50.5,3.6619,0.0,2026-09-22 14:59:05
6-2,2.0,Charge,-50.0,3.662,0.0,2026-09-22 14:59:35
6-2,2.0,Charge,-49.5,3.662,0.0,2026-09-22 15:00:05
6-2,2.0,Charge,-49.0,3.6621,0.0,2026-09-22 15:00:35
6-2,2.0,Charge,-48.5,3.6622,0.0,2026-09-22 15:01:05
6-2,2.0,Charge,-48.0,3.6622,0.0,2026-09-22 15:01:35
6-2,2.0,Charge,-47.5,3.6622,0.0,2026-09-22 15:02:05
6-2,2.0,Charge,-47.0,3.6624,0.0,2026-09-22 15:02:35
6-2,2.0,Charge,-46.5,3.6625,0.0,2026-09-22 15:03:05
6-2,2.0,Charge,-46.0,3.6624,0.0,2026-09-22 15:03:35
6-2,2.0,Charge,-45.5,3.6625,0.0,2026-09-22 15:04:05
6-2,2.0,Charge,-45.0,3.6627,0.0,2026-09-22 15:04:35
6-2,2.0,Charge,-44.5,3.6627,0.0,2026-09-22 15:05:05
6-2,2.0,Charge,-44.0,3.6627,0.0,2026-09-22 15:05:35
6-2,2.0,Charge,-43.5,3.6628,0.0,2026-09-22 15:06:05
6-2,2.0,Charge,-43.0,3.6627,0.0,2026-09-22 15:06:35
6-2,2.0,Charge,-42.5,3.6629,0.0,2026-09-22 15:07:05
6-2,2.0,Charge,-42.0,3.663,0.0,2026-09-22 15:07:35
6-2,2.0,Charge,-41.5,3.6629,0.0,2026-09-22 15:08:05
6-2,2.0,Charge,-41.0,3.663,0.0,2026-09-22 15:08:35
6-2,2.0,Charge,-40.5,3.6631,0.0,2026-09-22 15:09:05
6-2,2.0,Charge,-40.0,3.6631,0.0,2026-09-22 15:09:35
6-2,2.0,Charge,-39.5,3.6633,0.0,2026-09-22 15:10:05
6-2,2.0,Charge,-39.0,3.6632,0.0,2026-09-22 15:10:35
6-2,2.0,Charge,-38.5,3.6633,0.0,2026-09-22 15:11:05
6-2,2.0,Charge,-38.0,3.6634,0.0,2026-09-22 15:11:35
6-2,2.0,Charge,-37.5,3.6635,0.0,2026-09-22 15:12:05
6-2,2.0,Charge,-37.0,3.6635,0.0,2026-09-22 15:12:35
6-2,2.0,Charge,-36.5,3.6635,0.0,2026-09-22 15:13:05
6-2,2.0,Charge,-36.0,3.6636,0.0,2026-09-22 15:13:35
6-2,2.0,Charge,-35.5,3.6636,0.0,2026-09-22 15:14:05
6-2,2.0,Charge,-35.0,3.6637,0.0,2026-09-22 15:14:35
6-2,2.0,Charge,-34.5,3.6637,0.0,2026-09-22 15:15:05
6-2,2.0,Charge,-34.0,3.6637,0.0,2026-09-22 15:15:35
6-2,2.0,Charge,-33.5,3.6638,0.0,2026-09-22 15:16:05
6-2,2.0,Charge,-33.0,3.6639,0.0,2026-09-22 15:16:35
6-2,2.0,Charge,-32.5,3.6639,0.0,2026-09-22 15:17:05
6-2,2.0,Charge,-32.0,3.664,0.0,2026-09-22 15:17:35
6-2,2.0,Charge,-31.5,3.6639,0.0,2026-09-22 15:18:05
6-2,2.0,Charge,-31.0,3.664,0.0,2026-09-22 15:18:35
6-2,2.0,Charge,-30.5,3.6641,0.0,2026-09-22 15:19:05
6-2,2.0,Charge,-30.0,3.664,0.0,2026-09-22 15:19:35
6-2,2.0,Charge,-29.5,3.6641,0.0,2026-09-22 15:20:05
6-2,2.0,Charge,-29.0,3.6642,0.0,2026-09-22 15:20:35
6-2,2.0,Charge,-28.5,3.6643,0.0,2026-09-22 15:21:05
6-2,2.0,Charge,-28.0,3.6643,0.0,2026-09-22 15:21:35
6-2,2.0,Charge,-27.5,3.6643,0.0,2026-09-22 15:22:05
6-2,2.0,Charge,-27.0,3.6643,0.0,2026-09-22 15:22:35
6-2,2.0,Charge,-26.5,3.6644,0.0,2026-09-22 15:23:05
6-2,2.0,Charge,-26.0,3.6645,0.0,2026-09-22 15:23:35
6-2,2.0,Charge,-25.5,3.6646,0.0,2026-09-22 15:24:05
6-2,2.0,Charge,-25.0,3.6646,0.0,2026-09-22 15:24:35
6-2,2.0,Charge,-24.5,3.6646,0.0,2026-09-22 15:25:05
6-2,2.0,Charge,-24.0,3.6647,0.0,2026-09-22 15:25:35
6-2,2.0,Charge,-23.5,3.6647,0.0,2026-09-22 15:26:05
6-2,2.0,Charge,-23.0,3.6647,0.0,2026-09-22 15:26:35
6-2,2.0,Charge,-22.5,3.6647,0.0,2026-09-22 15:27:05
6-2,2.0,Charge,-22.0,3.6648,0.0,2026-09-22 15:27:35
6-2,2.0,Charge,-21.5,3.6649,0.0,2026-09-22 15:28:05
6-2,2.0,Charge,-21.0,3.6649,0.0,2026-09-22 15:28:35
6-2,2.0,Charge,-20.5,3.6649,0.0,2026-09-22 15:29:05
6-2,2.0,Charge,-20.0,3.665,0.0,2026-09-22 15:29:35
6-2,2.0,Charge,-19.5,3.665,0.0,2026-09-22 15:30:05
6-2,2.0,Charge,-19.0,3.665,0.0,2026-09-22 15:30:35
6-2,2.0,Charge,-18.5,3.6651,0.0,2026-09-22 15:31:05
6-2,2.0,Charge,-18.0,3.6651,0.0,2026-09-22 15:31:35
6-2,2.0,Charge,-17.5,3.6652,0.0,2026-09-22 15:32:05
6-2,2.0,Charge,-17.0,3.6652,0.0,2026-09-22 15:32:35
6-2,2.0,Charge,-16.5,3.6653,0.0,2026-09-22 15:33:05
6-2,2.0,Charge,-16.0,3.6652,0.0,2026-09-22 15:33:35
6-2,2.0,Charge,-15.5,3.6652,0.0,2026-09-22 15:34:05
6-2,2.0,Charge,-15.0,3.6654,0.0,2026-09-22 15:34:35
6-2,2.0,Charge,-14.5,3.6654,0.0,2026-09-22 15:35:05
6-2,2.0,Charge,-14.0,3.6654,0.0,2026-09-22 15:35:35
6-2,2.0,Charge,-13.5,3.6655,0.0,2026-09-22 15:36:05
6-2,2.0,Charge,-13.0,3.6656,0.0,2026-09-22 15:36:35
6-2,2.0,Charge,-12.5,3.6655,0.0,2026-09-22 15:37:05
6-2,2.0,Charge,-12.0,3.6655,0.0,2026-09-22 15:37:35
6-2,2.0,Charge,-11.5,3.6656,0.0,2026-09-22 15:38:05
6-2,2.0,Charge,-11.0,3.6656,0.0,2026-09-22 15:38:35
6-2,2.0,Charge,-10.5,3.6657,0.0,2026-09-22 15:39:05
6-2,2.0,Charge,-10.0,3.6657,0.0,2026-09-22 15:39:35
6-2,2.0,Charge,-9.5,3.6657,0.0,2026-09-22 15:40:05
6-2,2.0,Charge,-9.0,3.6658,0.0,2026-09-22 15:40:35
6-2,2.0,Charge,-8.5,3.6658,0.0,2026-09-22 15:41:05
6-2,2.0,Charge,-8.0,3.6658,0.0,2026-09-22 15:41:35
6-2,2.0,Charge,-7.5,3.6659,0.0,2026-09-22 15:42:05
6-2,2.0,Charge,-7.0,3.6659,0.0,2026-09-22 15:42:35
6-2,2.0,Charge,-6.5,3.6659,0.0,2026-09-22 15:43:05
6-2,2.0,Charge,-6.0,3.6661,0.0,2026-09-22 15:43:35
6-2,2.0,Charge,-5.5,3.6661,0.0,2026-09-22 15:44:05
6-2,2.0,Charge,-5.0,3.666,0.0,2026-09-22 15:44:35
6-2,2.0,Charge,-4.5,3.6661,0.0,2026-09-22 15:45:05
6-2,2.0,Charge,-4.0,3.6661,0.0,2026-09-22 15:45:35
6-2,2.0,Charge,-3.5,3.6661,0.0,2026-09-22 15:46:05
6-2,2.0,Charge,-3.0,3.6662,0.0,2026-09-22 15:46:35
6-2,2.0,Charge,-2.5,3.6663,0.0,2026-09-22 15:47:05
6-2,2.0,Charge,-2.0,3.6662,0.0,2026-09-22 15:47:35
6-2,2.0,Charge,-1.5,3.6662,0.0,2026-09-22 15:48:05
6-2,2.0,Charge,-1.0,3.6663,0.0,2026-09-22 15:48:35
6-2,2.0,Charge,-0.5,3.6664,0.0,2026-09-22 15:49:05
6-2,2.0,Charge,0.0,3.6663,0.0,2026-09-22 15:49:35
