Cell,C_rate,Direction,Phase,t_from_CC_start_min,Voltage_V,Current_A,Transferred_capacity_Ah,Date
6-1,0.5,Discharge,CC,0.0,4.1297,-1.1396782,0.0,2026-09-21 22:55:21
6-1,0.5,Discharge,CC,0.5,4.0944,-1.1399653,0.0094996,2026-09-21 22:55:51
6-1,0.5,Discharge,CC,1.0,4.0805,-1.1399674,0.0189994,2026-09-21 22:56:21
6-1,0.5,Discharge,CC,1.5,4.0706,-1.1399587,0.028499,2026-09-21 22:56:51
6-1,0.5,Discharge,CC,2.0,4.0625,-1.1399612,0.0379988,2026-09-21 22:57:21
6-1,0.5,Discharge,CC,2.5,4.0556,-1.1399598,0.0474985,2026-09-21 22:57:51
6-1,0.5,Discharge,CC,3.0,4.0494,-1.1399671,0.0569982,2026-09-21 22:58:21
6-1,0.5,Discharge,CC,3.5,4.0435,-1.1399648,0.066498,2026-09-21 22:58:51
6-1,0.5,Discharge,CC,4.0,4.0381,-1.1399797,0.0759978,2026-09-21 22:59:21
6-1,0.5,Discharge,CC,4.5,4.0328,-1.1399699,0.0854976,2026-09-21 22:59:51
6-1,0.5,Discharge,CC,5.0,4.0277,-1.1399637,0.0949972,2026-09-21 23:00:21
6-1,0.5,Discharge,CC,5.5,4.0228,-1.1399671,0.1044969,2026-09-21 23:00:51
6-1,0.5,Discharge,CC,6.0,4.0179,-1.1399685,0.1139966,2026-09-21 23:01:21
6-1,0.5,Discharge,CC,6.5,4.0132,-1.1399685,0.1234963,2026-09-21 23:01:51
6-1,0.5,Discharge,CC,7.0,4.0085,-1.1399627,0.132996,2026-09-21 23:02:21
6-1,0.5,Discharge,CC,7.5,4.0038,-1.1399703,0.1424958,2026-09-21 23:02:51
6-1,0.5,Discharge,CC,8.0,3.9994,-1.1399627,0.1519955,2026-09-21 23:03:21
6-1,0.5,Discharge,CC,8.5,3.9951,-1.1399481,0.1614951,2026-09-21 23:03:51
6-1,0.5,Discharge,CC,9.0,3.9907,-1.139954,0.1709947,2026-09-21 23:04:21
6-1,0.5,Discharge,CC,9.5,3.9864,-1.1399729,0.1804945,2026-09-21 23:04:51
6-1,0.5,Discharge,CC,10.0,3.9821,-1.1399533,0.1899941,2026-09-21 23:05:21
6-1,0.5,Discharge,CC,10.5,3.9777,-1.1399584,0.1994937,2026-09-21 23:05:51
6-1,0.5,Discharge,CC,11.0,3.9733,-1.1399634,0.2089934,2026-09-21 23:06:21
6-1,0.5,Discharge,CC,11.5,3.969,-1.1399577,0.2184931,2026-09-21 23:06:51
6-1,0.5,Discharge,CC,12.0,3.9646,-1.1399558,0.2279927,2026-09-21 23:07:21
6-1,0.5,Discharge,CC,12.5,3.9602,-1.1399609,0.2374925,2026-09-21 23:07:51
6-1,0.5,Discharge,CC,13.0,3.9557,-1.1399565,0.2469921,2026-09-21 23:08:21
6-1,0.5,Discharge,CC,13.5,3.9513,-1.1399595,0.2564918,2026-09-21 23:08:51
6-1,0.5,Discharge,CC,14.0,3.947,-1.1399648,0.2659916,2026-09-21 23:09:21
6-1,0.5,Discharge,CC,14.5,3.9426,-1.1399724,0.2754914,2026-09-21 23:09:51
6-1,0.5,Discharge,CC,15.0,3.9383,-1.1399568,0.284991,2026-09-21 23:10:21
6-1,0.5,Discharge,CC,15.5,3.9341,-1.1399634,0.2944907,2026-09-21 23:10:51
6-1,0.5,Discharge,CC,16.0,3.93,-1.139962,0.3039904,2026-09-21 23:11:21
6-1,0.5,Discharge,CC,16.5,3.9259,-1.1399605,0.31349,2026-09-21 23:11:51
6-1,0.5,Discharge,CC,17.0,3.9218,-1.1399565,0.3229897,2026-09-21 23:12:21
6-1,0.5,Discharge,CC,17.5,3.918,-1.139971,0.3324895,2026-09-21 23:12:51
6-1,0.5,Discharge,CC,18.0,3.914,-1.1399758,0.3419893,2026-09-21 23:13:21
6-1,0.5,Discharge,CC,18.5,3.9101,-1.139971,0.3514889,2026-09-21 23:13:51
6-1,0.5,Discharge,CC,19.0,3.9063,-1.1399685,0.3609887,2026-09-21 23:14:21
6-1,0.5,Discharge,CC,19.5,3.9026,-1.1399721,0.3704884,2026-09-21 23:14:51
6-1,0.5,Discharge,CC,20.0,3.8989,-1.1399653,0.3799881,2026-09-21 23:15:21
6-1,0.5,Discharge,CC,20.5,3.8953,-1.1399565,0.3894877,2026-09-21 23:15:51
6-1,0.5,Discharge,CC,21.0,3.8917,-1.1399682,0.3989874,2026-09-21 23:16:21
6-1,0.5,Discharge,CC,21.5,3.8883,-1.1399609,0.4084872,2026-09-21 23:16:51
6-1,0.5,Discharge,CC,22.0,3.8849,-1.1399751,0.417987,2026-09-21 23:17:21
6-1,0.5,Discharge,CC,22.5,3.8815,-1.1399703,0.4274867,2026-09-21 23:17:51
6-1,0.5,Discharge,CC,23.0,3.878,-1.1399627,0.4369864,2026-09-21 23:18:21
6-1,0.5,Discharge,CC,23.5,3.8748,-1.1399504,0.446486,2026-09-21 23:18:51
6-1,0.5,Discharge,CC,24.0,3.8714,-1.1399612,0.4559857,2026-09-21 23:19:21
6-1,0.5,Discharge,CC,24.5,3.868,-1.139963,0.4654855,2026-09-21 23:19:51
6-1,0.5,Discharge,CC,25.0,3.8645,-1.1399729,0.4749852,2026-09-21 23:20:21
6-1,0.5,Discharge,CC,25.5,3.8612,-1.1399602,0.4844849,2026-09-21 23:20:51
6-1,0.5,Discharge,CC,26.0,3.8578,-1.1399641,0.4939846,2026-09-21 23:21:21
6-1,0.5,Discharge,CC,26.5,3.8544,-1.1399543,0.5034842,2026-09-21 23:21:51
6-1,0.5,Discharge,CC,27.0,3.8511,-1.1399637,0.5129839,2026-09-21 23:22:21
6-1,0.5,Discharge,CC,27.5,3.8475,-1.139954,0.5224836,2026-09-21 23:22:51
6-1,0.5,Discharge,CC,28.0,3.8443,-1.1399616,0.5319833,2026-09-21 23:23:21
6-1,0.5,Discharge,CC,28.5,3.8409,-1.1399671,0.541483,2026-09-21 23:23:51
6-1,0.5,Discharge,CC,29.0,3.8377,-1.139962,0.5509827,2026-09-21 23:24:21
6-1,0.5,Discharge,CC,29.5,3.8344,-1.1399605,0.5604823,2026-09-21 23:24:51
6-1,0.5,Discharge,CC,30.0,3.8311,-1.139971,0.5699821,2026-09-21 23:25:21
6-1,0.5,Discharge,CC,30.5,3.8278,-1.1399724,0.5794818,2026-09-21 23:25:51
6-1,0.5,Discharge,CC,31.0,3.8245,-1.139982,0.5889817,2026-09-21 23:26:21
6-1,0.5,Discharge,CC,31.5,3.8213,-1.1399786,0.5984815,2026-09-21 23:26:51
6-1,0.5,Discharge,CC,32.0,3.8181,-1.1399729,0.6079811,2026-09-21 23:27:21
6-1,0.5,Discharge,CC,32.5,3.8149,-1.1399657,0.6174809,2026-09-21 23:27:51
6-1,0.5,Discharge,CC,33.0,3.8117,-1.139963,0.6269806,2026-09-21 23:28:21
6-1,0.5,Discharge,CC,33.5,3.8085,-1.1399761,0.6364803,2026-09-21 23:28:51
6-1,0.5,Discharge,CC,34.0,3.8053,-1.1399595,0.64598,2026-09-21 23:29:21
6-1,0.5,Discharge,CC,34.5,3.8021,-1.1399685,0.6554797,2026-09-21 23:29:51
6-1,0.5,Discharge,CC,35.0,3.7991,-1.1399699,0.6649795,2026-09-21 23:30:21
6-1,0.5,Discharge,CC,35.5,3.7959,-1.1399645,0.6744792,2026-09-21 23:30:51
6-1,0.5,Discharge,CC,36.0,3.7928,-1.1399558,0.6839789,2026-09-21 23:31:21
6-1,0.5,Discharge,CC,36.5,3.7898,-1.139966,0.6934786,2026-09-21 23:31:51
6-1,0.5,Discharge,CC,37.0,3.7866,-1.1399685,0.7029784,2026-09-21 23:32:21
6-1,0.5,Discharge,CC,37.5,3.7836,-1.1399707,0.7124781,2026-09-21 23:32:51
6-1,0.5,Discharge,CC,38.0,3.7806,-1.1399565,0.7219778,2026-09-21 23:33:21
6-1,0.5,Discharge,CC,38.5,3.7776,-1.1399561,0.7314774,2026-09-21 23:33:51
6-1,0.5,Discharge,CC,39.0,3.7745,-1.1399678,0.7409771,2026-09-21 23:34:21
6-1,0.5,Discharge,CC,39.5,3.7717,-1.139974,0.7504769,2026-09-21 23:34:51
6-1,0.5,Discharge,CC,40.0,3.7686,-1.1399674,0.7599766,2026-09-21 23:35:21
6-1,0.5,Discharge,CC,40.5,3.7657,-1.139955,0.7694763,2026-09-21 23:35:51
6-1,0.5,Discharge,CC,41.0,3.7627,-1.1399721,0.778976,2026-09-21 23:36:21
6-1,0.5,Discharge,CC,41.5,3.76,-1.139966,0.7884757,2026-09-21 23:36:51
6-1,0.5,Discharge,CC,42.0,3.7571,-1.1399504,0.7979753,2026-09-21 23:37:21
6-1,0.5,Discharge,CC,42.5,3.7543,-1.139966,0.8074751,2026-09-21 23:37:51
6-1,0.5,Discharge,CC,43.0,3.7514,-1.1399703,0.8169749,2026-09-21 23:38:21
6-1,0.5,Discharge,CC,43.5,3.7487,-1.1399685,0.8264746,2026-09-21 23:38:51
6-1,0.5,Discharge,CC,44.0,3.746,-1.1399595,0.8359743,2026-09-21 23:39:21
6-1,0.5,Discharge,CC,44.5,3.7433,-1.1399699,0.845474,2026-09-21 23:39:51
6-1,0.5,Discharge,CC,45.0,3.7405,-1.1399729,0.8549738,2026-09-21 23:40:21
6-1,0.5,Discharge,CC,45.5,3.7378,-1.1399577,0.8644734,2026-09-21 23:40:51
6-1,0.5,Discharge,CC,46.0,3.7353,-1.139963,0.8739731,2026-09-21 23:41:21
6-1,0.5,Discharge,CC,46.5,3.7327,-1.1399612,0.8834728,2026-09-21 23:41:51
6-1,0.5,Discharge,CC,47.0,3.7301,-1.1399609,0.8929725,2026-09-21 23:42:21
6-1,0.5,Discharge,CC,47.5,3.7274,-1.1399657,0.9024722,2026-09-21 23:42:51
6-1,0.5,Discharge,CC,48.0,3.7248,-1.1399616,0.9119719,2026-09-21 23:43:21
6-1,0.5,Discharge,CC,48.5,3.7224,-1.1399598,0.9214715,2026-09-21 23:43:51
6-1,0.5,Discharge,CC,49.0,3.7199,-1.1399591,0.9309711,2026-09-21 23:44:21
6-1,0.5,Discharge,CC,49.5,3.7174,-1.1399591,0.9404708,2026-09-21 23:44:51
6-1,0.5,Discharge,CC,50.0,3.715,-1.139974,0.9499704,2026-09-21 23:45:21
6-1,0.5,Discharge,CC,50.5,3.7125,-1.139962,0.9594701,2026-09-21 23:45:51
6-1,0.5,Discharge,CC,51.0,3.7102,-1.1399587,0.9689698,2026-09-21 23:46:21
6-1,0.5,Discharge,CC,51.5,3.7078,-1.139966,0.9784695,2026-09-21 23:46:51
6-1,0.5,Discharge,CC,52.0,3.7055,-1.1399717,0.9879693,2026-09-21 23:47:21
6-1,0.5,Discharge,CC,52.5,3.7031,-1.1399587,0.9974689,2026-09-21 23:47:51
6-1,0.5,Discharge,CC,53.0,3.7008,-1.1399714,1.0069686,2026-09-21 23:48:21
6-1,0.5,Discharge,CC,53.5,3.6985,-1.1399682,1.0164684,2026-09-21 23:48:51
6-1,0.5,Discharge,CC,54.0,3.6963,-1.1399744,1.0259681,2026-09-21 23:49:21
6-1,0.5,Discharge,CC,54.5,3.6941,-1.1399533,1.0354679,2026-09-21 23:49:51
6-1,0.5,Discharge,CC,55.0,3.6919,-1.1399543,1.0449675,2026-09-21 23:50:21
6-1,0.5,Discharge,CC,55.5,3.6898,-1.1399605,1.0544672,2026-09-21 23:50:51
6-1,0.5,Discharge,CC,56.0,3.6877,-1.1399598,1.063967,2026-09-21 23:51:21
6-1,0.5,Discharge,CC,56.5,3.6857,-1.1399637,1.0734667,2026-09-21 23:51:51
6-1,0.5,Discharge,CC,57.0,3.6836,-1.1399641,1.0829664,2026-09-21 23:52:21
6-1,0.5,Discharge,CC,57.5,3.6815,-1.1399623,1.0924661,2026-09-21 23:52:51
6-1,0.5,Discharge,CC,58.0,3.6794,-1.1399627,1.1019658,2026-09-21 23:53:21
6-1,0.5,Discharge,CC,58.5,3.6776,-1.1399692,1.1114655,2026-09-21 23:53:51
6-1,0.5,Discharge,CC,59.0,3.6756,-1.1399664,1.1209652,2026-09-21 23:54:21
6-1,0.5,Discharge,CC,59.5,3.6736,-1.1399717,1.130465,2026-09-21 23:54:51
6-1,0.5,Discharge,CC,60.0,3.6718,-1.1399609,1.1399647,2026-09-21 23:55:21
6-1,0.5,Discharge,CC,60.5,3.6698,-1.139958,1.1494642,2026-09-21 23:55:51
6-1,0.5,Discharge,CC,61.0,3.668,-1.1399653,1.158964,2026-09-21 23:56:21
6-1,0.5,Discharge,CC,61.5,3.6662,-1.1399591,1.1684636,2026-09-21 23:56:51
6-1,0.5,Discharge,CC,62.0,3.6642,-1.1399572,1.1779634,2026-09-21 23:57:21
6-1,0.5,Discharge,CC,62.5,3.6624,-1.1399602,1.187463,2026-09-21 23:57:51
6-1,0.5,Discharge,CC,63.0,3.6605,-1.1399634,1.1969627,2026-09-21 23:58:21
6-1,0.5,Discharge,CC,63.5,3.6587,-1.139974,1.2064623,2026-09-21 23:58:51
6-1,0.5,Discharge,CC,64.0,3.6569,-1.1399724,1.215962,2026-09-21 23:59:21
6-1,0.5,Discharge,CC,64.5,3.6552,-1.1399678,1.2254618,2026-09-21 23:59:51
6-1,0.5,Discharge,CC,65.0,3.6532,-1.1399758,1.2349614,2026-09-22 00:00:20
6-1,0.5,Discharge,CC,65.5,3.6515,-1.1399657,1.2444611,2026-09-22 00:00:50
6-1,0.5,Discharge,CC,66.0,3.6497,-1.1399754,1.2539609,2026-09-22 00:01:20
6-1,0.5,Discharge,CC,66.5,3.6478,-1.1399641,1.2634605,2026-09-22 00:01:50
6-1,0.5,Discharge,CC,67.0,3.6461,-1.1399602,1.2729602,2026-09-22 00:02:20
6-1,0.5,Discharge,CC,67.5,3.6443,-1.1399678,1.2824599,2026-09-22 00:02:50
6-1,0.5,Discharge,CC,68.0,3.6424,-1.1399568,1.2919596,2026-09-22 00:03:20
6-1,0.5,Discharge,CC,68.5,3.6406,-1.1399591,1.3014593,2026-09-22 00:03:50
6-1,0.5,Discharge,CC,69.0,3.6388,-1.1399678,1.310959,2026-09-22 00:04:20
6-1,0.5,Discharge,CC,69.5,3.6369,-1.1399667,1.3204589,2026-09-22 00:04:50
6-1,0.5,Discharge,CC,70.0,3.6351,-1.1399699,1.3299586,2026-09-22 00:05:20
6-1,0.5,Discharge,CC,70.5,3.6333,-1.1399641,1.3394583,2026-09-22 00:05:50
6-1,0.5,Discharge,CC,71.0,3.6315,-1.1399671,1.348958,2026-09-22 00:06:20
6-1,0.5,Discharge,CC,71.5,3.6296,-1.1399664,1.3584577,2026-09-22 00:06:50
6-1,0.5,Discharge,CC,72.0,3.6278,-1.1399772,1.3679575,2026-09-22 00:07:20
6-1,0.5,Discharge,CC,72.5,3.6259,-1.139982,1.3774573,2026-09-22 00:07:50
6-1,0.5,Discharge,CC,73.0,3.624,-1.1399605,1.3869569,2026-09-22 00:08:20
6-1,0.5,Discharge,CC,73.5,3.6221,-1.1399653,1.3964566,2026-09-22 00:08:50
6-1,0.5,Discharge,CC,74.0,3.6202,-1.1399714,1.4059565,2026-09-22 00:09:20
6-1,0.5,Discharge,CC,74.5,3.6183,-1.1399591,1.4154562,2026-09-22 00:09:50
6-1,0.5,Discharge,CC,75.0,3.6164,-1.1399692,1.4249559,2026-09-22 00:10:20
6-1,0.5,Discharge,CC,75.5,3.6144,-1.1399689,1.4344558,2026-09-22 00:10:50
6-1,0.5,Discharge,CC,76.0,3.6126,-1.139979,1.4439556,2026-09-22 00:11:20
6-1,0.5,Discharge,CC,76.5,3.6105,-1.1399609,1.4534553,2026-09-22 00:11:50
6-1,0.5,Discharge,CC,77.0,3.6085,-1.139979,1.462955,2026-09-22 00:12:20
6-1,0.5,Discharge,CC,77.5,3.6066,-1.1399769,1.4724548,2026-09-22 00:12:50
6-1,0.5,Discharge,CC,78.0,3.6044,-1.139979,1.4819546,2026-09-22 00:13:20
6-1,0.5,Discharge,CC,78.5,3.6025,-1.1399779,1.4914544,2026-09-22 00:13:50
6-1,0.5,Discharge,CC,79.0,3.6004,-1.1399714,1.5009541,2026-09-22 00:14:20
6-1,0.5,Discharge,CC,79.5,3.5984,-1.1399714,1.5104539,2026-09-22 00:14:50
6-1,0.5,Discharge,CC,80.0,3.5962,-1.1399648,1.5199536,2026-09-22 00:15:20
6-1,0.5,Discharge,CC,80.5,3.5942,-1.1399674,1.5294533,2026-09-22 00:15:50
6-1,0.5,Discharge,CC,81.0,3.5921,-1.1399783,1.5389532,2026-09-22 00:16:20
6-1,0.5,Discharge,CC,81.5,3.5899,-1.139974,1.548453,2026-09-22 00:16:50
6-1,0.5,Discharge,CC,82.0,3.5877,-1.1399699,1.5579527,2026-09-22 00:17:20
6-1,0.5,Discharge,CC,82.5,3.5854,-1.1399674,1.5674525,2026-09-22 00:17:50
6-1,0.5,Discharge,CC,83.0,3.5833,-1.139963,1.5769521,2026-09-22 00:18:20
6-1,0.5,Discharge,CC,83.5,3.581,-1.1399714,1.5864519,2026-09-22 00:18:50
6-1,0.5,Discharge,CC,84.0,3.5788,-1.1399641,1.5959516,2026-09-22 00:19:20
6-1,0.5,Discharge,CC,84.5,3.5765,-1.1399729,1.6054513,2026-09-22 00:19:50
6-1,0.5,Discharge,CC,85.0,3.5741,-1.1399692,1.6149511,2026-09-22 00:20:20
6-1,0.5,Discharge,CC,85.5,3.5717,-1.1399667,1.6244508,2026-09-22 00:20:50
6-1,0.5,Discharge,CC,86.0,3.5695,-1.139963,1.6339506,2026-09-22 00:21:20
6-1,0.5,Discharge,CC,86.5,3.567,-1.1399664,1.6434503,2026-09-22 00:21:50
6-1,0.5,Discharge,CC,87.0,3.5646,-1.1399685,1.65295,2026-09-22 00:22:20
6-1,0.5,Discharge,CC,87.5,3.5622,-1.1399591,1.6624497,2026-09-22 00:22:50
6-1,0.5,Discharge,CC,88.0,3.5598,-1.1399637,1.6719494,2026-09-22 00:23:20
6-1,0.5,Discharge,CC,88.5,3.5573,-1.1399786,1.6814492,2026-09-22 00:23:50
6-1,0.5,Discharge,CC,89.0,3.5549,-1.1399794,1.690949,2026-09-22 00:24:20
6-1,0.5,Discharge,CC,89.5,3.5525,-1.1399664,1.7004487,2026-09-22 00:24:50
6-1,0.5,Discharge,CC,90.0,3.55,-1.1399761,1.7099485,2026-09-22 00:25:20
6-1,0.5,Discharge,CC,90.5,3.5474,-1.1399772,1.7194482,2026-09-22 00:25:50
6-1,0.5,Discharge,CC,91.0,3.5449,-1.1399838,1.7289481,2026-09-22 00:26:20
6-1,0.5,Discharge,CC,91.5,3.5424,-1.1399637,1.7384478,2026-09-22 00:26:50
6-1,0.5,Discharge,CC,92.0,3.5398,-1.1399696,1.7479476,2026-09-22 00:27:20
6-1,0.5,Discharge,CC,92.5,3.5371,-1.1399485,1.7574471,2026-09-22 00:27:50
6-1,0.5,Discharge,CC,93.0,3.5344,-1.1399717,1.7669469,2026-09-22 00:28:20
6-1,0.5,Discharge,CC,93.5,3.5318,-1.1399707,1.7764468,2026-09-22 00:28:50
6-1,0.5,Discharge,CC,94.0,3.529,-1.139971,1.7859466,2026-09-22 00:29:20
6-1,0.5,Discharge,CC,94.5,3.5264,-1.1399547,1.7954462,2026-09-22 00:29:50
6-1,0.5,Discharge,CC,95.0,3.5235,-1.1399565,1.8049459,2026-09-22 00:30:20
6-1,0.5,Discharge,CC,95.5,3.5206,-1.1399736,1.8144457,2026-09-22 00:30:50
6-1,0.5,Discharge,CC,96.0,3.5177,-1.1399637,1.8239454,2026-09-22 00:31:20
6-1,0.5,Discharge,CC,96.5,3.5147,-1.139963,1.8334451,2026-09-22 00:31:50
6-1,0.5,Discharge,CC,97.0,3.5117,-1.1399587,1.8429447,2026-09-22 00:32:20
6-1,0.5,Discharge,CC,97.5,3.5086,-1.1399627,1.8524444,2026-09-22 00:32:50
6-1,0.5,Discharge,CC,98.0,3.5053,-1.1399568,1.8619441,2026-09-22 00:33:20
6-1,0.5,Discharge,CC,98.5,3.502,-1.1399577,1.8714437,2026-09-22 00:33:50
6-1,0.5,Discharge,CC,99.0,3.4986,-1.139955,1.8809434,2026-09-22 00:34:20
6-1,0.5,Discharge,CC,99.5,3.495,-1.1399645,1.8904431,2026-09-22 00:34:50
6-1,0.5,Discharge,CC,100.0,3.4914,-1.1399667,1.8999428,2026-09-22 00:35:20
6-1,0.5,Discharge,CC,100.5,3.4877,-1.1399602,1.9094425,2026-09-22 00:35:50
6-1,0.5,Discharge,CC,101.0,3.4838,-1.1399584,1.918942,2026-09-22 00:36:20
6-1,0.5,Discharge,CC,101.5,3.4799,-1.1399645,1.9284417,2026-09-22 00:36:50
6-1,0.5,Discharge,CC,102.0,3.4759,-1.139946,1.9379412,2026-09-22 00:37:20
6-1,0.5,Discharge,CC,102.5,3.4718,-1.1399678,1.947441,2026-09-22 00:37:50
6-1,0.5,Discharge,CC,103.0,3.4673,-1.139954,1.9569406,2026-09-22 00:38:20
6-1,0.5,Discharge,CC,103.5,3.4631,-1.1399648,1.9664403,2026-09-22 00:38:50
6-1,0.5,Discharge,CC,104.0,3.4584,-1.1399729,1.97594,2026-09-22 00:39:20
6-1,0.5,Discharge,CC,104.5,3.4538,-1.1399627,1.9854397,2026-09-22 00:39:50
6-1,0.5,Discharge,CC,105.0,3.449,-1.1399671,1.9949394,2026-09-22 00:40:20
6-1,0.5,Discharge,CC,105.5,3.4441,-1.1399678,2.0044389,2026-09-22 00:40:50
6-1,0.5,Discharge,CC,106.0,3.439,-1.1399627,2.0139386,2026-09-22 00:41:20
6-1,0.5,Discharge,CC,106.5,3.4337,-1.139962,2.0234382,2026-09-22 00:41:50
6-1,0.5,Discharge,CC,107.0,3.4283,-1.1399587,2.032938,2026-09-22 00:42:20
6-1,0.5,Discharge,CC,107.5,3.4226,-1.1399471,2.0424376,2026-09-22 00:42:50
6-1,0.5,Discharge,CC,108.0,3.4167,-1.139958,2.0519372,2026-09-22 00:43:20
6-1,0.5,Discharge,CC,108.5,3.4104,-1.1399664,2.0614369,2026-09-22 00:43:50
6-1,0.5,Discharge,CC,109.0,3.404,-1.1399717,2.0709367,2026-09-22 00:44:20
6-1,0.5,Discharge,CC,109.5,3.3971,-1.1399488,2.0804362,2026-09-22 00:44:50
6-1,0.5,Discharge,CC,110.0,3.3898,-1.1399508,2.089936,2026-09-22 00:45:20
6-1,0.5,Discharge,CC,110.5,3.3817,-1.139963,2.0994357,2026-09-22 00:45:50
6-1,0.5,Discharge,CC,111.0,3.373,-1.1399641,2.1089354,2026-09-22 00:46:20
6-1,0.5,Discharge,CC,111.5,3.3634,-1.1399729,2.1184349,2026-09-22 00:46:50
6-1,0.5,Discharge,CC,112.0,3.3524,-1.1399536,2.1279345,2026-09-22 00:47:20
6-1,0.5,Discharge,CC,112.5,3.3399,-1.139962,2.1374342,2026-09-22 00:47:50
6-1,0.5,Discharge,CC,113.0,3.325,-1.1399488,2.146934,2026-09-22 00:48:20
6-1,0.5,Discharge,CC,113.5,3.3074,-1.1399577,2.1564337,2026-09-22 00:48:50
6-1,0.5,Discharge,CC,114.0,3.2867,-1.1399627,2.1659334,2026-09-22 00:49:20
6-1,0.5,Discharge,CC,114.5,3.263,-1.1399558,2.1754329,2026-09-22 00:49:50
6-1,0.5,Discharge,CC,115.0,3.2355,-1.1399685,2.1849327,2026-09-22 00:50:20
6-1,0.5,Discharge,CC,115.5,3.2044,-1.1399518,2.1944323,2026-09-22 00:50:50
6-1,0.5,Discharge,CC,116.0,3.169,-1.1399637,2.203932,2026-09-22 00:51:20
6-1,0.5,Discharge,CC,116.5,3.1282,-1.1399641,2.2134317,2026-09-22 00:51:50
6-1,0.5,Discharge,CC,117.0,3.0805,-1.1399568,2.2229314,2026-09-22 00:52:20
6-1,0.5,Discharge,CC,117.5,3.0239,-1.1399598,2.2324312,2026-09-22 00:52:50
6-1,0.5,Discharge,CC,117.66666666666667,3.0,-1.1399536,2.2358828,2026-09-22 00:53:01
6-1,0.5,Charge,CC,0.0,3.438,1.1395257,0.0,2026-09-22 02:53:01
6-1,0.5,Charge,CC,0.5,3.5374,1.1402231,0.0095016,2026-09-22 02:53:31
6-1,0.5,Charge,CC,1.0,3.5953,1.1402304,0.0190036,2026-09-22 02:54:01
6-1,0.5,Charge,CC,1.5,3.6416,1.1402276,0.0285055,2026-09-22 02:54:31
6-1,0.5,Charge,CC,2.0,3.679,1.1402162,0.0380073,2026-09-22 02:55:01
6-1,0.5,Charge,CC,2.5,3.7096,1.1402395,0.0475093,2026-09-22 02:55:31
6-1,0.5,Charge,CC,3.0,3.7351,1.1402119,0.0570111,2026-09-22 02:56:01
6-1,0.5,Charge,CC,3.5,3.7566,1.1402265,0.066513,2026-09-22 02:56:31
6-1,0.5,Charge,CC,4.0,3.7753,1.140229,0.0760149,2026-09-22 02:57:01
6-1,0.5,Charge,CC,4.5,3.7915,1.1402231,0.0855167,2026-09-22 02:57:31
6-1,0.5,Charge,CC,5.0,3.8053,1.1402228,0.0950187,2026-09-22 02:58:01
6-1,0.5,Charge,CC,5.5,3.8154,1.1402417,0.1045207,2026-09-22 02:58:31
6-1,0.5,Charge,CC,6.0,3.8218,1.1402327,0.1140227,2026-09-22 02:59:01
6-1,0.5,Charge,CC,6.5,3.826,1.1402373,0.1235245,2026-09-22 02:59:31
6-1,0.5,Charge,CC,7.0,3.8292,1.1402494,0.1330266,2026-09-22 03:00:01
6-1,0.5,Charge,CC,7.5,3.8317,1.1402301,0.1425285,2026-09-22 03:00:31
6-1,0.5,Charge,CC,8.0,3.8341,1.1402293,0.1520304,2026-09-22 03:01:01
6-1,0.5,Charge,CC,8.5,3.8366,1.1402323,0.1615323,2026-09-22 03:01:31
6-1,0.5,Charge,CC,9.0,3.8389,1.1402384,0.1710343,2026-09-22 03:02:01
6-1,0.5,Charge,CC,9.5,3.8414,1.1402421,0.1805362,2026-09-22 03:02:31
6-1,0.5,Charge,CC,10.0,3.8438,1.1402446,0.1900382,2026-09-22 03:03:01
6-1,0.5,Charge,CC,10.5,3.8463,1.1402341,0.1995402,2026-09-22 03:03:31
6-1,0.5,Charge,CC,11.0,3.8487,1.1402442,0.2090422,2026-09-22 03:04:01
6-1,0.5,Charge,CC,11.5,3.8511,1.1402373,0.2185442,2026-09-22 03:04:31
6-1,0.5,Charge,CC,12.0,3.8535,1.1402417,0.2280462,2026-09-22 03:05:01
6-1,0.5,Charge,CC,12.5,3.8559,1.1402453,0.2375483,2026-09-22 03:05:31
6-1,0.5,Charge,CC,13.0,3.8581,1.1402318,0.2470502,2026-09-22 03:06:01
6-1,0.5,Charge,CC,13.5,3.8604,1.1402435,0.2565523,2026-09-22 03:06:31
6-1,0.5,Charge,CC,14.0,3.8626,1.1402352,0.2660544,2026-09-22 03:07:01
6-1,0.5,Charge,CC,14.5,3.8648,1.1402414,0.2755564,2026-09-22 03:07:31
6-1,0.5,Charge,CC,15.0,3.867,1.1402519,0.2850585,2026-09-22 03:08:01
6-1,0.5,Charge,CC,15.5,3.8692,1.1402529,0.2945605,2026-09-22 03:08:31
6-1,0.5,Charge,CC,16.0,3.8712,1.1402439,0.3040625,2026-09-22 03:09:01
6-1,0.5,Charge,CC,16.5,3.8735,1.1402293,0.3135644,2026-09-22 03:09:31
6-1,0.5,Charge,CC,17.0,3.8756,1.1402476,0.3230665,2026-09-22 03:10:01
6-1,0.5,Charge,CC,17.5,3.8778,1.1402355,0.3325685,2026-09-22 03:10:31
6-1,0.5,Charge,CC,18.0,3.88,1.1402338,0.3420704,2026-09-22 03:11:01
6-1,0.5,Charge,CC,18.5,3.8822,1.1402432,0.3515725,2026-09-22 03:11:31
6-1,0.5,Charge,CC,19.0,3.8844,1.1402467,0.3610745,2026-09-22 03:12:01
6-1,0.5,Charge,CC,19.5,3.8866,1.1402414,0.3705765,2026-09-22 03:12:31
6-1,0.5,Charge,CC,20.0,3.8889,1.1402395,0.3800786,2026-09-22 03:13:01
6-1,0.5,Charge,CC,20.5,3.8912,1.1402334,0.3895805,2026-09-22 03:13:31
6-1,0.5,Charge,CC,21.0,3.8935,1.1402428,0.3990826,2026-09-22 03:14:01
6-1,0.5,Charge,CC,21.5,3.8957,1.1402341,0.4085844,2026-09-22 03:14:31
6-1,0.5,Charge,CC,22.0,3.8979,1.1402403,0.4180864,2026-09-22 03:15:01
6-1,0.5,Charge,CC,22.5,3.9001,1.1402318,0.4275884,2026-09-22 03:15:31
6-1,0.5,Charge,CC,23.0,3.9021,1.1402323,0.4370904,2026-09-22 03:16:01
6-1,0.5,Charge,CC,23.5,3.9042,1.1402421,0.4465924,2026-09-22 03:16:31
6-1,0.5,Charge,CC,24.0,3.9061,1.1402388,0.4560944,2026-09-22 03:17:01
6-1,0.5,Charge,CC,24.5,3.9081,1.1402537,0.4655964,2026-09-22 03:17:31
6-1,0.5,Charge,CC,25.0,3.9099,1.1402425,0.4750984,2026-09-22 03:18:01
6-1,0.5,Charge,CC,25.5,3.9116,1.140246,0.4846005,2026-09-22 03:18:31
6-1,0.5,Charge,CC,26.0,3.9131,1.1402497,0.4941025,2026-09-22 03:19:01
6-1,0.5,Charge,CC,26.5,3.9147,1.1402395,0.5036045,2026-09-22 03:19:31
6-1,0.5,Charge,CC,27.0,3.916,1.1402395,0.5131065,2026-09-22 03:20:01
6-1,0.5,Charge,CC,27.5,3.9174,1.1402363,0.5226085,2026-09-22 03:20:31
6-1,0.5,Charge,CC,28.0,3.9187,1.1402508,0.5321106,2026-09-22 03:21:01
6-1,0.5,Charge,CC,28.5,3.92,1.1402439,0.5416126,2026-09-22 03:21:31
6-1,0.5,Charge,CC,29.0,3.9211,1.1402334,0.5511146,2026-09-22 03:22:01
6-1,0.5,Charge,CC,29.5,3.9223,1.1402435,0.5606166,2026-09-22 03:22:31
6-1,0.5,Charge,CC,30.0,3.9233,1.1402428,0.5701186,2026-09-22 03:23:01
6-1,0.5,Charge,CC,30.5,3.9247,1.1402414,0.5796205,2026-09-22 03:23:31
6-1,0.5,Charge,CC,31.0,3.9258,1.1402479,0.5891225,2026-09-22 03:24:01
6-1,0.5,Charge,CC,31.5,3.9269,1.1402414,0.5986246,2026-09-22 03:24:31
6-1,0.5,Charge,CC,32.0,3.9281,1.1402395,0.6081266,2026-09-22 03:25:01
6-1,0.5,Charge,CC,32.5,3.9293,1.1402464,0.6176286,2026-09-22 03:25:31
6-1,0.5,Charge,CC,33.0,3.9305,1.1402403,0.6271306,2026-09-22 03:26:01
6-1,0.5,Charge,CC,33.5,3.9315,1.1402388,0.6366326,2026-09-22 03:26:31
6-1,0.5,Charge,CC,34.0,3.9327,1.1402377,0.6461346,2026-09-22 03:27:01
6-1,0.5,Charge,CC,34.5,3.9339,1.1402483,0.6556367,2026-09-22 03:27:31
6-1,0.5,Charge,CC,35.0,3.935,1.1402494,0.6651385,2026-09-22 03:28:01
6-1,0.5,Charge,CC,35.5,3.9362,1.1402214,0.6746404,2026-09-22 03:28:31
6-1,0.5,Charge,CC,36.0,3.9373,1.1402395,0.6841424,2026-09-22 03:29:01
6-1,0.5,Charge,CC,36.5,3.9386,1.1402283,0.6936445,2026-09-22 03:29:31
6-1,0.5,Charge,CC,37.0,3.9398,1.140233,0.7031464,2026-09-22 03:30:01
6-1,0.5,Charge,CC,37.5,3.9409,1.1402414,0.7126484,2026-09-22 03:30:31
6-1,0.5,Charge,CC,38.0,3.9421,1.140254,0.7221504,2026-09-22 03:31:01
6-1,0.5,Charge,CC,38.5,3.9432,1.1402464,0.7316525,2026-09-22 03:31:31
6-1,0.5,Charge,CC,39.0,3.9444,1.1402345,0.7411545,2026-09-22 03:32:01
6-1,0.5,Charge,CC,39.5,3.9455,1.1402417,0.7506564,2026-09-22 03:32:31
6-1,0.5,Charge,CC,40.0,3.9467,1.1402432,0.7601585,2026-09-22 03:33:01
6-1,0.5,Charge,CC,40.5,3.9479,1.1402407,0.7696605,2026-09-22 03:33:31
6-1,0.5,Charge,CC,41.0,3.949,1.1402384,0.7791625,2026-09-22 03:34:01
6-1,0.5,Charge,CC,41.5,3.9502,1.1402363,0.7886644,2026-09-22 03:34:31
6-1,0.5,Charge,CC,42.0,3.9514,1.1402446,0.7981665,2026-09-22 03:35:01
6-1,0.5,Charge,CC,42.5,3.9524,1.1402352,0.8076684,2026-09-22 03:35:31
6-1,0.5,Charge,CC,43.0,3.9536,1.1402395,0.8171704,2026-09-22 03:36:01
6-1,0.5,Charge,CC,43.5,3.9548,1.1402341,0.8266724,2026-09-22 03:36:31
6-1,0.5,Charge,CC,44.0,3.9558,1.1402272,0.8361744,2026-09-22 03:37:01
6-1,0.5,Charge,CC,44.5,3.957,1.1402446,0.8456765,2026-09-22 03:37:31
6-1,0.5,Charge,CC,45.0,3.958,1.1402487,0.8551785,2026-09-22 03:38:01
6-1,0.5,Charge,CC,45.5,3.959,1.1402464,0.8646806,2026-09-22 03:38:31
6-1,0.5,Charge,CC,46.0,3.9601,1.140249,0.8741827,2026-09-22 03:39:01
6-1,0.5,Charge,CC,46.5,3.961,1.1402566,0.8836848,2026-09-22 03:39:31
6-1,0.5,Charge,CC,47.0,3.9621,1.1402467,0.8931867,2026-09-22 03:40:01
6-1,0.5,Charge,CC,47.5,3.9631,1.1402522,0.9026888,2026-09-22 03:40:31
6-1,0.5,Charge,CC,48.0,3.964,1.1402428,0.9121909,2026-09-22 03:41:01
6-1,0.5,Charge,CC,48.5,3.9651,1.1402476,0.9216928,2026-09-22 03:41:31
6-1,0.5,Charge,CC,49.0,3.9659,1.1402421,0.9311949,2026-09-22 03:42:01
6-1,0.5,Charge,CC,49.5,3.9669,1.1402377,0.9406968,2026-09-22 03:42:31
6-1,0.5,Charge,CC,50.0,3.9678,1.1402519,0.9501989,2026-09-22 03:43:01
6-1,0.5,Charge,CC,50.5,3.9688,1.1402432,0.9597009,2026-09-22 03:43:31
6-1,0.5,Charge,CC,51.0,3.9697,1.140238,0.9692029,2026-09-22 03:44:01
6-1,0.5,Charge,CC,51.5,3.9707,1.1402355,0.978705,2026-09-22 03:44:31
6-1,0.5,Charge,CC,52.0,3.9716,1.1402425,0.9882071,2026-09-22 03:45:01
6-1,0.5,Charge,CC,52.5,3.9724,1.1402432,0.9977091,2026-09-22 03:45:31
6-1,0.5,Charge,CC,53.0,3.9733,1.1402435,1.0072112,2026-09-22 03:46:01
6-1,0.5,Charge,CC,53.5,3.9744,1.1402471,1.0167133,2026-09-22 03:46:31
6-1,0.5,Charge,CC,54.0,3.9754,1.1402497,1.0262153,2026-09-22 03:47:01
6-1,0.5,Charge,CC,54.5,3.9764,1.1402417,1.0357172,2026-09-22 03:47:31
6-1,0.5,Charge,CC,55.0,3.9773,1.1402442,1.0452193,2026-09-22 03:48:01
6-1,0.5,Charge,CC,55.5,3.9783,1.1402467,1.0547213,2026-09-22 03:48:31
6-1,0.5,Charge,CC,56.0,3.9792,1.1402529,1.0642234,2026-09-22 03:49:01
6-1,0.5,Charge,CC,56.5,3.9802,1.1402428,1.0737254,2026-09-22 03:49:31
6-1,0.5,Charge,CC,57.0,3.9812,1.1402417,1.0832274,2026-09-22 03:50:01
6-1,0.5,Charge,CC,57.5,3.9822,1.1402446,1.0927294,2026-09-22 03:50:31
6-1,0.5,Charge,CC,58.0,3.9833,1.140233,1.1022314,2026-09-22 03:51:01
6-1,0.5,Charge,CC,58.5,3.9842,1.140233,1.1117333,2026-09-22 03:51:31
6-1,0.5,Charge,CC,59.0,3.9854,1.1402352,1.1212353,2026-09-22 03:52:01
6-1,0.5,Charge,CC,59.5,3.9863,1.1402446,1.1307373,2026-09-22 03:52:31
6-1,0.5,Charge,CC,60.0,3.9875,1.1402363,1.1402393,2026-09-22 03:53:01
6-1,0.5,Charge,CC,60.5,3.9886,1.1402395,1.1497413,2026-09-22 03:53:31
6-1,0.5,Charge,CC,61.0,3.9897,1.1402352,1.1592433,2026-09-22 03:54:01
6-1,0.5,Charge,CC,61.5,3.9908,1.1402552,1.1687454,2026-09-22 03:54:31
6-1,0.5,Charge,CC,62.0,3.9918,1.1402425,1.1782475,2026-09-22 03:55:01
6-1,0.5,Charge,CC,62.5,3.993,1.140249,1.1877495,2026-09-22 03:55:31
6-1,0.5,Charge,CC,63.0,3.9942,1.1402435,1.1972516,2026-09-22 03:56:01
6-1,0.5,Charge,CC,63.5,3.9953,1.1402414,1.2067536,2026-09-22 03:56:31
6-1,0.5,Charge,CC,64.0,3.9965,1.140238,1.2162556,2026-09-22 03:57:01
6-1,0.5,Charge,CC,64.5,3.9977,1.14024,1.2257576,2026-09-22 03:57:31
6-1,0.5,Charge,CC,65.0,3.9989,1.1402414,1.2352595,2026-09-22 03:58:01
6-1,0.5,Charge,CC,65.5,4.0001,1.1402391,1.2447615,2026-09-22 03:58:31
6-1,0.5,Charge,CC,66.0,4.0014,1.1402407,1.2542635,2026-09-22 03:59:01
6-1,0.5,Charge,CC,66.5,4.0025,1.140249,1.2637656,2026-09-22 03:59:31
6-1,0.5,Charge,CC,67.0,4.0039,1.1402345,1.2732675,2026-09-22 04:00:01
6-1,0.5,Charge,CC,67.5,4.0052,1.1402355,1.2827695,2026-09-22 04:00:31
6-1,0.5,Charge,CC,68.0,4.0064,1.1402421,1.2922716,2026-09-22 04:01:01
6-1,0.5,Charge,CC,68.5,4.0077,1.1402247,1.3017735,2026-09-22 04:01:31
6-1,0.5,Charge,CC,69.0,4.0092,1.1402377,1.3112755,2026-09-22 04:02:01
6-1,0.5,Charge,CC,69.5,4.0105,1.1402407,1.3207777,2026-09-22 04:02:31
6-1,0.5,Charge,CC,70.0,4.0118,1.1402388,1.3302796,2026-09-22 04:03:01
6-1,0.5,Charge,CC,70.5,4.0133,1.140237,1.3397816,2026-09-22 04:03:31
6-1,0.5,Charge,CC,71.0,4.0147,1.1402417,1.3492836,2026-09-22 04:04:01
6-1,0.5,Charge,CC,71.5,4.0161,1.140246,1.3587856,2026-09-22 04:04:31
6-1,0.5,Charge,CC,72.0,4.0175,1.1402497,1.3682877,2026-09-22 04:05:01
6-1,0.5,Charge,CC,72.5,4.019,1.1402363,1.3777896,2026-09-22 04:05:31
6-1,0.5,Charge,CC,73.0,4.0205,1.1402504,1.3872917,2026-09-22 04:06:01
6-1,0.5,Charge,CC,73.5,4.022,1.140238,1.3967937,2026-09-22 04:06:31
6-1,0.5,Charge,CC,74.0,4.0235,1.1402355,1.4062957,2026-09-22 04:07:01
6-1,0.5,Charge,CC,74.5,4.0251,1.1402384,1.4157976,2026-09-22 04:07:31
6-1,0.5,Charge,CC,75.0,4.0266,1.1402348,1.4252996,2026-09-22 04:08:01
6-1,0.5,Charge,CC,75.5,4.0282,1.1402425,1.4348016,2026-09-22 04:08:31
6-1,0.5,Charge,CC,76.0,4.0299,1.1402315,1.4443035,2026-09-22 04:09:01
6-1,0.5,Charge,CC,76.5,4.0314,1.1402301,1.4538054,2026-09-22 04:09:31
6-1,0.5,Charge,CC,77.0,4.0332,1.1402334,1.4633074,2026-09-22 04:10:01
6-1,0.5,Charge,CC,77.5,4.0348,1.1402242,1.4728092,2026-09-22 04:10:31
6-1,0.5,Charge,CC,78.0,4.0366,1.1402279,1.4823111,2026-09-22 04:11:01
6-1,0.5,Charge,CC,78.5,4.0383,1.1402395,1.4918133,2026-09-22 04:11:31
6-1,0.5,Charge,CC,79.0,4.0401,1.1402261,1.5013152,2026-09-22 04:12:01
6-1,0.5,Charge,CC,79.5,4.0418,1.1402366,1.5108172,2026-09-22 04:12:31
6-1,0.5,Charge,CC,80.0,4.0438,1.1402407,1.5203191,2026-09-22 04:13:01
6-1,0.5,Charge,CC,80.5,4.0455,1.1402355,1.5298211,2026-09-22 04:13:31
6-1,0.5,Charge,CC,81.0,4.0474,1.1402293,1.539323,2026-09-22 04:14:01
6-1,0.5,Charge,CC,81.5,4.0493,1.1402338,1.548825,2026-09-22 04:14:31
6-1,0.5,Charge,CC,82.0,4.0513,1.1402395,1.558327,2026-09-22 04:15:01
6-1,0.5,Charge,CC,82.5,4.0531,1.1402334,1.567829,2026-09-22 04:15:31
6-1,0.5,Charge,CC,83.0,4.0552,1.1402334,1.5773309,2026-09-22 04:16:01
6-1,0.5,Charge,CC,83.5,4.0571,1.140241,1.586833,2026-09-22 04:16:31
6-1,0.5,Charge,CC,84.0,4.0592,1.140233,1.5963349,2026-09-22 04:17:01
6-1,0.5,Charge,CC,84.5,4.0613,1.1402384,1.6058369,2026-09-22 04:17:31
6-1,0.5,Charge,CC,85.0,4.0634,1.1402471,1.6153389,2026-09-22 04:18:01
6-1,0.5,Charge,CC,85.5,4.0656,1.1402341,1.6248409,2026-09-22 04:18:31
6-1,0.5,Charge,CC,86.0,4.0678,1.1402323,1.6343428,2026-09-22 04:19:01
6-1,0.5,Charge,CC,86.5,4.0701,1.140238,1.6438448,2026-09-22 04:19:31
6-1,0.5,Charge,CC,87.0,4.0723,1.1402428,1.6533468,2026-09-22 04:20:01
6-1,0.5,Charge,CC,87.5,4.0748,1.1402341,1.6628487,2026-09-22 04:20:31
6-1,0.5,Charge,CC,88.0,4.0772,1.1402359,1.6723507,2026-09-22 04:21:01
6-1,0.5,Charge,CC,88.5,4.0797,1.1402403,1.6818527,2026-09-22 04:21:31
6-1,0.5,Charge,CC,89.0,4.0823,1.1402388,1.6913546,2026-09-22 04:22:01
6-1,0.5,Charge,CC,89.5,4.085,1.1402373,1.7008566,2026-09-22 04:22:31
6-1,0.5,Charge,CC,90.0,4.0877,1.1402428,1.7103586,2026-09-22 04:23:01
6-1,0.5,Charge,CC,90.5,4.0905,1.1402407,1.7198607,2026-09-22 04:23:31
6-1,0.5,Charge,CC,91.0,4.0932,1.1402323,1.7293626,2026-09-22 04:24:01
6-1,0.5,Charge,CC,91.5,4.0962,1.1402464,1.7388647,2026-09-22 04:24:31
6-1,0.5,Charge,CC,92.0,4.0991,1.14024,1.7483666,2026-09-22 04:25:01
6-1,0.5,Charge,CC,92.5,4.1021,1.140229,1.7578685,2026-09-22 04:25:31
6-1,0.5,Charge,CC,93.0,4.1052,1.140233,1.7673704,2026-09-22 04:26:01
6-1,0.5,Charge,CC,93.5,4.1082,1.1402352,1.7768725,2026-09-22 04:26:31
6-1,0.5,Charge,CC,94.0,4.1113,1.1402345,1.7863745,2026-09-22 04:27:01
6-1,0.5,Charge,CC,94.5,4.1145,1.1402308,1.7958764,2026-09-22 04:27:31
6-1,0.5,Charge,CC,95.0,4.1178,1.1402283,1.8053784,2026-09-22 04:28:01
6-1,0.5,Charge,CC,95.5,4.121,1.1402318,1.8148804,2026-09-22 04:28:31
6-1,0.5,Charge,CC,96.0,4.1242,1.1402414,1.8243824,2026-09-22 04:29:01
6-1,0.5,Charge,CC,96.5,4.1277,1.1402417,1.8338844,2026-09-22 04:29:31
6-1,0.5,Charge,CC,97.0,4.1309,1.140245,1.8433864,2026-09-22 04:30:01
6-1,0.5,Charge,CC,97.5,4.1344,1.1402345,1.8528884,2026-09-22 04:30:31
6-1,0.5,Charge,CC,98.0,4.1377,1.1402279,1.8623903,2026-09-22 04:31:01
6-1,0.5,Charge,CC,98.5,4.1413,1.1402247,1.8718922,2026-09-22 04:31:31
6-1,0.5,Charge,CC,99.0,4.1447,1.1402327,1.8813941,2026-09-22 04:32:01
6-1,0.5,Charge,CC,99.5,4.1484,1.1402242,1.8908961,2026-09-22 04:32:31
6-1,0.5,Charge,CC,100.0,4.1519,1.1402355,1.900398,2026-09-22 04:33:01
6-1,0.5,Charge,CC,100.5,4.1554,1.140238,1.9099,2026-09-22 04:33:31
6-1,0.5,Charge,CC,101.0,4.159,1.1402522,1.9194019,2026-09-22 04:34:01
6-1,0.5,Charge,CC,101.5,4.1626,1.1402217,1.9289037,2026-09-22 04:34:31
6-1,0.5,Charge,CC,102.0,4.1663,1.1402318,1.9384057,2026-09-22 04:35:01
6-1,0.5,Charge,CC,102.5,4.1698,1.1402345,1.9479077,2026-09-22 04:35:31
6-1,0.5,Charge,CC,103.0,4.1734,1.1402403,1.9574097,2026-09-22 04:36:01
6-1,0.5,Charge,CC,103.5,4.177,1.1402363,1.9669117,2026-09-22 04:36:31
6-1,0.5,Charge,CC,104.0,4.1806,1.1402293,1.9764136,2026-09-22 04:37:01
6-1,0.5,Charge,CC,104.5,4.1841,1.1402297,1.9859155,2026-09-22 04:37:31
6-1,0.5,Charge,CC,105.0,4.1876,1.1402178,1.9954173,2026-09-22 04:38:01
6-1,0.5,Charge,CC,105.5,4.1913,1.1402471,2.0049195,2026-09-22 04:38:31
6-1,0.5,Charge,CC,106.0,4.195,1.140238,2.0144215,2026-09-22 04:39:01
6-1,0.5,Charge,CC,106.5,4.1987,1.140237,2.0239235,2026-09-22 04:39:31
6-1,0.5,Charge,CC,106.68333333333334,4.2,1.1402395,2.027154,2026-09-22 04:39:41
6-1,1.0,Discharge,CC,0.0,4.0965,-2.2786636,0.0,2026-09-22 07:03:20
6-1,1.0,Discharge,CC,0.5,4.0255,-2.2800839,0.0190004,2026-09-22 07:03:50
6-1,1.0,Discharge,CC,1.0,3.9989,-2.2800922,0.0380011,2026-09-22 07:04:20
6-1,1.0,Discharge,CC,1.5,3.9799,-2.2800987,0.057002,2026-09-22 07:04:50
6-1,1.0,Discharge,CC,2.0,3.9646,-2.2800784,0.0760026,2026-09-22 07:05:20
6-1,1.0,Discharge,CC,2.5,3.9514,-2.2800703,0.0950032,2026-09-22 07:05:50
6-1,1.0,Discharge,CC,3.0,3.9396,-2.2800722,0.1140038,2026-09-22 07:06:20
6-1,1.0,Discharge,CC,3.5,3.9288,-2.2800968,0.1330048,2026-09-22 07:06:50
6-1,1.0,Discharge,CC,4.0,3.9186,-2.2800903,0.1520055,2026-09-22 07:07:20
6-1,1.0,Discharge,CC,4.5,3.9088,-2.2800918,0.1710063,2026-09-22 07:07:50
6-1,1.0,Discharge,CC,5.0,3.8991,-2.2800939,0.1900069,2026-09-22 07:08:20
6-1,1.0,Discharge,CC,5.5,3.8897,-2.2800882,0.2090076,2026-09-22 07:08:50
6-1,1.0,Discharge,CC,6.0,3.8804,-2.2800946,0.2280084,2026-09-22 07:09:20
6-1,1.0,Discharge,CC,6.5,3.8714,-2.2800806,0.247009,2026-09-22 07:09:50
6-1,1.0,Discharge,CC,7.0,3.8628,-2.2800679,0.2660096,2026-09-22 07:10:20
6-1,1.0,Discharge,CC,7.5,3.8543,-2.280087,0.2850103,2026-09-22 07:10:50
6-1,1.0,Discharge,CC,8.0,3.8461,-2.280087,0.3040111,2026-09-22 07:11:20
6-1,1.0,Discharge,CC,8.5,3.8383,-2.2800696,0.3230117,2026-09-22 07:11:50
6-1,1.0,Discharge,CC,9.0,3.8306,-2.2800717,0.3420123,2026-09-22 07:12:20
6-1,1.0,Discharge,CC,9.5,3.8233,-2.2800877,0.361013,2026-09-22 07:12:50
6-1,1.0,Discharge,CC,10.0,3.816,-2.2800751,0.3800137,2026-09-22 07:13:20
6-1,1.0,Discharge,CC,10.5,3.8089,-2.2800689,0.3990142,2026-09-22 07:13:50
6-1,1.0,Discharge,CC,11.0,3.8017,-2.2800646,0.4180149,2026-09-22 07:14:20
6-1,1.0,Discharge,CC,11.5,3.7945,-2.2800992,0.4370157,2026-09-22 07:14:50
6-1,1.0,Discharge,CC,12.0,3.7876,-2.2800815,0.4560164,2026-09-22 07:15:20
6-1,1.0,Discharge,CC,12.5,3.7805,-2.2800751,0.4750168,2026-09-22 07:15:50
6-1,1.0,Discharge,CC,13.0,3.7737,-2.280057,0.4940172,2026-09-22 07:16:20
6-1,1.0,Discharge,CC,13.5,3.7668,-2.2800791,0.5130179,2026-09-22 07:16:50
6-1,1.0,Discharge,CC,14.0,3.7601,-2.2800515,0.5320184,2026-09-22 07:17:20
6-1,1.0,Discharge,CC,14.5,3.7534,-2.2800565,0.5510189,2026-09-22 07:17:50
6-1,1.0,Discharge,CC,15.0,3.7468,-2.2800572,0.5700194,2026-09-22 07:18:20
6-1,1.0,Discharge,CC,15.5,3.7403,-2.2800579,0.5890198,2026-09-22 07:18:50
6-1,1.0,Discharge,CC,16.0,3.7338,-2.2800674,0.6080203,2026-09-22 07:19:20
6-1,1.0,Discharge,CC,16.5,3.7275,-2.2800694,0.6270209,2026-09-22 07:19:50
6-1,1.0,Discharge,CC,17.0,3.7211,-2.2800572,0.6460213,2026-09-22 07:20:20
6-1,1.0,Discharge,CC,17.5,3.7148,-2.2800689,0.6650219,2026-09-22 07:20:50
6-1,1.0,Discharge,CC,18.0,3.7086,-2.2800527,0.6840223,2026-09-22 07:21:20
6-1,1.0,Discharge,CC,18.5,3.7025,-2.2800515,0.7030227,2026-09-22 07:21:50
6-1,1.0,Discharge,CC,19.0,3.6965,-2.2800605,0.7220232,2026-09-22 07:22:20
6-1,1.0,Discharge,CC,19.5,3.6904,-2.2800703,0.7410238,2026-09-22 07:22:50
6-1,1.0,Discharge,CC,20.0,3.6844,-2.2800481,0.7600242,2026-09-22 07:23:20
6-1,1.0,Discharge,CC,20.5,3.6785,-2.2800648,0.7790247,2026-09-22 07:23:50
6-1,1.0,Discharge,CC,21.0,3.6727,-2.2800479,0.7980251,2026-09-22 07:24:20
6-1,1.0,Discharge,CC,21.5,3.6669,-2.2800674,0.8170257,2026-09-22 07:24:50
6-1,1.0,Discharge,CC,22.0,3.6612,-2.280061,0.8360262,2026-09-22 07:25:20
6-1,1.0,Discharge,CC,22.5,3.6556,-2.2800627,0.8550267,2026-09-22 07:25:50
6-1,1.0,Discharge,CC,23.0,3.6502,-2.2800624,0.8740272,2026-09-22 07:26:20
6-1,1.0,Discharge,CC,23.5,3.6447,-2.2800674,0.8930278,2026-09-22 07:26:50
6-1,1.0,Discharge,CC,24.0,3.6394,-2.2800584,0.9120282,2026-09-22 07:27:20
6-1,1.0,Discharge,CC,24.5,3.6341,-2.2800627,0.9310288,2026-09-22 07:27:50
6-1,1.0,Discharge,CC,25.0,3.6291,-2.2800548,0.9500292,2026-09-22 07:28:20
6-1,1.0,Discharge,CC,25.5,3.6239,-2.280061,0.9690297,2026-09-22 07:28:50
6-1,1.0,Discharge,CC,26.0,3.6189,-2.2800527,0.9880304,2026-09-22 07:29:20
6-1,1.0,Discharge,CC,26.5,3.6141,-2.2800548,1.0070308,2026-09-22 07:29:50
6-1,1.0,Discharge,CC,27.0,3.6093,-2.280051,1.0260313,2026-09-22 07:30:20
6-1,1.0,Discharge,CC,27.5,3.6046,-2.2800426,1.0450318,2026-09-22 07:30:50
6-1,1.0,Discharge,CC,28.0,3.5999,-2.2800572,1.0640323,2026-09-22 07:31:20
6-1,1.0,Discharge,CC,28.5,3.5953,-2.2800417,1.0830326,2026-09-22 07:31:50
6-1,1.0,Discharge,CC,29.0,3.5908,-2.2800558,1.1020331,2026-09-22 07:32:20
6-1,1.0,Discharge,CC,29.5,3.5863,-2.280046,1.1210335,2026-09-22 07:32:50
6-1,1.0,Discharge,CC,30.0,3.5818,-2.2800486,1.1400339,2026-09-22 07:33:20
6-1,1.0,Discharge,CC,30.5,3.5775,-2.2800508,1.1590343,2026-09-22 07:33:50
6-1,1.0,Discharge,CC,31.0,3.5732,-2.280061,1.1780348,2026-09-22 07:34:20
6-1,1.0,Discharge,CC,31.5,3.5689,-2.2800653,1.1970353,2026-09-22 07:34:50
6-1,1.0,Discharge,CC,32.0,3.5647,-2.2800586,1.2160358,2026-09-22 07:35:20
6-1,1.0,Discharge,CC,32.5,3.5604,-2.2800527,1.2350363,2026-09-22 07:35:50
6-1,1.0,Discharge,CC,33.0,3.5562,-2.2800515,1.2540367,2026-09-22 07:36:20
6-1,1.0,Discharge,CC,33.5,3.5519,-2.2800717,1.2730372,2026-09-22 07:36:50
6-1,1.0,Discharge,CC,34.0,3.5477,-2.2800598,1.2920377,2026-09-22 07:37:20
6-1,1.0,Discharge,CC,34.5,3.5434,-2.2800744,1.3110383,2026-09-22 07:37:50
6-1,1.0,Discharge,CC,35.0,3.5393,-2.2800663,1.3300388,2026-09-22 07:38:20
6-1,1.0,Discharge,CC,35.5,3.5349,-2.28005,1.3490392,2026-09-22 07:38:50
6-1,1.0,Discharge,CC,36.0,3.5305,-2.280051,1.3680396,2026-09-22 07:39:20
6-1,1.0,Discharge,CC,36.5,3.5261,-2.2800496,1.3870403,2026-09-22 07:39:50
6-1,1.0,Discharge,CC,37.0,3.5217,-2.2800736,1.4060409,2026-09-22 07:40:20
6-1,1.0,Discharge,CC,37.5,3.5171,-2.2800667,1.4250414,2026-09-22 07:40:50
6-1,1.0,Discharge,CC,38.0,3.5125,-2.2800467,1.4440417,2026-09-22 07:41:20
6-1,1.0,Discharge,CC,38.5,3.5078,-2.2800543,1.4630422,2026-09-22 07:41:50
6-1,1.0,Discharge,CC,39.0,3.5032,-2.2800548,1.4820426,2026-09-22 07:42:20
6-1,1.0,Discharge,CC,39.5,3.4983,-2.2800586,1.5010431,2026-09-22 07:42:50
6-1,1.0,Discharge,CC,40.0,3.4935,-2.2800536,1.5200435,2026-09-22 07:43:20
6-1,1.0,Discharge,CC,40.5,3.4886,-2.2800543,1.539044,2026-09-22 07:43:50
6-1,1.0,Discharge,CC,41.0,3.4837,-2.2800572,1.5580446,2026-09-22 07:44:20
6-1,1.0,Discharge,CC,41.5,3.4787,-2.2800548,1.577045,2026-09-22 07:44:50
6-1,1.0,Discharge,CC,42.0,3.4736,-2.2800679,1.5960456,2026-09-22 07:45:20
6-1,1.0,Discharge,CC,42.5,3.4685,-2.2800558,1.615046,2026-09-22 07:45:50
6-1,1.0,Discharge,CC,43.0,3.4632,-2.280057,1.6340465,2026-09-22 07:46:20
6-1,1.0,Discharge,CC,43.5,3.458,-2.280055,1.653047,2026-09-22 07:46:50
6-1,1.0,Discharge,CC,44.0,3.4525,-2.2800529,1.6720476,2026-09-22 07:47:20
6-1,1.0,Discharge,CC,44.5,3.4471,-2.2800555,1.6910481,2026-09-22 07:47:50
6-1,1.0,Discharge,CC,45.0,3.4416,-2.280066,1.7100486,2026-09-22 07:48:20
6-1,1.0,Discharge,CC,45.5,3.436,-2.2800648,1.7290491,2026-09-22 07:48:50
6-1,1.0,Discharge,CC,46.0,3.4301,-2.2800579,1.7480496,2026-09-22 07:49:20
6-1,1.0,Discharge,CC,46.5,3.4242,-2.2800708,1.7670502,2026-09-22 07:49:50
6-1,1.0,Discharge,CC,47.0,3.4182,-2.280067,1.7860507,2026-09-22 07:50:20
6-1,1.0,Discharge,CC,47.5,3.4118,-2.2800534,1.8050511,2026-09-22 07:50:50
6-1,1.0,Discharge,CC,48.0,3.4055,-2.2800679,1.8240517,2026-09-22 07:51:20
6-1,1.0,Discharge,CC,48.5,3.3988,-2.2800541,1.8430521,2026-09-22 07:51:50
6-1,1.0,Discharge,CC,49.0,3.3919,-2.2800701,1.8620527,2026-09-22 07:52:20
6-1,1.0,Discharge,CC,49.5,3.3845,-2.2800612,1.8810532,2026-09-22 07:52:50
6-1,1.0,Discharge,CC,50.0,3.377,-2.2800558,1.9000536,2026-09-22 07:53:20
6-1,1.0,Discharge,CC,50.5,3.3689,-2.2800624,1.9190541,2026-09-22 07:53:50
6-1,1.0,Discharge,CC,51.0,3.3602,-2.2800634,1.9380547,2026-09-22 07:54:20
6-1,1.0,Discharge,CC,51.5,3.3509,-2.2800655,1.9570552,2026-09-22 07:54:50
6-1,1.0,Discharge,CC,52.0,3.341,-2.2800534,1.9760557,2026-09-22 07:55:20
6-1,1.0,Discharge,CC,52.5,3.3301,-2.2800605,1.9950562,2026-09-22 07:55:50
6-1,1.0,Discharge,CC,53.0,3.3182,-2.2800598,2.0140567,2026-09-22 07:56:20
6-1,1.0,Discharge,CC,53.5,3.3051,-2.280062,2.0330572,2026-09-22 07:56:50
6-1,1.0,Discharge,CC,54.0,3.2905,-2.2800689,2.0520578,2026-09-22 07:57:20
6-1,1.0,Discharge,CC,54.5,3.2743,-2.2800603,2.0710583,2026-09-22 07:57:50
6-1,1.0,Discharge,CC,55.0,3.256,-2.2800558,2.0900587,2026-09-22 07:58:20
6-1,1.0,Discharge,CC,55.5,3.2349,-2.2800467,2.1090591,2026-09-22 07:58:50
6-1,1.0,Discharge,CC,56.0,3.21,-2.2800424,2.1280596,2026-09-22 07:59:20
6-1,1.0,Discharge,CC,56.5,3.1792,-2.280051,2.1470601,2026-09-22 07:59:50
6-1,1.0,Discharge,CC,57.0,3.1394,-2.2800686,2.1660606,2026-09-22 08:00:20
6-1,1.0,Discharge,CC,57.5,3.0868,-2.2800722,2.185061,2026-09-22 08:00:50
6-1,1.0,Discharge,CC,58.0,3.0167,-2.2800832,2.2040617,2026-09-22 08:01:20
6-1,1.0,Discharge,CC,58.1,2.9999,-2.2800736,2.2078617,2026-09-22 08:01:26
6-1,1.0,Charge,CC,0.0,3.5947,2.2795327,0.0,2026-09-22 10:01:25
6-1,1.0,Charge,CC,0.5,3.7419,2.2800922,0.0190006,2026-09-22 10:01:55
6-1,1.0,Charge,CC,1.0,3.8157,2.2800958,0.0380014,2026-09-22 10:02:25
6-1,1.0,Charge,CC,1.5,3.8649,2.2801096,0.0570023,2026-09-22 10:02:55
6-1,1.0,Charge,CC,2.0,3.8916,2.2801051,0.076003,2026-09-22 10:03:25
6-1,1.0,Charge,CC,2.5,3.9052,2.2800877,0.0950037,2026-09-22 10:03:55
6-1,1.0,Charge,CC,3.0,3.9139,2.2800992,0.1140045,2026-09-22 10:04:25
6-1,1.0,Charge,CC,3.5,3.9207,2.2801244,0.1330055,2026-09-22 10:04:55
6-1,1.0,Charge,CC,4.0,3.9268,2.2801099,0.1520064,2026-09-22 10:05:25
6-1,1.0,Charge,CC,4.5,3.9324,2.2801104,0.1710073,2026-09-22 10:05:55
6-1,1.0,Charge,CC,5.0,3.938,2.2801168,0.1900084,2026-09-22 10:06:25
6-1,1.0,Charge,CC,5.5,3.9433,2.2801023,0.2090092,2026-09-22 10:06:55
6-1,1.0,Charge,CC,6.0,3.9484,2.2801085,0.2280101,2026-09-22 10:07:25
6-1,1.0,Charge,CC,6.5,3.9533,2.2801216,0.2470112,2026-09-22 10:07:55
6-1,1.0,Charge,CC,7.0,3.958,2.2801137,0.2660121,2026-09-22 10:08:25
6-1,1.0,Charge,CC,7.5,3.9623,2.2801266,0.2850132,2026-09-22 10:08:55
6-1,1.0,Charge,CC,8.0,3.9662,2.280118,0.3040141,2026-09-22 10:09:25
6-1,1.0,Charge,CC,8.5,3.9696,2.2801299,0.3230152,2026-09-22 10:09:55
6-1,1.0,Charge,CC,9.0,3.9729,2.2801347,0.3420163,2026-09-22 10:10:25
6-1,1.0,Charge,CC,9.5,3.9758,2.2801397,0.3610174,2026-09-22 10:10:55
6-1,1.0,Charge,CC,10.0,3.9785,2.2801354,0.3800185,2026-09-22 10:11:25
6-1,1.0,Charge,CC,10.5,3.9813,2.2801304,0.3990196,2026-09-22 10:11:55
6-1,1.0,Charge,CC,11.0,3.984,2.2801328,0.4180207,2026-09-22 10:12:25
6-1,1.0,Charge,CC,11.5,3.9868,2.2801299,0.4370218,2026-09-22 10:12:55
6-1,1.0,Charge,CC,12.0,3.9895,2.2801452,0.456023,2026-09-22 10:13:25
6-1,1.0,Charge,CC,12.5,3.9923,2.2801266,0.4750241,2026-09-22 10:13:55
6-1,1.0,Charge,CC,13.0,3.995,2.2801418,0.4940253,2026-09-22 10:14:25
6-1,1.0,Charge,CC,13.5,3.9977,2.2801411,0.5130265,2026-09-22 10:14:55
6-1,1.0,Charge,CC,14.0,4.0003,2.2801471,0.5320276,2026-09-22 10:15:25
6-1,1.0,Charge,CC,14.5,4.003,2.2801487,0.5510288,2026-09-22 10:15:55
6-1,1.0,Charge,CC,15.0,4.0053,2.2801292,0.5700299,2026-09-22 10:16:25
6-1,1.0,Charge,CC,15.5,4.0077,2.2801375,0.5890312,2026-09-22 10:16:55
6-1,1.0,Charge,CC,16.0,4.01,2.2801354,0.6080323,2026-09-22 10:17:25
6-1,1.0,Charge,CC,16.5,4.0124,2.2801459,0.6270336,2026-09-22 10:17:55
6-1,1.0,Charge,CC,17.0,4.0146,2.2801383,0.6460347,2026-09-22 10:18:25
6-1,1.0,Charge,CC,17.5,4.0169,2.2801445,0.6650359,2026-09-22 10:18:55
6-1,1.0,Charge,CC,18.0,4.0191,2.2801554,0.6840372,2026-09-22 10:19:25
6-1,1.0,Charge,CC,18.5,4.0213,2.2801328,0.7030383,2026-09-22 10:19:55
6-1,1.0,Charge,CC,19.0,4.0235,2.2801313,0.7220394,2026-09-22 10:20:25
6-1,1.0,Charge,CC,19.5,4.0257,2.280138,0.7410406,2026-09-22 10:20:55
6-1,1.0,Charge,CC,20.0,4.028,2.2801442,0.7600419,2026-09-22 10:21:25
6-1,1.0,Charge,CC,20.5,4.0302,2.2801499,0.7790431,2026-09-22 10:21:55
6-1,1.0,Charge,CC,21.0,4.0324,2.2801416,0.7980443,2026-09-22 10:22:25
6-1,1.0,Charge,CC,21.5,4.0346,2.2801397,0.8170456,2026-09-22 10:22:55
6-1,1.0,Charge,CC,22.0,4.0369,2.2801459,0.8360468,2026-09-22 10:23:25
6-1,1.0,Charge,CC,22.5,4.0391,2.2801478,0.8550481,2026-09-22 10:23:55
6-1,1.0,Charge,CC,23.0,4.0415,2.2801473,0.8740493,2026-09-22 10:24:25
6-1,1.0,Charge,CC,23.5,4.0438,2.2801533,0.8930506,2026-09-22 10:24:55
6-1,1.0,Charge,CC,24.0,4.0462,2.2801557,0.9120519,2026-09-22 10:25:25
6-1,1.0,Charge,CC,24.5,4.0484,2.2801418,0.931053,2026-09-22 10:25:55
6-1,1.0,Charge,CC,25.0,4.0508,2.2801561,0.9500543,2026-09-22 10:26:25
6-1,1.0,Charge,CC,25.5,4.0532,2.2801509,0.9690556,2026-09-22 10:26:55
6-1,1.0,Charge,CC,26.0,4.0557,2.2801533,0.9880567,2026-09-22 10:27:25
6-1,1.0,Charge,CC,26.5,4.0581,2.2801397,1.0070579,2026-09-22 10:27:55
6-1,1.0,Charge,CC,27.0,4.0606,2.2801673,1.0260593,2026-09-22 10:28:25
6-1,1.0,Charge,CC,27.5,4.0631,2.2801554,1.0450605,2026-09-22 10:28:55
6-1,1.0,Charge,CC,28.0,4.0657,2.2801535,1.0640618,2026-09-22 10:29:25
6-1,1.0,Charge,CC,28.5,4.0683,2.2801576,1.0830631,2026-09-22 10:29:55
6-1,1.0,Charge,CC,29.0,4.071,2.2801557,1.1020645,2026-09-22 10:30:25
6-1,1.0,Charge,CC,29.5,4.0736,2.2801514,1.1210658,2026-09-22 10:30:55
6-1,1.0,Charge,CC,30.0,4.0763,2.2801535,1.140067,2026-09-22 10:31:25
6-1,1.0,Charge,CC,30.5,4.0789,2.2801514,1.1590683,2026-09-22 10:31:55
6-1,1.0,Charge,CC,31.0,4.0817,2.2801464,1.1780696,2026-09-22 10:32:25
6-1,1.0,Charge,CC,31.5,4.0845,2.2801678,1.197071,2026-09-22 10:32:55
6-1,1.0,Charge,CC,32.0,4.0873,2.2801487,1.2160721,2026-09-22 10:33:25
6-1,1.0,Charge,CC,32.5,4.0902,2.2801549,1.2350734,2026-09-22 10:33:55
6-1,1.0,Charge,CC,33.0,4.0933,2.2801585,1.2540747,2026-09-22 10:34:25
6-1,1.0,Charge,CC,33.5,4.0962,2.2801542,1.2730761,2026-09-22 10:34:55
6-1,1.0,Charge,CC,34.0,4.0994,2.2801557,1.2920774,2026-09-22 10:35:25
6-1,1.0,Charge,CC,34.5,4.1024,2.280148,1.3110786,2026-09-22 10:35:55
6-1,1.0,Charge,CC,35.0,4.1056,2.2801616,1.3300799,2026-09-22 10:36:25
6-1,1.0,Charge,CC,35.5,4.1089,2.2801654,1.3490813,2026-09-22 10:36:55
6-1,1.0,Charge,CC,36.0,4.1123,2.2801604,1.3680826,2026-09-22 10:37:25
6-1,1.0,Charge,CC,36.5,4.1156,2.2801509,1.3870839,2026-09-22 10:37:55
6-1,1.0,Charge,CC,37.0,4.1191,2.2801616,1.4060852,2026-09-22 10:38:25
6-1,1.0,Charge,CC,37.5,4.1227,2.2801526,1.4250865,2026-09-22 10:38:55
6-1,1.0,Charge,CC,38.0,4.1263,2.2801433,1.4440877,2026-09-22 10:39:25
6-1,1.0,Charge,CC,38.5,4.1301,2.2801509,1.463089,2026-09-22 10:39:55
6-1,1.0,Charge,CC,39.0,4.1338,2.280154,1.4820903,2026-09-22 10:40:25
6-1,1.0,Charge,CC,39.5,4.1378,2.2801645,1.5010916,2026-09-22 10:40:55
6-1,1.0,Charge,CC,40.0,4.1419,2.2801633,1.520093,2026-09-22 10:41:25
6-1,1.0,Charge,CC,40.5,4.146,2.2801554,1.5390943,2026-09-22 10:41:55
6-1,1.0,Charge,CC,41.0,4.1503,2.2801652,1.5580957,2026-09-22 10:42:25
6-1,1.0,Charge,CC,41.5,4.1548,2.2801666,1.5770971,2026-09-22 10:42:55
6-1,1.0,Charge,CC,42.0,4.1593,2.2801526,1.5960984,2026-09-22 10:43:25
6-1,1.0,Charge,CC,42.5,4.164,2.2801611,1.6150998,2026-09-22 10:43:55
6-1,1.0,Charge,CC,43.0,4.1689,2.2801571,1.6341011,2026-09-22 10:44:25
6-1,1.0,Charge,CC,43.5,4.1739,2.2801514,1.6531024,2026-09-22 10:44:55
6-1,1.0,Charge,CC,44.0,4.1791,2.2801595,1.6721038,2026-09-22 10:45:25
6-1,1.0,Charge,CC,44.5,4.1846,2.2801714,1.6911052,2026-09-22 10:45:55
6-1,1.0,Charge,CC,45.0,4.1902,2.2801638,1.7101066,2026-09-22 10:46:25
6-1,1.0,Charge,CC,45.5,4.1959,2.2801616,1.729108,2026-09-22 10:46:55
6-1,1.0,Charge,CC,45.85,4.2,2.2801807,1.742599,2026-09-22 10:47:17
6-1,2.0,Discharge,CC,0.0,4.0284,-4.5575967,0.0,2026-09-22 13:19:58
6-1,2.0,Discharge,CC,0.5,3.8917,-4.5605536,0.0380038,2026-09-22 13:20:28
6-1,2.0,Discharge,CC,1.0,3.842,-4.5605721,0.0760086,2026-09-22 13:20:58
6-1,2.0,Discharge,CC,1.5,3.8077,-4.5605564,0.1140132,2026-09-22 13:21:28
6-1,2.0,Discharge,CC,2.0,3.7811,-4.5605569,0.1520177,2026-09-22 13:21:58
6-1,2.0,Discharge,CC,2.5,3.7591,-4.5605717,0.1900225,2026-09-22 13:22:28
6-1,2.0,Discharge,CC,3.0,3.7397,-4.5605936,0.2280275,2026-09-22 13:22:58
6-1,2.0,Discharge,CC,3.5,3.7223,-4.5605998,0.2660323,2026-09-22 13:23:28
6-1,2.0,Discharge,CC,4.0,3.7062,-4.560605,0.3040373,2026-09-22 13:23:58
6-1,2.0,Discharge,CC,4.5,3.6908,-4.5606189,0.3420425,2026-09-22 13:24:28
6-1,2.0,Discharge,CC,5.0,3.6761,-4.5606208,0.3800475,2026-09-22 13:24:58
6-1,2.0,Discharge,CC,5.5,3.6617,-4.5606165,0.4180526,2026-09-22 13:25:28
6-1,2.0,Discharge,CC,6.0,3.6476,-4.5606303,0.4560579,2026-09-22 13:25:58
6-1,2.0,Discharge,CC,6.5,3.634,-4.5606174,0.4940627,2026-09-22 13:26:28
6-1,2.0,Discharge,CC,7.0,3.6206,-4.5605965,0.5320676,2026-09-22 13:26:58
6-1,2.0,Discharge,CC,7.5,3.6075,-4.5606217,0.5700728,2026-09-22 13:27:28
6-1,2.0,Discharge,CC,8.0,3.5949,-4.5606079,0.6080779,2026-09-22 13:27:58
6-1,2.0,Discharge,CC,8.5,3.5826,-4.5606146,0.6460831,2026-09-22 13:28:28
6-1,2.0,Discharge,CC,9.0,3.5706,-4.5605917,0.684088,2026-09-22 13:28:58
6-1,2.0,Discharge,CC,9.5,3.5589,-4.5606151,0.7220933,2026-09-22 13:29:28
6-1,2.0,Discharge,CC,10.0,3.5475,-4.5605927,0.7600982,2026-09-22 13:29:58
6-1,2.0,Discharge,CC,10.5,3.5366,-4.5605955,0.7981032,2026-09-22 13:30:28
6-1,2.0,Discharge,CC,11.0,3.5258,-4.5606232,0.8361083,2026-09-22 13:30:58
6-1,2.0,Discharge,CC,11.5,3.5154,-4.5606089,0.8741133,2026-09-22 13:31:28
6-1,2.0,Discharge,CC,12.0,3.5049,-4.5606132,0.9121185,2026-09-22 13:31:58
6-1,2.0,Discharge,CC,12.5,3.4948,-4.5606151,0.9501238,2026-09-22 13:32:28
6-1,2.0,Discharge,CC,13.0,3.4846,-4.5606513,0.9881293,2026-09-22 13:32:58
6-1,2.0,Discharge,CC,13.5,3.4747,-4.5606055,1.0261343,2026-09-22 13:33:28
6-1,2.0,Discharge,CC,14.0,3.4647,-4.5606041,1.0641394,2026-09-22 13:33:58
6-1,2.0,Discharge,CC,14.5,3.4547,-4.5606284,1.1021446,2026-09-22 13:34:28
6-1,2.0,Discharge,CC,15.0,3.4448,-4.5606284,1.1401498,2026-09-22 13:34:58
6-1,2.0,Discharge,CC,15.5,3.4347,-4.5606036,1.1781547,2026-09-22 13:35:28
6-1,2.0,Discharge,CC,16.0,3.4246,-4.5606122,1.2161598,2026-09-22 13:35:58
6-1,2.0,Discharge,CC,16.5,3.4145,-4.5606027,1.2541648,2026-09-22 13:36:28
6-1,2.0,Discharge,CC,17.0,3.4043,-4.5606022,1.2921699,2026-09-22 13:36:58
6-1,2.0,Discharge,CC,17.5,3.3939,-4.5606327,1.3301752,2026-09-22 13:37:28
6-1,2.0,Discharge,CC,18.0,3.3834,-4.5606194,1.3681804,2026-09-22 13:37:58
6-1,2.0,Discharge,CC,18.5,3.3727,-4.5605941,1.406185,2026-09-22 13:38:28
6-1,2.0,Discharge,CC,19.0,3.3616,-4.5606179,1.4441902,2026-09-22 13:38:58
6-1,2.0,Discharge,CC,19.5,3.3504,-4.5606275,1.4821954,2026-09-22 13:39:28
6-1,2.0,Discharge,CC,20.0,3.3387,-4.5605969,1.5202006,2026-09-22 13:39:58
6-1,2.0,Discharge,CC,20.5,3.3267,-4.5606055,1.5582057,2026-09-22 13:40:28
6-1,2.0,Discharge,CC,21.0,3.3144,-4.5606246,1.5962109,2026-09-22 13:40:58
6-1,2.0,Discharge,CC,21.5,3.3015,-4.5606146,1.634216,2026-09-22 13:41:28
6-1,2.0,Discharge,CC,22.0,3.2884,-4.5606232,1.6722211,2026-09-22 13:41:58
6-1,2.0,Discharge,CC,22.5,3.2746,-4.5606427,1.7102265,2026-09-22 13:42:28
6-1,2.0,Discharge,CC,23.0,3.2604,-4.5606341,1.7482315,2026-09-22 13:42:58
6-1,2.0,Discharge,CC,23.5,3.2455,-4.5606089,1.7862366,2026-09-22 13:43:28
6-1,2.0,Discharge,CC,24.0,3.2299,-4.5606189,1.8242418,2026-09-22 13:43:58
6-1,2.0,Discharge,CC,24.5,3.2133,-4.5606341,1.8622471,2026-09-22 13:44:28
6-1,2.0,Discharge,CC,25.0,3.1952,-4.5606346,1.9002524,2026-09-22 13:44:58
6-1,2.0,Discharge,CC,25.5,3.1758,-4.5606341,1.9382577,2026-09-22 13:45:28
6-1,2.0,Discharge,CC,26.0,3.1536,-4.5606303,1.9762633,2026-09-22 13:45:58
6-1,2.0,Discharge,CC,26.5,3.1279,-4.5606508,2.0142687,2026-09-22 13:46:28
6-1,2.0,Discharge,CC,27.0,3.0974,-4.5606399,2.052274,2026-09-22 13:46:58
6-1,2.0,Discharge,CC,27.5,3.0592,-4.5606146,2.0902791,2026-09-22 13:47:28
6-1,2.0,Discharge,CC,28.0,3.0097,-4.5606289,2.1282843,2026-09-22 13:47:58
6-1,2.0,Discharge,CC,28.083333333333332,3.0,-4.5606151,2.1344919,2026-09-22 13:48:03
6-1,2.0,Charge,CC,0.0,3.8208,4.5574074,0.0,2026-09-22 15:48:03
6-1,2.0,Charge,CC,0.5,3.991,4.560307,0.0380018,2026-09-22 15:48:33
6-1,2.0,Charge,CC,1.0,4.0365,4.5603166,0.0760045,2026-09-22 15:49:03
6-1,2.0,Charge,CC,1.5,4.062,4.5603251,0.1140072,2026-09-22 15:49:33
6-1,2.0,Charge,CC,2.0,4.0786,4.5603294,0.1520099,2026-09-22 15:50:03
6-1,2.0,Charge,CC,2.5,4.0895,4.5603418,0.1900127,2026-09-22 15:50:33
6-1,2.0,Charge,CC,3.0,4.0973,4.5603375,0.2280155,2026-09-22 15:51:03
6-1,2.0,Charge,CC,3.5,4.1033,4.5603461,0.2660185,2026-09-22 15:51:33
6-1,2.0,Charge,CC,4.0,4.1084,4.5603848,0.3040217,2026-09-22 15:52:03
6-1,2.0,Charge,CC,4.5,4.1133,4.5603848,0.3420249,2026-09-22 15:52:33
6-1,2.0,Charge,CC,5.0,4.118,4.5603662,0.3800278,2026-09-22 15:53:03
6-1,2.0,Charge,CC,5.5,4.1229,4.5603886,0.418031,2026-09-22 15:53:33
6-1,2.0,Charge,CC,6.0,4.1277,4.5604057,0.4560344,2026-09-22 15:54:03
6-1,2.0,Charge,CC,6.5,4.1328,4.5603724,0.4940374,2026-09-22 15:54:33
6-1,2.0,Charge,CC,7.0,4.138,4.5603929,0.5320407,2026-09-22 15:55:03
6-1,2.0,Charge,CC,7.5,4.1434,4.5604258,0.5700443,2026-09-22 15:55:33
6-1,2.0,Charge,CC,8.0,4.149,4.560421,0.6080474,2026-09-22 15:56:03
6-1,2.0,Charge,CC,8.5,4.1546,4.5603943,0.6460507,2026-09-22 15:56:33
6-1,2.0,Charge,CC,9.0,4.1603,4.56039,0.684054,2026-09-22 15:57:03
6-1,2.0,Charge,CC,9.5,4.166,4.5603843,0.7220573,2026-09-22 15:57:33
6-1,2.0,Charge,CC,10.0,4.1716,4.5604024,0.7600607,2026-09-22 15:58:03
6-1,2.0,Charge,CC,10.5,4.177,4.5603862,0.7980639,2026-09-22 15:58:33
6-1,2.0,Charge,CC,11.0,4.1821,4.5604205,0.8360671,2026-09-22 15:59:03
6-1,2.0,Charge,CC,11.5,4.1868,4.5603986,0.8740705,2026-09-22 15:59:33
6-1,2.0,Charge,CC,12.0,4.1911,4.5604086,0.9120739,2026-09-22 16:00:03
6-1,2.0,Charge,CC,12.5,4.1949,4.5603957,0.9500773,2026-09-22 16:00:33
6-1,2.0,Charge,CC,13.0,4.1984,4.5603862,0.9880805,2026-09-22 16:01:03
6-1,2.0,Charge,CC,13.233333333333333,4.2,4.5604038,1.0064489,2026-09-22 16:01:18
6-2,0.5,Discharge,CC,0.0,4.1309,-1.1393752,0.0,2026-09-21 22:54:53
6-2,0.5,Discharge,CC,0.5,4.0955,-1.1400347,0.0095001,2026-09-21 22:55:23
6-2,0.5,Discharge,CC,1.0,4.0816,-1.1400357,0.0190004,2026-09-21 22:55:53
6-2,0.5,Discharge,CC,1.5,4.0718,-1.1400361,0.0285007,2026-09-21 22:56:23
6-2,0.5,Discharge,CC,2.0,4.0638,-1.140035,0.0380009,2026-09-21 22:56:53
6-2,0.5,Discharge,CC,2.5,4.0569,-1.1400372,0.0475012,2026-09-21 22:57:23
6-2,0.5,Discharge,CC,3.0,4.0508,-1.1400321,0.0570014,2026-09-21 22:57:53
6-2,0.5,Discharge,CC,3.5,4.0451,-1.1400317,0.0665018,2026-09-21 22:58:23
6-2,0.5,Discharge,CC,4.0,4.0396,-1.1400375,0.0760021,2026-09-21 22:58:53
6-2,0.5,Discharge,CC,4.5,4.0343,-1.1400393,0.0855024,2026-09-21 22:59:23
6-2,0.5,Discharge,CC,5.0,4.0293,-1.1400487,0.0950027,2026-09-21 22:59:53
6-2,0.5,Discharge,CC,5.5,4.0244,-1.1400372,0.104503,2026-09-21 23:00:23
6-2,0.5,Discharge,CC,6.0,4.0196,-1.1400361,0.1140033,2026-09-21 23:00:53
6-2,0.5,Discharge,CC,6.5,4.0148,-1.1400416,0.1235037,2026-09-21 23:01:23
6-2,0.5,Discharge,CC,7.0,4.0103,-1.140043,0.1330041,2026-09-21 23:01:53
6-2,0.5,Discharge,CC,7.5,4.0057,-1.1400361,0.1425044,2026-09-21 23:02:23
6-2,0.5,Discharge,CC,8.0,4.0013,-1.1400466,0.1520048,2026-09-21 23:02:53
6-2,0.5,Discharge,CC,8.5,3.9969,-1.1400393,0.1615051,2026-09-21 23:03:23
6-2,0.5,Discharge,CC,9.0,3.9927,-1.140035,0.1710054,2026-09-21 23:03:53
6-2,0.5,Discharge,CC,9.5,3.9883,-1.1400448,0.1805058,2026-09-21 23:04:23
6-2,0.5,Discharge,CC,10.0,3.984,-1.1400423,0.1900061,2026-09-21 23:04:53
6-2,0.5,Discharge,CC,10.5,3.9798,-1.1400576,0.1995066,2026-09-21 23:05:23
6-2,0.5,Discharge,CC,11.0,3.9755,-1.140035,0.2090068,2026-09-21 23:05:53
6-2,0.5,Discharge,CC,11.5,3.9712,-1.1400379,0.2185071,2026-09-21 23:06:23
6-2,0.5,Discharge,CC,12.0,3.9668,-1.1400452,0.2280075,2026-09-21 23:06:53
6-2,0.5,Discharge,CC,12.5,3.9625,-1.1400393,0.2375078,2026-09-21 23:07:23
6-2,0.5,Discharge,CC,13.0,3.958,-1.1400455,0.2470082,2026-09-21 23:07:53
6-2,0.5,Discharge,CC,13.5,3.9535,-1.1400331,0.2565084,2026-09-21 23:08:23
6-2,0.5,Discharge,CC,14.0,3.9493,-1.1400459,0.2660089,2026-09-21 23:08:53
6-2,0.5,Discharge,CC,14.5,3.9449,-1.1400404,0.2755092,2026-09-21 23:09:23
6-2,0.5,Discharge,CC,15.0,3.9407,-1.1400521,0.2850096,2026-09-21 23:09:53
6-2,0.5,Discharge,CC,15.5,3.9366,-1.1400437,0.2945099,2026-09-21 23:10:23
6-2,0.5,Discharge,CC,16.0,3.9324,-1.1400524,0.3040104,2026-09-21 23:10:53
6-2,0.5,Discharge,CC,16.5,3.9283,-1.1400452,0.3135108,2026-09-21 23:11:23
6-2,0.5,Discharge,CC,17.0,3.9244,-1.1400427,0.3230111,2026-09-21 23:11:53
6-2,0.5,Discharge,CC,17.5,3.9205,-1.1400487,0.3325115,2026-09-21 23:12:23
6-2,0.5,Discharge,CC,18.0,3.9164,-1.140039,0.3420118,2026-09-21 23:12:53
6-2,0.5,Discharge,CC,18.5,3.9126,-1.140039,0.3515123,2026-09-21 23:13:23
6-2,0.5,Discharge,CC,19.0,3.9087,-1.140056,0.3610127,2026-09-21 23:13:53
6-2,0.5,Discharge,CC,19.5,3.9051,-1.140048,0.3705131,2026-09-21 23:14:23
6-2,0.5,Discharge,CC,20.0,3.9014,-1.1400419,0.3800135,2026-09-21 23:14:53
6-2,0.5,Discharge,CC,20.5,3.8977,-1.1400368,0.3895138,2026-09-21 23:15:23
6-2,0.5,Discharge,CC,21.0,3.8943,-1.1400393,0.3990141,2026-09-21 23:15:53
6-2,0.5,Discharge,CC,21.5,3.8907,-1.1400487,0.4085146,2026-09-21 23:16:23
6-2,0.5,Discharge,CC,22.0,3.8872,-1.1400368,0.4180149,2026-09-21 23:16:53
6-2,0.5,Discharge,CC,22.5,3.8839,-1.1400365,0.4275152,2026-09-21 23:17:23
6-2,0.5,Discharge,CC,23.0,3.8805,-1.1400459,0.4370157,2026-09-21 23:17:53
6-2,0.5,Discharge,CC,23.5,3.877,-1.1400459,0.4465161,2026-09-21 23:18:23
6-2,0.5,Discharge,CC,24.0,3.8738,-1.1400473,0.4560165,2026-09-21 23:18:53
6-2,0.5,Discharge,CC,24.5,3.8704,-1.1400499,0.4655168,2026-09-21 23:19:23
6-2,0.5,Discharge,CC,25.0,3.8669,-1.1400416,0.4750172,2026-09-21 23:19:53
6-2,0.5,Discharge,CC,25.5,3.8637,-1.1400379,0.4845175,2026-09-21 23:20:23
6-2,0.5,Discharge,CC,26.0,3.8603,-1.1400404,0.4940179,2026-09-21 23:20:53
6-2,0.5,Discharge,CC,26.5,3.8568,-1.1400321,0.5035182,2026-09-21 23:21:23
6-2,0.5,Discharge,CC,27.0,3.8535,-1.1400455,0.5130185,2026-09-21 23:21:53
6-2,0.5,Discharge,CC,27.5,3.8502,-1.1400427,0.5225189,2026-09-21 23:22:23
6-2,0.5,Discharge,CC,28.0,3.8467,-1.14004,0.5320193,2026-09-21 23:22:53
6-2,0.5,Discharge,CC,28.5,3.8435,-1.1400448,0.5415196,2026-09-21 23:23:23
6-2,0.5,Discharge,CC,29.0,3.84,-1.1400466,0.55102,2026-09-21 23:23:53
6-2,0.5,Discharge,CC,29.5,3.8368,-1.1400459,0.5605204,2026-09-21 23:24:23
6-2,0.5,Discharge,CC,30.0,3.8335,-1.1400477,0.5700208,2026-09-21 23:24:53
6-2,0.5,Discharge,CC,30.5,3.8303,-1.1400557,0.5795212,2026-09-21 23:25:23
6-2,0.5,Discharge,CC,31.0,3.8269,-1.1400487,0.5890216,2026-09-21 23:25:53
6-2,0.5,Discharge,CC,31.5,3.8237,-1.1400576,0.5985221,2026-09-21 23:26:23
6-2,0.5,Discharge,CC,32.0,3.8206,-1.140048,0.6080225,2026-09-21 23:26:53
6-2,0.5,Discharge,CC,32.5,3.8173,-1.1400546,0.617523,2026-09-21 23:27:23
6-2,0.5,Discharge,CC,33.0,3.8141,-1.1400521,0.6270234,2026-09-21 23:27:53
6-2,0.5,Discharge,CC,33.5,3.811,-1.140043,0.6365237,2026-09-21 23:28:23
6-2,0.5,Discharge,CC,34.0,3.8078,-1.1400459,0.646024,2026-09-21 23:28:53
6-2,0.5,Discharge,CC,34.5,3.8046,-1.1400473,0.6555244,2026-09-21 23:29:23
6-2,0.5,Discharge,CC,35.0,3.8015,-1.1400521,0.6650248,2026-09-21 23:29:53
6-2,0.5,Discharge,CC,35.5,3.7984,-1.1400452,0.6745252,2026-09-21 23:30:23
6-2,0.5,Discharge,CC,36.0,3.7952,-1.1400427,0.6840255,2026-09-21 23:30:53
6-2,0.5,Discharge,CC,36.5,3.7921,-1.1400484,0.6935259,2026-09-21 23:31:23
6-2,0.5,Discharge,CC,37.0,3.7892,-1.140034,0.7030262,2026-09-21 23:31:53
6-2,0.5,Discharge,CC,37.5,3.7861,-1.1400462,0.7125266,2026-09-21 23:32:23
6-2,0.5,Discharge,CC,38.0,3.7831,-1.1400434,0.7220271,2026-09-21 23:32:53
6-2,0.5,Discharge,CC,38.5,3.7801,-1.1400441,0.7315275,2026-09-21 23:33:23
6-2,0.5,Discharge,CC,39.0,3.777,-1.140051,0.7410279,2026-09-21 23:33:53
6-2,0.5,Discharge,CC,39.5,3.7741,-1.140048,0.7505282,2026-09-21 23:34:23
6-2,0.5,Discharge,CC,40.0,3.7712,-1.1400434,0.7600286,2026-09-21 23:34:53
6-2,0.5,Discharge,CC,40.5,3.7683,-1.1400383,0.7695289,2026-09-21 23:35:23
6-2,0.5,Discharge,CC,41.0,3.7654,-1.1400459,0.7790293,2026-09-21 23:35:53
6-2,0.5,Discharge,CC,41.5,3.7625,-1.1400434,0.7885297,2026-09-21 23:36:23
6-2,0.5,Discharge,CC,42.0,3.7597,-1.140051,0.7980301,2026-09-21 23:36:53
6-2,0.5,Discharge,CC,42.5,3.7569,-1.1400434,0.8075305,2026-09-21 23:37:23
6-2,0.5,Discharge,CC,43.0,3.7542,-1.1400423,0.8170308,2026-09-21 23:37:53
6-2,0.5,Discharge,CC,43.5,3.7514,-1.1400462,0.8265312,2026-09-21 23:38:23
6-2,0.5,Discharge,CC,44.0,3.7486,-1.1400452,0.8360316,2026-09-21 23:38:53
6-2,0.5,Discharge,CC,44.5,3.7459,-1.1400546,0.8455321,2026-09-21 23:39:23
6-2,0.5,Discharge,CC,45.0,3.7432,-1.1400568,0.8550325,2026-09-21 23:39:53
6-2,0.5,Discharge,CC,45.5,3.7407,-1.1400496,0.8645328,2026-09-21 23:40:23
6-2,0.5,Discharge,CC,46.0,3.738,-1.1400423,0.8740331,2026-09-21 23:40:53
6-2,0.5,Discharge,CC,46.5,3.7355,-1.1400473,0.8835335,2026-09-21 23:41:23
6-2,0.5,Discharge,CC,47.0,3.7328,-1.1400452,0.8930339,2026-09-21 23:41:53
6-2,0.5,Discharge,CC,47.5,3.7303,-1.1400455,0.9025343,2026-09-21 23:42:23
6-2,0.5,Discharge,CC,48.0,3.7278,-1.1400492,0.9120347,2026-09-21 23:42:53
6-2,0.5,Discharge,CC,48.5,3.7252,-1.1400553,0.9215351,2026-09-21 23:43:23
6-2,0.5,Discharge,CC,49.0,3.7227,-1.1400459,0.9310355,2026-09-21 23:43:53
6-2,0.5,Discharge,CC,49.5,3.7204,-1.140039,0.9405358,2026-09-21 23:44:23
6-2,0.5,Discharge,CC,50.0,3.7179,-1.14004,0.9500362,2026-09-21 23:44:53
6-2,0.5,Discharge,CC,50.5,3.7156,-1.1400553,0.9595366,2026-09-21 23:45:23
6-2,0.5,Discharge,CC,51.0,3.7131,-1.1400514,0.9690371,2026-09-21 23:45:53
6-2,0.5,Discharge,CC,51.5,3.7107,-1.1400416,0.9785374,2026-09-21 23:46:23
6-2,0.5,Discharge,CC,52.0,3.7085,-1.1400546,0.9880378,2026-09-21 23:46:53
6-2,0.5,Discharge,CC,52.5,3.7061,-1.1400459,0.9975382,2026-09-21 23:47:23
6-2,0.5,Discharge,CC,53.0,3.7039,-1.140047,1.0070386,2026-09-21 23:47:53
6-2,0.5,Discharge,CC,53.5,3.7017,-1.1400448,1.016539,2026-09-21 23:48:23
6-2,0.5,Discharge,CC,54.0,3.6994,-1.1400473,1.0260394,2026-09-21 23:48:53
6-2,0.5,Discharge,CC,54.5,3.6973,-1.1400455,1.0355399,2026-09-21 23:49:23
6-2,0.5,Discharge,CC,55.0,3.6951,-1.1400434,1.0450402,2026-09-21 23:49:53
6-2,0.5,Discharge,CC,55.5,3.693,-1.1400423,1.0545406,2026-09-21 23:50:23
6-2,0.5,Discharge,CC,56.0,3.6909,-1.1400546,1.064041,2026-09-21 23:50:53
6-2,0.5,Discharge,CC,56.5,3.6888,-1.140047,1.0735414,2026-09-21 23:51:23
6-2,0.5,Discharge,CC,57.0,3.6868,-1.140043,1.0830418,2026-09-21 23:51:53
6-2,0.5,Discharge,CC,57.5,3.6849,-1.1400496,1.0925422,2026-09-21 23:52:23
6-2,0.5,Discharge,CC,58.0,3.6828,-1.1400492,1.1020426,2026-09-21 23:52:53
6-2,0.5,Discharge,CC,58.5,3.6809,-1.1400521,1.111543,2026-09-21 23:53:23
6-2,0.5,Discharge,CC,59.0,3.679,-1.1400452,1.1210433,2026-09-21 23:53:53
6-2,0.5,Discharge,CC,59.5,3.6771,-1.1400455,1.1305437,2026-09-21 23:54:23
6-2,0.5,Discharge,CC,60.0,3.6753,-1.1400503,1.1400441,2026-09-21 23:54:53
6-2,0.5,Discharge,CC,60.5,3.6734,-1.1400517,1.1495446,2026-09-21 23:55:23
6-2,0.5,Discharge,CC,61.0,3.6715,-1.1400455,1.159045,2026-09-21 23:55:53
6-2,0.5,Discharge,CC,61.5,3.6696,-1.1400427,1.1685453,2026-09-21 23:56:23
6-2,0.5,Discharge,CC,62.0,3.6679,-1.1400484,1.1780456,2026-09-21 23:56:53
6-2,0.5,Discharge,CC,62.5,3.6661,-1.1400448,1.187546,2026-09-21 23:57:23
6-2,0.5,Discharge,CC,63.0,3.6641,-1.1400393,1.1970463,2026-09-21 23:57:53
6-2,0.5,Discharge,CC,63.5,3.6624,-1.1400437,1.2065468,2026-09-21 23:58:23
6-2,0.5,Discharge,CC,64.0,3.6606,-1.1400492,1.2160472,2026-09-21 23:58:53
6-2,0.5,Discharge,CC,64.5,3.6588,-1.140051,1.2255476,2026-09-21 23:59:23
6-2,0.5,Discharge,CC,65.0,3.657,-1.1400487,1.2350478,2026-09-21 23:59:53
6-2,0.5,Discharge,CC,65.5,3.6552,-1.1400487,1.2445482,2026-09-22 00:00:23
6-2,0.5,Discharge,CC,66.0,3.6535,-1.1400524,1.2540487,2026-09-22 00:00:53
6-2,0.5,Discharge,CC,66.5,3.6517,-1.1400416,1.2635491,2026-09-22 00:01:22
6-2,0.5,Discharge,CC,67.0,3.6499,-1.1400499,1.2730495,2026-09-22 00:01:52
6-2,0.5,Discharge,CC,67.5,3.6482,-1.1400423,1.2825499,2026-09-22 00:02:22
6-2,0.5,Discharge,CC,68.0,3.6464,-1.1400419,1.2920501,2026-09-22 00:02:52
6-2,0.5,Discharge,CC,68.5,3.6446,-1.1400448,1.3015505,2026-09-22 00:03:22
6-2,0.5,Discharge,CC,69.0,3.6428,-1.1400434,1.3110509,2026-09-22 00:03:52
6-2,0.5,Discharge,CC,69.5,3.641,-1.1400553,1.3205514,2026-09-22 00:04:22
6-2,0.5,Discharge,CC,70.0,3.6392,-1.1400542,1.3300518,2026-09-22 00:04:52
6-2,0.5,Discharge,CC,70.5,3.6375,-1.1400445,1.3395522,2026-09-22 00:05:22
6-2,0.5,Discharge,CC,71.0,3.6356,-1.1400452,1.3490524,2026-09-22 00:05:52
6-2,0.5,Discharge,CC,71.5,3.6339,-1.1400452,1.3585528,2026-09-22 00:06:22
6-2,0.5,Discharge,CC,72.0,3.6321,-1.1400452,1.3680532,2026-09-22 00:06:52
6-2,0.5,Discharge,CC,72.5,3.6301,-1.1400492,1.3775537,2026-09-22 00:07:22
6-2,0.5,Discharge,CC,73.0,3.6284,-1.1400452,1.3870541,2026-09-22 00:07:52
6-2,0.5,Discharge,CC,73.5,3.6266,-1.1400487,1.3965545,2026-09-22 00:08:22
6-2,0.5,Discharge,CC,74.0,3.6246,-1.1400499,1.406055,2026-09-22 00:08:52
6-2,0.5,Discharge,CC,74.5,3.6227,-1.1400411,1.4155553,2026-09-22 00:09:22
6-2,0.5,Discharge,CC,75.0,3.6208,-1.1400466,1.4250557,2026-09-22 00:09:52
6-2,0.5,Discharge,CC,75.5,3.619,-1.1400524,1.4345561,2026-09-22 00:10:22
6-2,0.5,Discharge,CC,76.0,3.617,-1.140048,1.4440565,2026-09-22 00:10:52
6-2,0.5,Discharge,CC,76.5,3.6151,-1.1400492,1.4535569,2026-09-22 00:11:22
6-2,0.5,Discharge,CC,77.0,3.6131,-1.1400539,1.4630574,2026-09-22 00:11:52
6-2,0.5,Discharge,CC,77.5,3.6113,-1.140039,1.4725577,2026-09-22 00:12:22
6-2,0.5,Discharge,CC,78.0,3.6092,-1.1400503,1.4820581,2026-09-22 00:12:52
6-2,0.5,Discharge,CC,78.5,3.6073,-1.1400528,1.4915587,2026-09-22 00:13:22
6-2,0.5,Discharge,CC,79.0,3.6053,-1.1400564,1.5010591,2026-09-22 00:13:52
6-2,0.5,Discharge,CC,79.5,3.6032,-1.1400434,1.5105595,2026-09-22 00:14:22
6-2,0.5,Discharge,CC,80.0,3.6012,-1.1400528,1.5200598,2026-09-22 00:14:52
6-2,0.5,Discharge,CC,80.5,3.5991,-1.14004,1.5295602,2026-09-22 00:15:22
6-2,0.5,Discharge,CC,81.0,3.597,-1.1400496,1.5390606,2026-09-22 00:15:52
6-2,0.5,Discharge,CC,81.5,3.5949,-1.1400423,1.5485612,2026-09-22 00:16:22
6-2,0.5,Discharge,CC,82.0,3.5927,-1.1400452,1.5580616,2026-09-22 00:16:52
6-2,0.5,Discharge,CC,82.5,3.5906,-1.1400397,1.5675619,2026-09-22 00:17:22
6-2,0.5,Discharge,CC,83.0,3.5884,-1.1400484,1.5770624,2026-09-22 00:17:52
6-2,0.5,Discharge,CC,83.5,3.5863,-1.1400427,1.5865627,2026-09-22 00:18:22
6-2,0.5,Discharge,CC,84.0,3.584,-1.140048,1.5960631,2026-09-22 00:18:52
6-2,0.5,Discharge,CC,84.5,3.5818,-1.1400496,1.6055635,2026-09-22 00:19:22
6-2,0.5,Discharge,CC,85.0,3.5795,-1.140043,1.6150639,2026-09-22 00:19:52
6-2,0.5,Discharge,CC,85.5,3.5771,-1.1400383,1.6245642,2026-09-22 00:20:22
6-2,0.5,Discharge,CC,86.0,3.5748,-1.1400496,1.6340647,2026-09-22 00:20:52
6-2,0.5,Discharge,CC,86.5,3.5724,-1.1400473,1.6435651,2026-09-22 00:21:22
6-2,0.5,Discharge,CC,87.0,3.5701,-1.1400434,1.6530654,2026-09-22 00:21:52
6-2,0.5,Discharge,CC,87.5,3.5676,-1.1400477,1.6625658,2026-09-22 00:22:22
6-2,0.5,Discharge,CC,88.0,3.5652,-1.140047,1.6720662,2026-09-22 00:22:52
6-2,0.5,Discharge,CC,88.5,3.5628,-1.1400462,1.6815666,2026-09-22 00:23:22
6-2,0.5,Discharge,CC,89.0,3.5603,-1.1400546,1.6910671,2026-09-22 00:23:52
6-2,0.5,Discharge,CC,89.5,3.5576,-1.1400455,1.7005675,2026-09-22 00:24:22
6-2,0.5,Discharge,CC,90.0,3.5553,-1.1400448,1.7100679,2026-09-22 00:24:52
6-2,0.5,Discharge,CC,90.5,3.5527,-1.1400517,1.7195683,2026-09-22 00:25:22
6-2,0.5,Discharge,CC,91.0,3.55,-1.1400496,1.7290687,2026-09-22 00:25:52
6-2,0.5,Discharge,CC,91.5,3.5474,-1.1400499,1.7385691,2026-09-22 00:26:22
6-2,0.5,Discharge,CC,92.0,3.5449,-1.1400586,1.7480695,2026-09-22 00:26:52
6-2,0.5,Discharge,CC,92.5,3.5423,-1.1400437,1.7575699,2026-09-22 00:27:22
6-2,0.5,Discharge,CC,93.0,3.5396,-1.1400452,1.7670703,2026-09-22 00:27:52
6-2,0.5,Discharge,CC,93.5,3.5368,-1.1400434,1.7765708,2026-09-22 00:28:22
6-2,0.5,Discharge,CC,94.0,3.5341,-1.1400583,1.7860713,2026-09-22 00:28:52
6-2,0.5,Discharge,CC,94.5,3.5315,-1.1400411,1.7955716,2026-09-22 00:29:22
6-2,0.5,Discharge,CC,95.0,3.5288,-1.1400466,1.8050719,2026-09-22 00:29:52
6-2,0.5,Discharge,CC,95.5,3.526,-1.1400423,1.8145723,2026-09-22 00:30:22
6-2,0.5,Discharge,CC,96.0,3.5231,-1.1400553,1.8240728,2026-09-22 00:30:52
6-2,0.5,Discharge,CC,96.5,3.5202,-1.1400492,1.8335731,2026-09-22 00:31:22
6-2,0.5,Discharge,CC,97.0,3.5173,-1.1400473,1.8430735,2026-09-22 00:31:52
6-2,0.5,Discharge,CC,97.5,3.5142,-1.1400484,1.8525739,2026-09-22 00:32:22
6-2,0.5,Discharge,CC,98.0,3.5112,-1.1400466,1.8620743,2026-09-22 00:32:52
6-2,0.5,Discharge,CC,98.5,3.508,-1.1400321,1.8715745,2026-09-22 00:33:22
6-2,0.5,Discharge,CC,99.0,3.5047,-1.1400427,1.8810749,2026-09-22 00:33:52
6-2,0.5,Discharge,CC,99.5,3.5013,-1.1400379,1.8905753,2026-09-22 00:34:22
6-2,0.5,Discharge,CC,100.0,3.4978,-1.1400448,1.9000757,2026-09-22 00:34:52
6-2,0.5,Discharge,CC,100.5,3.4943,-1.1400532,1.9095761,2026-09-22 00:35:22
6-2,0.5,Discharge,CC,101.0,3.4906,-1.1400496,1.9190763,2026-09-22 00:35:52
6-2,0.5,Discharge,CC,101.5,3.4868,-1.1400448,1.9285767,2026-09-22 00:36:22
6-2,0.5,Discharge,CC,102.0,3.483,-1.1400484,1.9380771,2026-09-22 00:36:52
6-2,0.5,Discharge,CC,102.5,3.4791,-1.1400427,1.9475775,2026-09-22 00:37:22
6-2,0.5,Discharge,CC,103.0,3.4749,-1.1400524,1.9570779,2026-09-22 00:37:52
6-2,0.5,Discharge,CC,103.5,3.4708,-1.1400445,1.9665783,2026-09-22 00:38:22
6-2,0.5,Discharge,CC,104.0,3.4663,-1.1400437,1.9760786,2026-09-22 00:38:52
6-2,0.5,Discharge,CC,104.5,3.462,-1.1400477,1.985579,2026-09-22 00:39:22
6-2,0.5,Discharge,CC,105.0,3.4574,-1.1400459,1.9950794,2026-09-22 00:39:52
6-2,0.5,Discharge,CC,105.5,3.4526,-1.1400441,2.0045798,2026-09-22 00:40:22
6-2,0.5,Discharge,CC,106.0,3.4479,-1.1400361,2.0140801,2026-09-22 00:40:52
6-2,0.5,Discharge,CC,106.5,3.4429,-1.1400419,2.0235804,2026-09-22 00:41:22
6-2,0.5,Discharge,CC,107.0,3.4379,-1.1400397,2.0330808,2026-09-22 00:41:52
6-2,0.5,Discharge,CC,107.5,3.4326,-1.1400462,2.0425812,2026-09-22 00:42:22
6-2,0.5,Discharge,CC,108.0,3.4272,-1.140048,2.0520816,2026-09-22 00:42:52
6-2,0.5,Discharge,CC,108.5,3.4216,-1.140043,2.0615819,2026-09-22 00:43:22
6-2,0.5,Discharge,CC,109.0,3.4158,-1.140048,2.0710823,2026-09-22 00:43:52
6-2,0.5,Discharge,CC,109.5,3.4095,-1.1400441,2.0805826,2026-09-22 00:44:22
6-2,0.5,Discharge,CC,110.0,3.403,-1.1400299,2.0900829,2026-09-22 00:44:52
6-2,0.5,Discharge,CC,110.5,3.3961,-1.1400427,2.0995832,2026-09-22 00:45:22
6-2,0.5,Discharge,CC,111.0,3.3885,-1.1400445,2.1090836,2026-09-22 00:45:52
6-2,0.5,Discharge,CC,111.5,3.3805,-1.1400445,2.1185839,2026-09-22 00:46:22
6-2,0.5,Discharge,CC,112.0,3.3715,-1.1400553,2.1280844,2026-09-22 00:46:52
6-2,0.5,Discharge,CC,112.5,3.3616,-1.1400419,2.1375847,2026-09-22 00:47:22
6-2,0.5,Discharge,CC,113.0,3.3502,-1.1400487,2.147085,2026-09-22 00:47:52
6-2,0.5,Discharge,CC,113.5,3.3367,-1.1400423,2.1565853,2026-09-22 00:48:22
6-2,0.5,Discharge,CC,114.0,3.3207,-1.1400445,2.1660857,2026-09-22 00:48:52
6-2,0.5,Discharge,CC,114.5,3.3016,-1.140039,2.175586,2026-09-22 00:49:22
6-2,0.5,Discharge,CC,115.0,3.2795,-1.1400411,2.1850863,2026-09-22 00:49:52
6-2,0.5,Discharge,CC,115.5,3.254,-1.1400466,2.1945867,2026-09-22 00:50:22
6-2,0.5,Discharge,CC,116.0,3.225,-1.1400459,2.204087,2026-09-22 00:50:52
6-2,0.5,Discharge,CC,116.5,3.1922,-1.140031,2.2135873,2026-09-22 00:51:22
6-2,0.5,Discharge,CC,117.0,3.1548,-1.1400452,2.2230877,2026-09-22 00:51:52
6-2,0.5,Discharge,CC,117.5,3.1117,-1.1400408,2.2325881,2026-09-22 00:52:22
6-2,0.5,Discharge,CC,118.0,3.0614,-1.1400383,2.2420884,2026-09-22 00:52:52
6-2,0.5,Discharge,CC,118.5,3.0009,-1.1400448,2.2515887,2026-09-22 00:53:22
6-2,0.5,Discharge,CC,118.51666666666667,3.0,-1.1400404,2.2517154,2026-09-22 00:53:22
6-2,0.5,Charge,CC,0.0,3.4385,1.1391032,0.0,2026-09-22 02:53:22
6-2,0.5,Charge,CC,0.5,3.5367,1.1397567,0.0094978,2026-09-22 02:53:52
6-2,0.5,Charge,CC,1.0,3.5941,1.1397632,0.0189959,2026-09-22 02:54:22
6-2,0.5,Charge,CC,1.5,3.6403,1.1397657,0.0284939,2026-09-22 02:54:52
6-2,0.5,Charge,CC,2.0,3.6776,1.1397487,0.0379917,2026-09-22 02:55:22
6-2,0.5,Charge,CC,2.5,3.7082,1.13976,0.0474897,2026-09-22 02:55:52
6-2,0.5,Charge,CC,3.0,3.7336,1.1397578,0.0569877,2026-09-22 02:56:22
6-2,0.5,Charge,CC,3.5,3.7551,1.1397552,0.0664857,2026-09-22 02:56:52
6-2,0.5,Charge,CC,4.0,3.7735,1.1397524,0.0759836,2026-09-22 02:57:22
6-2,0.5,Charge,CC,4.5,3.7897,1.1397622,0.0854816,2026-09-22 02:57:52
6-2,0.5,Charge,CC,5.0,3.8036,1.1397487,0.0949796,2026-09-22 02:58:22
6-2,0.5,Charge,CC,5.5,3.8136,1.1397578,0.1044776,2026-09-22 02:58:52
6-2,0.5,Charge,CC,6.0,3.82,1.1397552,0.1139755,2026-09-22 02:59:22
6-2,0.5,Charge,CC,6.5,3.8241,1.1397524,0.1234735,2026-09-22 02:59:52
6-2,0.5,Charge,CC,7.0,3.8272,1.1397483,0.1329714,2026-09-22 03:00:22
6-2,0.5,Charge,CC,7.5,3.8296,1.1397512,0.1424693,2026-09-22 03:00:52
6-2,0.5,Charge,CC,8.0,3.8318,1.1397567,0.1519674,2026-09-22 03:01:22
6-2,0.5,Charge,CC,8.5,3.834,1.1397556,0.1614654,2026-09-22 03:01:52
6-2,0.5,Charge,CC,9.0,3.8362,1.1397545,0.1709633,2026-09-22 03:02:22
6-2,0.5,Charge,CC,9.5,3.8385,1.1397597,0.1804613,2026-09-22 03:02:52
6-2,0.5,Charge,CC,10.0,3.8408,1.1397432,0.1899591,2026-09-22 03:03:22
6-2,0.5,Charge,CC,10.5,3.8431,1.1397448,0.199457,2026-09-22 03:03:52
6-2,0.5,Charge,CC,11.0,3.8455,1.1397578,0.208955,2026-09-22 03:04:22
6-2,0.5,Charge,CC,11.5,3.8479,1.1397611,0.218453,2026-09-22 03:04:52
6-2,0.5,Charge,CC,12.0,3.8501,1.1397691,0.2279511,2026-09-22 03:05:22
6-2,0.5,Charge,CC,12.5,3.8523,1.1397473,0.237449,2026-09-22 03:05:52
6-2,0.5,Charge,CC,13.0,3.8545,1.1397549,0.246947,2026-09-22 03:06:22
6-2,0.5,Charge,CC,13.5,3.8568,1.1397567,0.2564449,2026-09-22 03:06:52
6-2,0.5,Charge,CC,14.0,3.859,1.1397585,0.2659428,2026-09-22 03:07:22
6-2,0.5,Charge,CC,14.5,3.861,1.1397545,0.2754408,2026-09-22 03:07:52
6-2,0.5,Charge,CC,15.0,3.8633,1.1397473,0.2849387,2026-09-22 03:08:22
6-2,0.5,Charge,CC,15.5,3.8654,1.1397538,0.2944367,2026-09-22 03:08:52
6-2,0.5,Charge,CC,16.0,3.8675,1.1397574,0.3039346,2026-09-22 03:09:22
6-2,0.5,Charge,CC,16.5,3.8696,1.1397588,0.3134326,2026-09-22 03:09:52
6-2,0.5,Charge,CC,17.0,3.8717,1.1397432,0.3229305,2026-09-22 03:10:22
6-2,0.5,Charge,CC,17.5,3.8739,1.1397451,0.3324284,2026-09-22 03:10:52
6-2,0.5,Charge,CC,18.0,3.8761,1.1397527,0.3419263,2026-09-22 03:11:22
6-2,0.5,Charge,CC,18.5,3.8782,1.1397574,0.3514242,2026-09-22 03:11:52
6-2,0.5,Charge,CC,19.0,3.8805,1.139764,0.3609223,2026-09-22 03:12:22
6-2,0.5,Charge,CC,19.5,3.8827,1.139752,0.3704202,2026-09-22 03:12:52
6-2,0.5,Charge,CC,20.0,3.8849,1.1397593,0.3799181,2026-09-22 03:13:22
6-2,0.5,Charge,CC,20.5,3.8873,1.1397436,0.3894159,2026-09-22 03:13:52
6-2,0.5,Charge,CC,21.0,3.8896,1.1397476,0.3989138,2026-09-22 03:14:22
6-2,0.5,Charge,CC,21.5,3.8918,1.139756,0.4084118,2026-09-22 03:14:52
6-2,0.5,Charge,CC,22.0,3.8941,1.1397465,0.4179097,2026-09-22 03:15:22
6-2,0.5,Charge,CC,22.5,3.8964,1.1397512,0.4274076,2026-09-22 03:15:52
6-2,0.5,Charge,CC,23.0,3.8985,1.1397585,0.4369056,2026-09-22 03:16:22
6-2,0.5,Charge,CC,23.5,3.9006,1.1397524,0.4464035,2026-09-22 03:16:52
6-2,0.5,Charge,CC,24.0,3.9026,1.1397508,0.4559014,2026-09-22 03:17:22
6-2,0.5,Charge,CC,24.5,3.9046,1.1397585,0.4653993,2026-09-22 03:17:52
6-2,0.5,Charge,CC,25.0,3.9066,1.1397538,0.4748973,2026-09-22 03:18:22
6-2,0.5,Charge,CC,25.5,3.9083,1.139757,0.4843952,2026-09-22 03:18:52
6-2,0.5,Charge,CC,26.0,3.9101,1.1397476,0.4938931,2026-09-22 03:19:22
6-2,0.5,Charge,CC,26.5,3.9117,1.1397356,0.5033909,2026-09-22 03:19:52
6-2,0.5,Charge,CC,27.0,3.9131,1.1397462,0.5128888,2026-09-22 03:20:22
6-2,0.5,Charge,CC,27.5,3.9146,1.1397524,0.5223868,2026-09-22 03:20:52
6-2,0.5,Charge,CC,28.0,3.9159,1.1397389,0.5318846,2026-09-22 03:21:22
6-2,0.5,Charge,CC,28.5,3.9172,1.1397494,0.5413825,2026-09-22 03:21:52
6-2,0.5,Charge,CC,29.0,3.9183,1.1397448,0.5508806,2026-09-22 03:22:22
6-2,0.5,Charge,CC,29.5,3.9196,1.1397501,0.5603785,2026-09-22 03:22:52
6-2,0.5,Charge,CC,30.0,3.9208,1.1397414,0.5698763,2026-09-22 03:23:22
6-2,0.5,Charge,CC,30.5,3.9218,1.1397597,0.5793743,2026-09-22 03:23:52
6-2,0.5,Charge,CC,31.0,3.9231,1.1397542,0.5888722,2026-09-22 03:24:22
6-2,0.5,Charge,CC,31.5,3.9242,1.1397465,0.5983701,2026-09-22 03:24:52
6-2,0.5,Charge,CC,32.0,3.9253,1.1397625,0.607868,2026-09-22 03:25:22
6-2,0.5,Charge,CC,32.5,3.9265,1.1397524,0.617366,2026-09-22 03:25:52
6-2,0.5,Charge,CC,33.0,3.9276,1.1397517,0.6268639,2026-09-22 03:26:22
6-2,0.5,Charge,CC,33.5,3.9287,1.139756,0.6363618,2026-09-22 03:26:52
6-2,0.5,Charge,CC,34.0,3.9298,1.1397403,0.6458596,2026-09-22 03:27:22
6-2,0.5,Charge,CC,34.5,3.931,1.1397403,0.6553575,2026-09-22 03:27:52
6-2,0.5,Charge,CC,35.0,3.9321,1.1397451,0.6648554,2026-09-22 03:28:22
6-2,0.5,Charge,CC,35.5,3.9332,1.1397517,0.6743534,2026-09-22 03:28:52
6-2,0.5,Charge,CC,36.0,3.9343,1.1397378,0.6838512,2026-09-22 03:29:22
6-2,0.5,Charge,CC,36.5,3.9354,1.1397498,0.6933491,2026-09-22 03:29:52
6-2,0.5,Charge,CC,37.0,3.9366,1.139748,0.702847,2026-09-22 03:30:22
6-2,0.5,Charge,CC,37.5,3.9378,1.1397393,0.7123448,2026-09-22 03:30:52
6-2,0.5,Charge,CC,38.0,3.9388,1.1397483,0.7218428,2026-09-22 03:31:22
6-2,0.5,Charge,CC,38.5,3.94,1.1397451,0.7313406,2026-09-22 03:31:52
6-2,0.5,Charge,CC,39.0,3.9411,1.1397407,0.7408385,2026-09-22 03:32:22
6-2,0.5,Charge,CC,39.5,3.9423,1.1397403,0.7503364,2026-09-22 03:32:52
6-2,0.5,Charge,CC,40.0,3.9433,1.139756,0.7598344,2026-09-22 03:33:22
6-2,0.5,Charge,CC,40.5,3.9444,1.1397458,0.7693323,2026-09-22 03:33:52
6-2,0.5,Charge,CC,41.0,3.9456,1.1397448,0.7788301,2026-09-22 03:34:22
6-2,0.5,Charge,CC,41.5,3.9468,1.1397491,0.788328,2026-09-22 03:34:52
6-2,0.5,Charge,CC,42.0,3.9479,1.1397462,0.7978258,2026-09-22 03:35:22
6-2,0.5,Charge,CC,42.5,3.9491,1.1397512,0.8073238,2026-09-22 03:35:52
6-2,0.5,Charge,CC,43.0,3.9501,1.1397505,0.8168217,2026-09-22 03:36:22
6-2,0.5,Charge,CC,43.5,3.9512,1.1397396,0.8263195,2026-09-22 03:36:52
6-2,0.5,Charge,CC,44.0,3.9524,1.1397524,0.8358175,2026-09-22 03:37:22
6-2,0.5,Charge,CC,44.5,3.9535,1.1397698,0.8453155,2026-09-22 03:37:52
6-2,0.5,Charge,CC,45.0,3.9545,1.1397545,0.8548135,2026-09-22 03:38:22
6-2,0.5,Charge,CC,45.5,3.9557,1.1397465,0.8643113,2026-09-22 03:38:52
6-2,0.5,Charge,CC,46.0,3.9567,1.1397531,0.8738092,2026-09-22 03:39:22
6-2,0.5,Charge,CC,46.5,3.9579,1.1397508,0.8833071,2026-09-22 03:39:52
6-2,0.5,Charge,CC,47.0,3.9588,1.1397458,0.8928051,2026-09-22 03:40:22
6-2,0.5,Charge,CC,47.5,3.9598,1.139756,0.9023031,2026-09-22 03:40:52
6-2,0.5,Charge,CC,48.0,3.9609,1.1397505,0.911801,2026-09-22 03:41:22
6-2,0.5,Charge,CC,48.5,3.9618,1.1397563,0.9212989,2026-09-22 03:41:52
6-2,0.5,Charge,CC,49.0,3.9628,1.1397455,0.9307968,2026-09-22 03:42:22
6-2,0.5,Charge,CC,49.5,3.9637,1.1397593,0.9402948,2026-09-22 03:42:52
6-2,0.5,Charge,CC,50.0,3.9647,1.1397527,0.9497928,2026-09-22 03:43:22
6-2,0.5,Charge,CC,50.5,3.9657,1.1397535,0.9592907,2026-09-22 03:43:52
6-2,0.5,Charge,CC,51.0,3.9665,1.1397462,0.9687886,2026-09-22 03:44:22
6-2,0.5,Charge,CC,51.5,3.9675,1.1397512,0.9782866,2026-09-22 03:44:52
6-2,0.5,Charge,CC,52.0,3.9684,1.139744,0.9877844,2026-09-22 03:45:22
6-2,0.5,Charge,CC,52.5,3.9695,1.1397465,0.9972823,2026-09-22 03:45:52
6-2,0.5,Charge,CC,53.0,3.9703,1.1397517,1.0067804,2026-09-22 03:46:22
6-2,0.5,Charge,CC,53.5,3.9713,1.1397578,1.0162784,2026-09-22 03:46:52
6-2,0.5,Charge,CC,54.0,3.9722,1.1397316,1.0257761,2026-09-22 03:47:22
6-2,0.5,Charge,CC,54.5,3.9731,1.139756,1.0352741,2026-09-22 03:47:52
6-2,0.5,Charge,CC,55.0,3.9741,1.1397531,1.0447721,2026-09-22 03:48:22
6-2,0.5,Charge,CC,55.5,3.9751,1.1397476,1.05427,2026-09-22 03:48:52
6-2,0.5,Charge,CC,56.0,3.9761,1.1397632,1.0637679,2026-09-22 03:49:22
6-2,0.5,Charge,CC,56.5,3.9769,1.1397393,1.0732657,2026-09-22 03:49:52
6-2,0.5,Charge,CC,57.0,3.978,1.1397455,1.0827636,2026-09-22 03:50:22
6-2,0.5,Charge,CC,57.5,3.979,1.1397432,1.0922617,2026-09-22 03:50:52
6-2,0.5,Charge,CC,58.0,3.98,1.1397473,1.1017596,2026-09-22 03:51:22
6-2,0.5,Charge,CC,58.5,3.9809,1.1397494,1.1112575,2026-09-22 03:51:52
6-2,0.5,Charge,CC,59.0,3.982,1.1397473,1.1207554,2026-09-22 03:52:22
6-2,0.5,Charge,CC,59.5,3.983,1.1397552,1.1302534,2026-09-22 03:52:52
6-2,0.5,Charge,CC,60.0,3.9842,1.1397455,1.1397513,2026-09-22 03:53:22
6-2,0.5,Charge,CC,60.5,3.9852,1.1397501,1.1492491,2026-09-22 03:53:52
6-2,0.5,Charge,CC,61.0,3.9862,1.139752,1.158747,2026-09-22 03:54:22
6-2,0.5,Charge,CC,61.5,3.9874,1.1397469,1.1682449,2026-09-22 03:54:52
6-2,0.5,Charge,CC,62.0,3.9885,1.1397462,1.1777428,2026-09-22 03:55:22
6-2,0.5,Charge,CC,62.5,3.9896,1.1397455,1.1872407,2026-09-22 03:55:52
6-2,0.5,Charge,CC,63.0,3.9907,1.13974,1.1967386,2026-09-22 03:56:22
6-2,0.5,Charge,CC,63.5,3.9919,1.1397425,1.2062365,2026-09-22 03:56:52
6-2,0.5,Charge,CC,64.0,3.993,1.1397414,1.2157343,2026-09-22 03:57:22
6-2,0.5,Charge,CC,64.5,3.9942,1.1397429,1.2252322,2026-09-22 03:57:52
6-2,0.5,Charge,CC,65.0,3.9954,1.1397501,1.2347301,2026-09-22 03:58:22
6-2,0.5,Charge,CC,65.5,3.9966,1.1397491,1.244228,2026-09-22 03:58:52
6-2,0.5,Charge,CC,66.0,3.9977,1.1397425,1.2537259,2026-09-22 03:59:22
6-2,0.5,Charge,CC,66.5,3.999,1.1397378,1.2632238,2026-09-22 03:59:52
6-2,0.5,Charge,CC,67.0,4.0004,1.1397432,1.2727216,2026-09-22 04:00:22
6-2,0.5,Charge,CC,67.5,4.0015,1.1397549,1.2822196,2026-09-22 04:00:52
6-2,0.5,Charge,CC,68.0,4.0028,1.1397552,1.2917175,2026-09-22 04:01:22
6-2,0.5,Charge,CC,68.5,4.0041,1.1397487,1.3012154,2026-09-22 04:01:52
6-2,0.5,Charge,CC,69.0,4.0055,1.1397665,1.3107135,2026-09-22 04:02:22
6-2,0.5,Charge,CC,69.5,4.0068,1.1397501,1.3202114,2026-09-22 04:02:52
6-2,0.5,Charge,CC,70.0,4.0082,1.1397549,1.3297094,2026-09-22 04:03:22
6-2,0.5,Charge,CC,70.5,4.0095,1.1397436,1.3392072,2026-09-22 04:03:52
6-2,0.5,Charge,CC,71.0,4.0109,1.1397498,1.3487052,2026-09-22 04:04:22
6-2,0.5,Charge,CC,71.5,4.0123,1.1397574,1.3582032,2026-09-22 04:04:52
6-2,0.5,Charge,CC,72.0,4.0137,1.1397494,1.3677011,2026-09-22 04:05:22
6-2,0.5,Charge,CC,72.5,4.0151,1.1397444,1.3771989,2026-09-22 04:05:52
6-2,0.5,Charge,CC,73.0,4.0166,1.1397552,1.3866969,2026-09-22 04:06:22
6-2,0.5,Charge,CC,73.5,4.0181,1.1397476,1.3961948,2026-09-22 04:06:52
6-2,0.5,Charge,CC,74.0,4.0196,1.1397494,1.4056928,2026-09-22 04:07:22
6-2,0.5,Charge,CC,74.5,4.0212,1.1397444,1.4151907,2026-09-22 04:07:52
6-2,0.5,Charge,CC,75.0,4.0227,1.1397473,1.4246886,2026-09-22 04:08:22
6-2,0.5,Charge,CC,75.5,4.0243,1.1397494,1.4341865,2026-09-22 04:08:52
6-2,0.5,Charge,CC,76.0,4.0258,1.1397411,1.4436843,2026-09-22 04:09:22
6-2,0.5,Charge,CC,76.5,4.0274,1.1397473,1.4531822,2026-09-22 04:09:52
6-2,0.5,Charge,CC,77.0,4.0291,1.1397313,1.4626801,2026-09-22 04:10:22
6-2,0.5,Charge,CC,77.5,4.0308,1.1397359,1.4721779,2026-09-22 04:10:52
6-2,0.5,Charge,CC,78.0,4.0325,1.1397444,1.4816758,2026-09-22 04:11:22
6-2,0.5,Charge,CC,78.5,4.0342,1.1397581,1.4911737,2026-09-22 04:11:52
6-2,0.5,Charge,CC,79.0,4.0359,1.1397382,1.5006716,2026-09-22 04:12:22
6-2,0.5,Charge,CC,79.5,4.0377,1.1397494,1.5101695,2026-09-22 04:12:52
6-2,0.5,Charge,CC,80.0,4.0395,1.1397407,1.5196674,2026-09-22 04:13:22
6-2,0.5,Charge,CC,80.5,4.0413,1.1397407,1.5291652,2026-09-22 04:13:52
6-2,0.5,Charge,CC,81.0,4.0432,1.1397414,1.5386631,2026-09-22 04:14:22
6-2,0.5,Charge,CC,81.5,4.045,1.1397411,1.5481609,2026-09-22 04:14:52
6-2,0.5,Charge,CC,82.0,4.0469,1.1397462,1.5576588,2026-09-22 04:15:22
6-2,0.5,Charge,CC,82.5,4.0489,1.1397368,1.5671566,2026-09-22 04:15:52
6-2,0.5,Charge,CC,83.0,4.0509,1.1397334,1.5766544,2026-09-22 04:16:22
6-2,0.5,Charge,CC,83.5,4.0529,1.1397491,1.5861523,2026-09-22 04:16:52
6-2,0.5,Charge,CC,84.0,4.0548,1.1397531,1.5956503,2026-09-22 04:17:22
6-2,0.5,Charge,CC,84.5,4.0569,1.1397524,1.6051481,2026-09-22 04:17:52
6-2,0.5,Charge,CC,85.0,4.0589,1.1397458,1.614646,2026-09-22 04:18:22
6-2,0.5,Charge,CC,85.5,4.061,1.1397501,1.6241439,2026-09-22 04:18:52
6-2,0.5,Charge,CC,86.0,4.0632,1.1397473,1.6336418,2026-09-22 04:19:22
6-2,0.5,Charge,CC,86.5,4.0655,1.1397527,1.6431398,2026-09-22 04:19:52
6-2,0.5,Charge,CC,87.0,4.0678,1.1397458,1.6526377,2026-09-22 04:20:22
6-2,0.5,Charge,CC,87.5,4.0701,1.1397578,1.6621355,2026-09-22 04:20:52
6-2,0.5,Charge,CC,88.0,4.0725,1.1397371,1.6716333,2026-09-22 04:21:22
6-2,0.5,Charge,CC,88.5,4.075,1.13974,1.6811311,2026-09-22 04:21:52
6-2,0.5,Charge,CC,89.0,4.0775,1.1397403,1.6906291,2026-09-22 04:22:22
6-2,0.5,Charge,CC,89.5,4.08,1.1397458,1.700127,2026-09-22 04:22:52
6-2,0.5,Charge,CC,90.0,4.0827,1.1397567,1.709625,2026-09-22 04:23:22
6-2,0.5,Charge,CC,90.5,4.0855,1.1397375,1.7191228,2026-09-22 04:23:52
6-2,0.5,Charge,CC,91.0,4.0882,1.1397421,1.7286206,2026-09-22 04:24:22
6-2,0.5,Charge,CC,91.5,4.091,1.1397465,1.7381185,2026-09-22 04:24:52
6-2,0.5,Charge,CC,92.0,4.0939,1.1397386,1.7476164,2026-09-22 04:25:22
6-2,0.5,Charge,CC,92.5,4.0968,1.1397393,1.7571142,2026-09-22 04:25:52
6-2,0.5,Charge,CC,93.0,4.0998,1.1397444,1.7666121,2026-09-22 04:26:22
6-2,0.5,Charge,CC,93.5,4.1029,1.139748,1.7761101,2026-09-22 04:26:52
6-2,0.5,Charge,CC,94.0,4.1058,1.1397508,1.785608,2026-09-22 04:27:22
6-2,0.5,Charge,CC,94.5,4.109,1.1397469,1.7951059,2026-09-22 04:27:52
6-2,0.5,Charge,CC,95.0,4.1122,1.1397483,1.8046037,2026-09-22 04:28:22
6-2,0.5,Charge,CC,95.5,4.1153,1.1397432,1.8141016,2026-09-22 04:28:52
6-2,0.5,Charge,CC,96.0,4.1186,1.1397458,1.8235994,2026-09-22 04:29:22
6-2,0.5,Charge,CC,96.5,4.1219,1.1397494,1.8330973,2026-09-22 04:29:52
6-2,0.5,Charge,CC,97.0,4.1252,1.1397458,1.8425952,2026-09-22 04:30:22
6-2,0.5,Charge,CC,97.5,4.1285,1.1397436,1.8520931,2026-09-22 04:30:52
6-2,0.5,Charge,CC,98.0,4.1319,1.1397421,1.8615909,2026-09-22 04:31:22
6-2,0.5,Charge,CC,98.5,4.1353,1.1397371,1.8710887,2026-09-22 04:31:52
6-2,0.5,Charge,CC,99.0,4.1386,1.1397444,1.8805865,2026-09-22 04:32:22
6-2,0.5,Charge,CC,99.5,4.1422,1.1397352,1.8900844,2026-09-22 04:32:52
6-2,0.5,Charge,CC,100.0,4.1456,1.1397508,1.8995823,2026-09-22 04:33:22
6-2,0.5,Charge,CC,100.5,4.1491,1.1397389,1.9090801,2026-09-22 04:33:52
6-2,0.5,Charge,CC,101.0,4.1525,1.1397309,1.9185779,2026-09-22 04:34:22
6-2,0.5,Charge,CC,101.5,4.1561,1.1397349,1.9280757,2026-09-22 04:34:52
6-2,0.5,Charge,CC,102.0,4.1597,1.1397425,1.9375736,2026-09-22 04:35:22
6-2,0.5,Charge,CC,102.5,4.1633,1.1397508,1.9470714,2026-09-22 04:35:52
6-2,0.5,Charge,CC,103.0,4.1669,1.1397411,1.9565693,2026-09-22 04:36:22
6-2,0.5,Charge,CC,103.5,4.1703,1.1397505,1.9660672,2026-09-22 04:36:52
6-2,0.5,Charge,CC,104.0,4.1739,1.1397414,1.9755651,2026-09-22 04:37:22
6-2,0.5,Charge,CC,104.5,4.1774,1.1397501,1.985063,2026-09-22 04:37:52
6-2,0.5,Charge,CC,105.0,4.1809,1.1397483,1.9945609,2026-09-22 04:38:22
6-2,0.5,Charge,CC,105.5,4.1844,1.1397458,2.0040588,2026-09-22 04:38:52
6-2,0.5,Charge,CC,106.0,4.188,1.1397418,2.0135567,2026-09-22 04:39:22
6-2,0.5,Charge,CC,106.5,4.1917,1.1397476,2.0230546,2026-09-22 04:39:52
6-2,0.5,Charge,CC,107.0,4.1953,1.1397542,2.0325525,2026-09-22 04:40:22
6-2,0.5,Charge,CC,107.5,4.199,1.1397469,2.0420504,2026-09-22 04:40:52
6-2,0.5,Charge,CC,107.61666666666666,4.2,1.1397512,2.0443931,2026-09-22 04:41:00
6-2,1.0,Discharge,CC,0.0,4.0983,-2.2793713,0.0,2026-09-22 07:04:19
6-2,1.0,Discharge,CC,0.5,4.027,-2.2799399,0.0189993,2026-09-22 07:04:49
6-2,1.0,Discharge,CC,1.0,4.0003,-2.2799232,0.0379987,2026-09-22 07:05:19
6-2,1.0,Discharge,CC,1.5,3.9812,-2.2799246,0.056998,2026-09-22 07:05:49
6-2,1.0,Discharge,CC,2.0,3.9659,-2.2799342,0.0759975,2026-09-22 07:06:19
6-2,1.0,Discharge,CC,2.5,3.9529,-2.2799397,0.094997,2026-09-22 07:06:49
6-2,1.0,Discharge,CC,3.0,3.9412,-2.2799342,0.1139965,2026-09-22 07:07:19
6-2,1.0,Discharge,CC,3.5,3.9305,-2.2799382,0.1329959,2026-09-22 07:07:49
6-2,1.0,Discharge,CC,4.0,3.9203,-2.2799363,0.1519953,2026-09-22 07:08:19
6-2,1.0,Discharge,CC,4.5,3.9106,-2.2799366,0.1709948,2026-09-22 07:08:49
6-2,1.0,Discharge,CC,5.0,3.9009,-2.2799435,0.1899945,2026-09-22 07:09:19
6-2,1.0,Discharge,CC,5.5,3.8915,-2.2799282,0.2089939,2026-09-22 07:09:49
6-2,1.0,Discharge,CC,6.0,3.8823,-2.2799356,0.2279933,2026-09-22 07:10:19
6-2,1.0,Discharge,CC,6.5,3.8734,-2.2799442,0.2469929,2026-09-22 07:10:49
6-2,1.0,Discharge,CC,7.0,3.8647,-2.2799397,0.2659924,2026-09-22 07:11:19
6-2,1.0,Discharge,CC,7.5,3.8562,-2.2799258,0.2849918,2026-09-22 07:11:49
6-2,1.0,Discharge,CC,8.0,3.8482,-2.2799406,0.3039913,2026-09-22 07:12:19
6-2,1.0,Discharge,CC,8.5,3.8403,-2.2799413,0.3229908,2026-09-22 07:12:49
6-2,1.0,Discharge,CC,9.0,3.8327,-2.2799385,0.3419903,2026-09-22 07:13:19
6-2,1.0,Discharge,CC,9.5,3.8253,-2.2799342,0.3609897,2026-09-22 07:13:49
6-2,1.0,Discharge,CC,10.0,3.8181,-2.2799377,0.3799892,2026-09-22 07:14:19
6-2,1.0,Discharge,CC,10.5,3.811,-2.2799363,0.3989887,2026-09-22 07:14:49
6-2,1.0,Discharge,CC,11.0,3.8038,-2.279933,0.4179882,2026-09-22 07:15:19
6-2,1.0,Discharge,CC,11.5,3.7967,-2.2799439,0.4369877,2026-09-22 07:15:49
6-2,1.0,Discharge,CC,12.0,3.7898,-2.2799397,0.4559872,2026-09-22 07:16:19
6-2,1.0,Discharge,CC,12.5,3.7829,-2.2799373,0.4749866,2026-09-22 07:16:49
6-2,1.0,Discharge,CC,13.0,3.776,-2.2799253,0.493986,2026-09-22 07:17:19
6-2,1.0,Discharge,CC,13.5,3.7691,-2.2799385,0.5129855,2026-09-22 07:17:49
6-2,1.0,Discharge,CC,14.0,3.7625,-2.2799232,0.5319847,2026-09-22 07:18:19
6-2,1.0,Discharge,CC,14.5,3.7559,-2.2799182,0.5509841,2026-09-22 07:18:49
6-2,1.0,Discharge,CC,15.0,3.7494,-2.2799323,0.5699835,2026-09-22 07:19:19
6-2,1.0,Discharge,CC,15.5,3.7428,-2.2799356,0.588983,2026-09-22 07:19:49
6-2,1.0,Discharge,CC,16.0,3.7364,-2.2799327,0.6079824,2026-09-22 07:20:19
6-2,1.0,Discharge,CC,16.5,3.7301,-2.2799356,0.6269819,2026-09-22 07:20:49
6-2,1.0,Discharge,CC,17.0,3.7238,-2.2799253,0.6459813,2026-09-22 07:21:19
6-2,1.0,Discharge,CC,17.5,3.7175,-2.2799244,0.6649806,2026-09-22 07:21:49
6-2,1.0,Discharge,CC,18.0,3.7113,-2.2799425,0.6839801,2026-09-22 07:22:19
6-2,1.0,Discharge,CC,18.5,3.7053,-2.2799344,0.7029796,2026-09-22 07:22:49
6-2,1.0,Discharge,CC,19.0,3.6992,-2.2799315,0.721979,2026-09-22 07:23:19
6-2,1.0,Discharge,CC,19.5,3.6933,-2.2799349,0.7409785,2026-09-22 07:23:49
6-2,1.0,Discharge,CC,20.0,3.6873,-2.2799275,0.7599777,2026-09-22 07:24:19
6-2,1.0,Discharge,CC,20.5,3.6814,-2.2799251,0.7789771,2026-09-22 07:24:49
6-2,1.0,Discharge,CC,21.0,3.6756,-2.2799225,0.7979764,2026-09-22 07:25:19
6-2,1.0,Discharge,CC,21.5,3.67,-2.2799308,0.816976,2026-09-22 07:25:49
6-2,1.0,Discharge,CC,22.0,3.6642,-2.279933,0.8359754,2026-09-22 07:26:19
6-2,1.0,Discharge,CC,22.5,3.6587,-2.2799268,0.8549748,2026-09-22 07:26:49
6-2,1.0,Discharge,CC,23.0,3.6532,-2.2799275,0.8739743,2026-09-22 07:27:19
6-2,1.0,Discharge,CC,23.5,3.6479,-2.2799213,0.8929736,2026-09-22 07:27:49
6-2,1.0,Discharge,CC,24.0,3.6425,-2.2799239,0.911973,2026-09-22 07:28:19
6-2,1.0,Discharge,CC,24.5,3.6373,-2.2799342,0.9309726,2026-09-22 07:28:49
6-2,1.0,Discharge,CC,25.0,3.6322,-2.2799273,0.949972,2026-09-22 07:29:19
6-2,1.0,Discharge,CC,25.5,3.6272,-2.2799389,0.9689715,2026-09-22 07:29:49
6-2,1.0,Discharge,CC,26.0,3.6223,-2.2799306,0.9879708,2026-09-22 07:30:19
6-2,1.0,Discharge,CC,26.5,3.6175,-2.2799141,1.0069701,2026-09-22 07:30:49
6-2,1.0,Discharge,CC,27.0,3.6126,-2.2799253,1.0259695,2026-09-22 07:31:19
6-2,1.0,Discharge,CC,27.5,3.608,-2.2799275,1.044969,2026-09-22 07:31:49
6-2,1.0,Discharge,CC,28.0,3.6034,-2.2799134,1.0639682,2026-09-22 07:32:19
6-2,1.0,Discharge,CC,28.5,3.5988,-2.2799184,1.0829676,2026-09-22 07:32:49
6-2,1.0,Discharge,CC,29.0,3.5942,-2.2799323,1.101967,2026-09-22 07:33:19
6-2,1.0,Discharge,CC,29.5,3.5898,-2.2799296,1.1209664,2026-09-22 07:33:49
6-2,1.0,Discharge,CC,30.0,3.5854,-2.2799244,1.1399658,2026-09-22 07:34:19
6-2,1.0,Discharge,CC,30.5,3.581,-2.2799342,1.1589652,2026-09-22 07:34:49
6-2,1.0,Discharge,CC,31.0,3.5766,-2.2799253,1.1779646,2026-09-22 07:35:19
6-2,1.0,Discharge,CC,31.5,3.5723,-2.2799206,1.1969639,2026-09-22 07:35:49
6-2,1.0,Discharge,CC,32.0,3.568,-2.2799218,1.2159634,2026-09-22 07:36:19
6-2,1.0,Discharge,CC,32.5,3.5636,-2.2799265,1.2349628,2026-09-22 07:36:49
6-2,1.0,Discharge,CC,33.0,3.5595,-2.2799225,1.2539621,2026-09-22 07:37:19
6-2,1.0,Discharge,CC,33.5,3.5552,-2.2799342,1.2729615,2026-09-22 07:37:49
6-2,1.0,Discharge,CC,34.0,3.5509,-2.2799268,1.2919609,2026-09-22 07:38:19
6-2,1.0,Discharge,CC,34.5,3.5467,-2.2799342,1.3109603,2026-09-22 07:38:49
6-2,1.0,Discharge,CC,35.0,3.5426,-2.2799144,1.3299598,2026-09-22 07:39:19
6-2,1.0,Discharge,CC,35.5,3.5382,-2.2799428,1.3489593,2026-09-22 07:39:49
6-2,1.0,Discharge,CC,36.0,3.534,-2.2799435,1.3679588,2026-09-22 07:40:19
6-2,1.0,Discharge,CC,36.5,3.5296,-2.2799435,1.386958,2026-09-22 07:40:49
6-2,1.0,Discharge,CC,37.0,3.5253,-2.2799218,1.4059574,2026-09-22 07:41:19
6-2,1.0,Discharge,CC,37.5,3.521,-2.2799273,1.4249567,2026-09-22 07:41:49
6-2,1.0,Discharge,CC,38.0,3.5163,-2.2799211,1.443956,2026-09-22 07:42:19
6-2,1.0,Discharge,CC,38.5,3.5119,-2.2799177,1.4629553,2026-09-22 07:42:49
6-2,1.0,Discharge,CC,39.0,3.5074,-2.279923,1.4819547,2026-09-22 07:43:19
6-2,1.0,Discharge,CC,39.5,3.5027,-2.2799246,1.5009542,2026-09-22 07:43:49
6-2,1.0,Discharge,CC,40.0,3.4979,-2.2799244,1.5199535,2026-09-22 07:44:19
6-2,1.0,Discharge,CC,40.5,3.4932,-2.2799261,1.5389529,2026-09-22 07:44:49
6-2,1.0,Discharge,CC,41.0,3.4882,-2.2799411,1.5579522,2026-09-22 07:45:19
6-2,1.0,Discharge,CC,41.5,3.4833,-2.2799191,1.5769515,2026-09-22 07:45:49
6-2,1.0,Discharge,CC,42.0,3.4783,-2.2799127,1.5959508,2026-09-22 07:46:19
6-2,1.0,Discharge,CC,42.5,3.4733,-2.2799153,1.6149502,2026-09-22 07:46:49
6-2,1.0,Discharge,CC,43.0,3.4682,-2.2799067,1.6339494,2026-09-22 07:47:19
6-2,1.0,Discharge,CC,43.5,3.4631,-2.279917,1.6529487,2026-09-22 07:47:49
6-2,1.0,Discharge,CC,44.0,3.4578,-2.2799301,1.6719481,2026-09-22 07:48:19
6-2,1.0,Discharge,CC,44.5,3.4524,-2.2799218,1.6909474,2026-09-22 07:48:49
6-2,1.0,Discharge,CC,45.0,3.447,-2.2799308,1.7099468,2026-09-22 07:49:19
6-2,1.0,Discharge,CC,45.5,3.4414,-2.2799344,1.7289462,2026-09-22 07:49:49
6-2,1.0,Discharge,CC,46.0,3.4357,-2.2799308,1.7479456,2026-09-22 07:50:19
6-2,1.0,Discharge,CC,46.5,3.4299,-2.2799184,1.766945,2026-09-22 07:50:49
6-2,1.0,Discharge,CC,47.0,3.4241,-2.2799261,1.7859443,2026-09-22 07:51:19
6-2,1.0,Discharge,CC,47.5,3.4179,-2.2799244,1.8049437,2026-09-22 07:51:49
6-2,1.0,Discharge,CC,48.0,3.4116,-2.2799315,1.8239431,2026-09-22 07:52:19
6-2,1.0,Discharge,CC,48.5,3.4052,-2.2799153,1.8429425,2026-09-22 07:52:49
6-2,1.0,Discharge,CC,49.0,3.3983,-2.2799268,1.8619419,2026-09-22 07:53:19
6-2,1.0,Discharge,CC,49.5,3.3913,-2.279933,1.8809413,2026-09-22 07:53:49
6-2,1.0,Discharge,CC,50.0,3.3838,-2.279916,1.8999406,2026-09-22 07:54:19
6-2,1.0,Discharge,CC,50.5,3.376,-2.2799301,1.91894,2026-09-22 07:54:49
6-2,1.0,Discharge,CC,51.0,3.3676,-2.279922,1.9379394,2026-09-22 07:55:19
6-2,1.0,Discharge,CC,51.5,3.3587,-2.2799239,1.9569387,2026-09-22 07:55:49
6-2,1.0,Discharge,CC,52.0,3.3491,-2.2799163,1.975938,2026-09-22 07:56:19
6-2,1.0,Discharge,CC,52.5,3.3387,-2.2799211,1.9949374,2026-09-22 07:56:49
6-2,1.0,Discharge,CC,53.0,3.3273,-2.2799246,2.0139368,2026-09-22 07:57:19
6-2,1.0,Discharge,CC,53.5,3.3147,-2.2799115,2.032936,2026-09-22 07:57:49
6-2,1.0,Discharge,CC,54.0,3.301,-2.2799134,2.0519353,2026-09-22 07:58:19
6-2,1.0,Discharge,CC,54.5,3.2857,-2.2799108,2.0709345,2026-09-22 07:58:49
6-2,1.0,Discharge,CC,55.0,3.2686,-2.2799149,2.0899338,2026-09-22 07:59:19
6-2,1.0,Discharge,CC,55.5,3.2494,-2.2799122,2.1089331,2026-09-22 07:59:49
6-2,1.0,Discharge,CC,56.0,3.2273,-2.2799168,2.1279323,2026-09-22 08:00:19
6-2,1.0,Discharge,CC,56.5,3.2009,-2.2799232,2.1469317,2026-09-22 08:00:49
6-2,1.0,Discharge,CC,57.0,3.1683,-2.2799265,2.1659311,2026-09-22 08:01:19
6-2,1.0,Discharge,CC,57.5,3.1255,-2.279933,2.1849303,2026-09-22 08:01:49
6-2,1.0,Discharge,CC,58.0,3.0688,-2.2799258,2.2039297,2026-09-22 08:02:19
6-2,1.0,Discharge,CC,58.45,3.0,-2.2799273,2.2213459,2026-09-22 08:02:47
6-2,1.0,Charge,CC,0.0,3.5954,2.2792511,0.0,2026-09-22 10:02:46
6-2,1.0,Charge,CC,0.5,3.7437,2.279819,0.0189984,2026-09-22 10:03:16
6-2,1.0,Charge,CC,1.0,3.816,2.2798116,0.0379968,2026-09-22 10:03:46
6-2,1.0,Charge,CC,1.5,3.864,2.2798245,0.0569954,2026-09-22 10:04:16
6-2,1.0,Charge,CC,2.0,3.8896,2.2798204,0.075994,2026-09-22 10:04:46
6-2,1.0,Charge,CC,2.5,3.9029,2.2798228,0.0949925,2026-09-22 10:05:16
6-2,1.0,Charge,CC,3.0,3.9111,2.2798193,0.113991,2026-09-22 10:05:46
6-2,1.0,Charge,CC,3.5,3.9173,2.2798276,0.1329896,2026-09-22 10:06:16
6-2,1.0,Charge,CC,4.0,3.923,2.2798033,0.1519879,2026-09-22 10:06:46
6-2,1.0,Charge,CC,4.5,3.9286,2.2798116,0.1709864,2026-09-22 10:07:16
6-2,1.0,Charge,CC,5.0,3.9339,2.2798226,0.189985,2026-09-22 10:07:46
6-2,1.0,Charge,CC,5.5,3.939,2.2798138,0.2089835,2026-09-22 10:08:16
6-2,1.0,Charge,CC,6.0,3.9441,2.2798145,0.2279819,2026-09-22 10:08:46
6-2,1.0,Charge,CC,6.5,3.9489,2.2798142,0.2469805,2026-09-22 10:09:16
6-2,1.0,Charge,CC,7.0,3.9537,2.2798276,0.2659791,2026-09-22 10:09:46
6-2,1.0,Charge,CC,7.5,3.958,2.2798374,0.2849777,2026-09-22 10:10:16
6-2,1.0,Charge,CC,8.0,3.9621,2.2798221,0.3039762,2026-09-22 10:10:46
6-2,1.0,Charge,CC,8.5,3.9657,2.279815,0.3229746,2026-09-22 10:11:16
6-2,1.0,Charge,CC,9.0,3.9688,2.2798033,0.341973,2026-09-22 10:11:46
6-2,1.0,Charge,CC,9.5,3.9721,2.2798226,0.3609716,2026-09-22 10:12:16
6-2,1.0,Charge,CC,10.0,3.9749,2.2798204,0.3799701,2026-09-22 10:12:46
6-2,1.0,Charge,CC,10.5,3.9777,2.2798266,0.3989687,2026-09-22 10:13:16
6-2,1.0,Charge,CC,11.0,3.9804,2.2798252,0.4179671,2026-09-22 10:13:46
6-2,1.0,Charge,CC,11.5,3.9832,2.2798152,0.4369655,2026-09-22 10:14:16
6-2,1.0,Charge,CC,12.0,3.9858,2.2798183,0.455964,2026-09-22 10:14:46
6-2,1.0,Charge,CC,12.5,3.9886,2.279808,0.4749625,2026-09-22 10:15:16
6-2,1.0,Charge,CC,13.0,3.9914,2.2798259,0.4939611,2026-09-22 10:15:46
6-2,1.0,Charge,CC,13.5,3.994,2.2798085,0.5129595,2026-09-22 10:16:16
6-2,1.0,Charge,CC,14.0,3.9968,2.2798061,0.5319579,2026-09-22 10:16:46
6-2,1.0,Charge,CC,14.5,3.9994,2.2798018,0.5509563,2026-09-22 10:17:16
6-2,1.0,Charge,CC,15.0,4.0019,2.2798123,0.5699547,2026-09-22 10:17:46
6-2,1.0,Charge,CC,15.5,4.0043,2.279804,0.5889531,2026-09-22 10:18:16
6-2,1.0,Charge,CC,16.0,4.0067,2.2798026,0.6079514,2026-09-22 10:18:46
6-2,1.0,Charge,CC,16.5,4.009,2.2798076,0.6269498,2026-09-22 10:19:16
6-2,1.0,Charge,CC,17.0,4.0112,2.279803,0.6459483,2026-09-22 10:19:46
6-2,1.0,Charge,CC,17.5,4.0135,2.2798114,0.6649467,2026-09-22 10:20:16
6-2,1.0,Charge,CC,18.0,4.0158,2.2798138,0.6839452,2026-09-22 10:20:46
6-2,1.0,Charge,CC,18.5,4.0179,2.2798185,0.7029435,2026-09-22 10:21:16
6-2,1.0,Charge,CC,19.0,4.0201,2.2798183,0.721942,2026-09-22 10:21:46
6-2,1.0,Charge,CC,19.5,4.0223,2.2798107,0.7409404,2026-09-22 10:22:16
6-2,1.0,Charge,CC,20.0,4.0245,2.2798009,0.7599389,2026-09-22 10:22:46
6-2,1.0,Charge,CC,20.5,4.0266,2.2798114,0.7789373,2026-09-22 10:23:16
6-2,1.0,Charge,CC,21.0,4.0289,2.2798054,0.7979357,2026-09-22 10:23:46
6-2,1.0,Charge,CC,21.5,4.031,2.2798109,0.8169341,2026-09-22 10:24:16
6-2,1.0,Charge,CC,22.0,4.0332,2.2798176,0.8359326,2026-09-22 10:24:46
6-2,1.0,Charge,CC,22.5,4.0355,2.2798066,0.854931,2026-09-22 10:25:16
6-2,1.0,Charge,CC,23.0,4.0377,2.2798123,0.8739294,2026-09-22 10:25:46
6-2,1.0,Charge,CC,23.5,4.0399,2.2798131,0.8929279,2026-09-22 10:26:16
6-2,1.0,Charge,CC,24.0,4.0422,2.2798131,0.9119263,2026-09-22 10:26:46
6-2,1.0,Charge,CC,24.5,4.0445,2.2798164,0.9309248,2026-09-22 10:27:16
6-2,1.0,Charge,CC,25.0,4.0469,2.2798011,0.9499232,2026-09-22 10:27:46
6-2,1.0,Charge,CC,25.5,4.0491,2.2798193,0.9689217,2026-09-22 10:28:16
6-2,1.0,Charge,CC,26.0,4.0515,2.2798131,0.9879201,2026-09-22 10:28:46
6-2,1.0,Charge,CC,26.5,4.0538,2.279824,1.0069186,2026-09-22 10:29:16
6-2,1.0,Charge,CC,27.0,4.0563,2.2798061,1.025917,2026-09-22 10:29:46
6-2,1.0,Charge,CC,27.5,4.0588,2.2798197,1.0449156,2026-09-22 10:30:16
6-2,1.0,Charge,CC,28.0,4.0612,2.279819,1.063914,2026-09-22 10:30:46
6-2,1.0,Charge,CC,28.5,4.0638,2.2798233,1.0829126,2026-09-22 10:31:16
6-2,1.0,Charge,CC,29.0,4.0663,2.2798228,1.1019111,2026-09-22 10:31:46
6-2,1.0,Charge,CC,29.5,4.0689,2.2798076,1.1209095,2026-09-22 10:32:16
6-2,1.0,Charge,CC,30.0,4.0716,2.2798193,1.139908,2026-09-22 10:32:46
6-2,1.0,Charge,CC,30.5,4.0741,2.2798033,1.1589063,2026-09-22 10:33:16
6-2,1.0,Charge,CC,31.0,4.0769,2.2798164,1.1779048,2026-09-22 10:33:46
6-2,1.0,Charge,CC,31.5,4.0797,2.279819,1.1969033,2026-09-22 10:34:16
6-2,1.0,Charge,CC,32.0,4.0823,2.2798212,1.2159017,2026-09-22 10:34:46
6-2,1.0,Charge,CC,32.5,4.0852,2.2798316,1.2349003,2026-09-22 10:35:16
6-2,1.0,Charge,CC,33.0,4.0882,2.2798238,1.2538989,2026-09-22 10:35:46
6-2,1.0,Charge,CC,33.5,4.0911,2.2798109,1.2728974,2026-09-22 10:36:16
6-2,1.0,Charge,CC,34.0,4.0941,2.2798197,1.2918959,2026-09-22 10:36:46
6-2,1.0,Charge,CC,34.5,4.097,2.2798092,1.3108943,2026-09-22 10:37:16
6-2,1.0,Charge,CC,35.0,4.1002,2.2798088,1.3298928,2026-09-22 10:37:46
6-2,1.0,Charge,CC,35.5,4.1034,2.279815,1.3488912,2026-09-22 10:38:16
6-2,1.0,Charge,CC,36.0,4.1067,2.2798109,1.3678896,2026-09-22 10:38:46
6-2,1.0,Charge,CC,36.5,4.11,2.2798128,1.386888,2026-09-22 10:39:16
6-2,1.0,Charge,CC,37.0,4.1133,2.2798207,1.4058865,2026-09-22 10:39:46
6-2,1.0,Charge,CC,37.5,4.1169,2.2798121,1.424885,2026-09-22 10:40:16
6-2,1.0,Charge,CC,38.0,4.1204,2.2798247,1.4438834,2026-09-22 10:40:46
6-2,1.0,Charge,CC,38.5,4.1241,2.2798207,1.4628819,2026-09-22 10:41:16
6-2,1.0,Charge,CC,39.0,4.1278,2.2798328,1.4818805,2026-09-22 10:41:46
6-2,1.0,Charge,CC,39.5,4.1318,2.2798324,1.500879,2026-09-22 10:42:16
6-2,1.0,Charge,CC,40.0,4.1357,2.2798276,1.5198776,2026-09-22 10:42:46
6-2,1.0,Charge,CC,40.5,4.1399,2.2798095,1.538876,2026-09-22 10:43:16
6-2,1.0,Charge,CC,41.0,4.144,2.2798219,1.5578746,2026-09-22 10:43:46
6-2,1.0,Charge,CC,41.5,4.1485,2.2798183,1.576873,2026-09-22 10:44:16
6-2,1.0,Charge,CC,42.0,4.153,2.2798176,1.5958715,2026-09-22 10:44:46
6-2,1.0,Charge,CC,42.5,4.1576,2.2798142,1.61487,2026-09-22 10:45:16
6-2,1.0,Charge,CC,43.0,4.1623,2.27982,1.6338685,2026-09-22 10:45:46
6-2,1.0,Charge,CC,43.5,4.1673,2.2798176,1.6528669,2026-09-22 10:46:16
6-2,1.0,Charge,CC,44.0,4.1726,2.2798274,1.6718655,2026-09-22 10:46:46
6-2,1.0,Charge,CC,44.5,4.1779,2.2798228,1.690864,2026-09-22 10:47:16
6-2,1.0,Charge,CC,45.0,4.1834,2.2798193,1.7098625,2026-09-22 10:47:46
6-2,1.0,Charge,CC,45.5,4.1891,2.2798138,1.728861,2026-09-22 10:48:16
6-2,1.0,Charge,CC,46.0,4.1951,2.27981,1.7478594,2026-09-22 10:48:46
6-2,1.0,Charge,CC,46.416666666666664,4.2,2.2798088,1.7636914,2026-09-22 10:49:11
6-2,2.0,Discharge,CC,0.0,4.0265,-4.5581717,0.0,2026-09-22 13:21:26
6-2,2.0,Discharge,CC,0.5,3.8938,-4.5596423,0.0379965,2026-09-22 13:21:56
6-2,2.0,Discharge,CC,1.0,3.8435,-4.5596242,0.0759934,2026-09-22 13:22:26
6-2,2.0,Discharge,CC,1.5,3.8087,-4.5596108,0.1139901,2026-09-22 13:22:56
6-2,2.0,Discharge,CC,2.0,3.7819,-4.5596123,0.151987,2026-09-22 13:23:26
6-2,2.0,Discharge,CC,2.5,3.7595,-4.5596161,0.1899838,2026-09-22 13:23:56
6-2,2.0,Discharge,CC,3.0,3.7401,-4.5596123,0.2279806,2026-09-22 13:24:26
6-2,2.0,Discharge,CC,3.5,3.7226,-4.5596066,0.2659772,2026-09-22 13:24:56
6-2,2.0,Discharge,CC,4.0,3.7066,-4.5596161,0.303974,2026-09-22 13:25:26
6-2,2.0,Discharge,CC,4.5,3.6913,-4.5595894,0.3419706,2026-09-22 13:25:56
6-2,2.0,Discharge,CC,5.0,3.6766,-4.5596189,0.3799673,2026-09-22 13:26:26
6-2,2.0,Discharge,CC,5.5,3.6623,-4.5595956,0.4179639,2026-09-22 13:26:56
6-2,2.0,Discharge,CC,6.0,3.6486,-4.5596185,0.4559607,2026-09-22 13:27:26
6-2,2.0,Discharge,CC,6.5,3.6351,-4.5596147,0.4939572,2026-09-22 13:27:56
6-2,2.0,Discharge,CC,7.0,3.6218,-4.5596108,0.5319539,2026-09-22 13:28:26
6-2,2.0,Discharge,CC,7.5,3.609,-4.559617,0.5699508,2026-09-22 13:28:56
6-2,2.0,Discharge,CC,8.0,3.5964,-4.559587,0.6079473,2026-09-22 13:29:26
6-2,2.0,Discharge,CC,8.5,3.5843,-4.5595832,0.6459439,2026-09-22 13:29:56
6-2,2.0,Discharge,CC,9.0,3.5724,-4.5596094,0.6839406,2026-09-22 13:30:26
6-2,2.0,Discharge,CC,9.5,3.5608,-4.5596123,0.7219373,2026-09-22 13:30:56
6-2,2.0,Discharge,CC,10.0,3.5496,-4.5596275,0.7599342,2026-09-22 13:31:26
6-2,2.0,Discharge,CC,10.5,3.5388,-4.5596199,0.797931,2026-09-22 13:31:56
6-2,2.0,Discharge,CC,11.0,3.5281,-4.5596075,0.8359276,2026-09-22 13:32:26
6-2,2.0,Discharge,CC,11.5,3.5178,-4.5596342,0.8739246,2026-09-22 13:32:56
6-2,2.0,Discharge,CC,12.0,3.5077,-4.5596228,0.9119214,2026-09-22 13:33:26
6-2,2.0,Discharge,CC,12.5,3.4976,-4.5596199,0.949918,2026-09-22 13:33:56
6-2,2.0,Discharge,CC,13.0,3.4876,-4.5596228,0.9879149,2026-09-22 13:34:26
6-2,2.0,Discharge,CC,13.5,3.4776,-4.5596137,1.0259117,2026-09-22 13:34:56
6-2,2.0,Discharge,CC,14.0,3.4677,-4.5596189,1.0639083,2026-09-22 13:35:26
6-2,2.0,Discharge,CC,14.5,3.4578,-4.5595937,1.101905,2026-09-22 13:35:56
6-2,2.0,Discharge,CC,15.0,3.4477,-4.559608,1.1399017,2026-09-22 13:36:26
6-2,2.0,Discharge,CC,15.5,3.4378,-4.559597,1.1778985,2026-09-22 13:36:56
6-2,2.0,Discharge,CC,16.0,3.4277,-4.5596075,1.2158953,2026-09-22 13:37:26
6-2,2.0,Discharge,CC,16.5,3.4177,-4.5596151,1.253892,2026-09-22 13:37:56
6-2,2.0,Discharge,CC,17.0,3.4074,-4.5596075,1.2918887,2026-09-22 13:38:26
6-2,2.0,Discharge,CC,17.5,3.3971,-4.5596299,1.3298856,2026-09-22 13:38:56
6-2,2.0,Discharge,CC,18.0,3.3865,-4.5596285,1.3678825,2026-09-22 13:39:26
6-2,2.0,Discharge,CC,18.5,3.3758,-4.5596299,1.4058791,2026-09-22 13:39:56
6-2,2.0,Discharge,CC,19.0,3.3648,-4.5596261,1.443876,2026-09-22 13:40:26
6-2,2.0,Discharge,CC,19.5,3.3534,-4.5596285,1.4818729,2026-09-22 13:40:56
6-2,2.0,Discharge,CC,20.0,3.3419,-4.5595956,1.5198693,2026-09-22 13:41:26
6-2,2.0,Discharge,CC,20.5,3.3299,-4.5595956,1.557866,2026-09-22 13:41:56
6-2,2.0,Discharge,CC,21.0,3.3174,-4.5596037,1.5958627,2026-09-22 13:42:26
6-2,2.0,Discharge,CC,21.5,3.3047,-4.5596161,1.6338596,2026-09-22 13:42:56
6-2,2.0,Discharge,CC,22.0,3.2915,-4.5596008,1.6718563,2026-09-22 13:43:26
6-2,2.0,Discharge,CC,22.5,3.2777,-4.5596094,1.7098531,2026-09-22 13:43:56
6-2,2.0,Discharge,CC,23.0,3.2633,-4.5596094,1.7478501,2026-09-22 13:44:26
6-2,2.0,Discharge,CC,23.5,3.2482,-4.5596037,1.7858468,2026-09-22 13:44:56
6-2,2.0,Discharge,CC,24.0,3.2322,-4.5596161,1.8238436,2026-09-22 13:45:26
6-2,2.0,Discharge,CC,24.5,3.2153,-4.5596151,1.8618408,2026-09-22 13:45:56
6-2,2.0,Discharge,CC,25.0,3.1969,-4.5596452,1.8998379,2026-09-22 13:46:26
6-2,2.0,Discharge,CC,25.5,3.1767,-4.5596199,1.9378347,2026-09-22 13:46:56
6-2,2.0,Discharge,CC,26.0,3.1542,-4.5595956,1.9758314,2026-09-22 13:47:26
6-2,2.0,Discharge,CC,26.5,3.1286,-4.5596061,2.0138281,2026-09-22 13:47:56
6-2,2.0,Discharge,CC,27.0,3.0986,-4.5596147,2.0518249,2026-09-22 13:48:26
6-2,2.0,Discharge,CC,27.5,3.062,-4.5596066,2.0898216,2026-09-22 13:48:56
6-2,2.0,Discharge,CC,28.0,3.0156,-4.5596104,2.1278183,2026-09-22 13:49:26
6-2,2.0,Discharge,CC,28.133333333333333,2.9998,-4.5596185,2.1387107,2026-09-22 13:49:35
6-2,2.0,Charge,CC,0.0,3.8239,4.5577111,0.0,2026-09-22 15:49:35
6-2,2.0,Charge,CC,0.5,3.9883,4.5599794,0.0379992,2026-09-22 15:50:05
6-2,2.0,Charge,CC,1.0,4.0318,4.5599556,0.0759989,2026-09-22 15:50:35
6-2,2.0,Charge,CC,1.5,4.0571,4.5599532,0.1139985,2026-09-22 15:51:05
6-2,2.0,Charge,CC,2.0,4.0737,4.5599327,0.1519982,2026-09-22 15:51:35
6-2,2.0,Charge,CC,2.5,4.0849,4.5599008,0.1899974,2026-09-22 15:52:05
6-2,2.0,Charge,CC,3.0,4.0926,4.5599203,0.2279967,2026-09-22 15:52:35
6-2,2.0,Charge,CC,3.5,4.0987,4.5599284,0.2659965,2026-09-22 15:53:05
6-2,2.0,Charge,CC,4.0,4.1039,4.5599375,0.303996,2026-09-22 15:53:35
6-2,2.0,Charge,CC,4.5,4.1087,4.5599174,0.3419953,2026-09-22 15:54:05
6-2,2.0,Charge,CC,5.0,4.1134,4.5598974,0.3799942,2026-09-22 15:54:35
6-2,2.0,Charge,CC,5.5,4.118,4.5598841,0.4179932,2026-09-22 15:55:05
6-2,2.0,Charge,CC,6.0,4.1229,4.5598979,0.4559923,2026-09-22 15:55:35
6-2,2.0,Charge,CC,6.5,4.1277,4.5599098,0.4939917,2026-09-22 15:56:05
6-2,2.0,Charge,CC,7.0,4.1328,4.5599141,0.531991,2026-09-22 15:56:35
6-2,2.0,Charge,CC,7.5,4.1379,4.5598726,0.56999,2026-09-22 15:57:05
6-2,2.0,Charge,CC,8.0,4.1433,4.5598793,0.6079891,2026-09-22 15:57:35
6-2,2.0,Charge,CC,8.5,4.1487,4.5599036,0.6459883,2026-09-22 15:58:05
6-2,2.0,Charge,CC,9.0,4.1543,4.5598869,0.6839874,2026-09-22 15:58:35
6-2,2.0,Charge,CC,9.5,4.1599,4.5599098,0.7219867,2026-09-22 15:59:05
6-2,2.0,Charge,CC,10.0,4.1656,4.5599098,0.7599859,2026-09-22 15:59:35
6-2,2.0,Charge,CC,10.5,4.1712,4.559895,0.797985,2026-09-22 16:00:05
6-2,2.0,Charge,CC,11.0,4.1766,4.5599117,0.8359842,2026-09-22 16:00:35
6-2,2.0,Charge,CC,11.5,4.1819,4.5598974,0.8739834,2026-09-22 16:01:05
6-2,2.0,Charge,CC,12.0,4.1869,4.559906,0.9119826,2026-09-22 16:01:35
6-2,2.0,Charge,CC,12.5,4.1915,4.5598602,0.9499817,2026-09-22 16:02:05
6-2,2.0,Charge,CC,13.0,4.1958,4.5598884,0.9879808,2026-09-22 16:02:35
6-2,2.0,Charge,CC,13.5,4.1998,4.5599036,1.02598,2026-09-22 16:03:05
6-2,2.0,Charge,CC,13.533333333333333,4.2,4.5598893,1.0281333,2026-09-22 16:03:06
